{"timestamp":"2026-09-07T13:24:42.541675Z","level":"INFO","fields":{"message":"python/3.14.4; huggingface_hub/1.28.0; hf_xet/1.6.0; , xet-core revision de71453-modified"},"filename":"D:\\a\\xet-core\\xet-core\\xet_runtime\\src\\logging\\init.rs","line_number":71}
{"timestamp":"2026-09-07T13:24:42.542414Z","level":"INFO","fields":{"message":"hf_xet logging configured."},"filename":"src\\logging.rs","line_number":36}
{"timestamp":"2026-09-07T13:24:42.542615Z","level":"INFO","fields":{"message":"Config: min_spacing_between_global_dedup_queries = 256 (default)"},"filename":"D:\\a\\xet-core\\xet-core\\xet_runtime\\src\\utils\\configuration_utils.rs","line_number":54}
{"timestamp":"2026-09-07T13:24:42.542626Z","level":"INFO","fields":{"message":"Config: local_cas_scheme = \"local://\" (default)"},"filename":"D:\\a\\xet-core\\xet-core\\xet_runtime\\src\\utils\\configuration_utils.rs","line_number":54}
{"timestamp":"2026-09-07T13:24:42.542638Z","level":"INFO","fields":{"message":"Config: max_concurrent_file_ingestion = 8 (default)"},"filename":"D:\\a\\xet-core\\xet-core\\xet_runtime\\src\\utils\\configuration_utils.rs","line_number":54}
{"timestamp":"2026-09-07T13:24:42.542644Z","level":"INFO","fields":{"message":"Config: max_concurrent_file_downloads = 8 (default)"},"filename":"D:\\a\\xet-core\\xet-core\\xet_runtime\\src\\utils\\configuration_utils.rs","line_number":54}
{"timestamp":"2026-09-07T13:24:42.542650Z","level":"INFO","fields":{"message":"Config: ingestion_block_size = 8MB (default)"},"filename":"D:\\a\\xet-core\\xet-core\\xet_runtime\\src\\utils\\configuration_utils.rs","line_number":54}
{"timestamp":"2026-09-07T13:24:42.543055Z","level":"INFO","fields":{"message":"Config: progress_update_interval = 200ms (default)"},"filename":"D:\\a\\xet-core\\xet-core\\xet_runtime\\src\\utils\\configuration_utils.rs","line_number":54}
{"timestamp":"2026-09-07T13:24:42.543077Z","level":"INFO","fields":{"message":"Config: progress_update_speed_sampling_window = 10s (default)"},"filename":"D:\\a\\xet-core\\xet-core\\xet_runtime\\src\\utils\\configuration_utils.rs","line_number":54}
{"timestamp":"2026-09-07T13:24:42.543084Z","level":"INFO","fields":{"message":"Config: progress_update_speed_min_observations = 4 (default)"},"filename":"D:\\a\\xet-core\\xet-core\\xet_runtime\\src\\utils\\configuration_utils.rs","line_number":54}
{"timestamp":"2026-09-07T13:24:42.543091Z","level":"INFO","fields":{"message":"Config: session_xorb_metadata_flush_interval = 20s (default)"},"filename":"D:\\a\\xet-core\\xet-core\\xet_runtime\\src\\utils\\configuration_utils.rs","line_number":54}
{"timestamp":"2026-09-07T13:24:42.543098Z","level":"INFO","fields":{"message":"Config: session_xorb_metadata_flush_max_count = 64 (default)"},"filename":"D:\\a\\xet-core\\xet-core\\xet_runtime\\src\\utils\\configuration_utils.rs","line_number":54}
{"timestamp":"2026-09-07T13:24:42.543104Z","level":"INFO","fields":{"message":"Config: default_cas_endpoint = \"http://localhost:8080\" (default)"},"filename":"D:\\a\\xet-core\\xet-core\\xet_runtime\\src\\utils\\configuration_utils.rs","line_number":54}
{"timestamp":"2026-09-07T13:24:42.543110Z","level":"INFO","fields":{"message":"Config: aggregate_progress = true (default)"},"filename":"D:\\a\\xet-core\\xet-core\\xet_runtime\\src\\utils\\configuration_utils.rs","line_number":54}
{"timestamp":"2026-09-07T13:24:42.543115Z","level":"INFO","fields":{"message":"Config: default_prefix = \"default\" (default)"},"filename":"D:\\a\\xet-core\\xet-core\\xet_runtime\\src\\utils\\configuration_utils.rs","line_number":54}
{"timestamp":"2026-09-07T13:24:42.543121Z","level":"INFO","fields":{"message":"Config: staging_subdir = \"staging\" (default)"},"filename":"D:\\a\\xet-core\\xet-core\\xet_runtime\\src\\utils\\configuration_utils.rs","line_number":54}
{"timestamp":"2026-09-07T13:24:42.543126Z","level":"INFO","fields":{"message":"Config: target_size = 67108864 (default)"},"filename":"D:\\a\\xet-core\\xet-core\\xet_runtime\\src\\utils\\configuration_utils.rs","line_number":54}
{"timestamp":"2026-09-07T13:24:42.543132Z","level":"INFO","fields":{"message":"Config: max_target_size = 67108864 (default)"},"filename":"D:\\a\\xet-core\\xet-core\\xet_runtime\\src\\utils\\configuration_utils.rs","line_number":54}
{"timestamp":"2026-09-07T13:24:42.543139Z","level":"INFO","fields":{"message":"Config: cache_size_limit = 16GB (default)"},"filename":"D:\\a\\xet-core\\xet-core\\xet_runtime\\src\\utils\\configuration_utils.rs","line_number":54}
{"timestamp":"2026-09-07T13:24:42.543146Z","level":"INFO","fields":{"message":"Config: chunk_index_table_max_size = 67108864 (default)"},"filename":"D:\\a\\xet-core\\xet-core\\xet_runtime\\src\\utils\\configuration_utils.rs","line_number":54}
{"timestamp":"2026-09-07T13:24:42.543152Z","level":"INFO","fields":{"message":"Config: cache_subdir = \"shard-cache\" (default)"},"filename":"D:\\a\\xet-core\\xet-core\\xet_runtime\\src\\utils\\configuration_utils.rs","line_number":54}
{"timestamp":"2026-09-07T13:24:42.543157Z","level":"INFO","fields":{"message":"Config: nranges_in_streaming_fragmentation_estimator = 128 (default)"},"filename":"D:\\a\\xet-core\\xet-core\\xet_runtime\\src\\utils\\configuration_utils.rs","line_number":54}
{"timestamp":"2026-09-07T13:24:42.543163Z","level":"INFO","fields":{"message":"Config: min_n_chunks_per_range_hysteresis_factor = 0.5 (default)"},"filename":"D:\\a\\xet-core\\xet-core\\xet_runtime\\src\\utils\\configuration_utils.rs","line_number":54}
{"timestamp":"2026-09-07T13:24:42.543196Z","level":"INFO","fields":{"message":"Config: min_n_chunks_per_range = 8.0 (default)"},"filename":"D:\\a\\xet-core\\xet-core\\xet_runtime\\src\\utils\\configuration_utils.rs","line_number":54}
{"timestamp":"2026-09-07T13:24:42.543208Z","level":"INFO","fields":{"message":"Config: global_dedup_query_enabled = true (default)"},"filename":"D:\\a\\xet-core\\xet-core\\xet_runtime\\src\\utils\\configuration_utils.rs","line_number":54}
{"timestamp":"2026-09-07T13:24:42.543213Z","level":"INFO","fields":{"message":"Config: size_bytes = 0 (default)"},"filename":"D:\\a\\xet-core\\xet-core\\xet_runtime\\src\\utils\\configuration_utils.rs","line_number":54}
{"timestamp":"2026-09-07T13:24:42.543218Z","level":"INFO","fields":{"message":"Config: retry_max_attempts = 5 (default)"},"filename":"D:\\a\\xet-core\\xet-core\\xet_runtime\\src\\utils\\configuration_utils.rs","line_number":54}
{"timestamp":"2026-09-07T13:24:42.543223Z","level":"INFO","fields":{"message":"Config: retry_base_delay = 3s (default)"},"filename":"D:\\a\\xet-core\\xet-core\\xet_runtime\\src\\utils\\configuration_utils.rs","line_number":54}
{"timestamp":"2026-09-07T13:24:42.543228Z","level":"INFO","fields":{"message":"Config: retry_max_duration = 360s (default)"},"filename":"D:\\a\\xet-core\\xet-core\\xet_runtime\\src\\utils\\configuration_utils.rs","line_number":54}
{"timestamp":"2026-09-07T13:24:42.543233Z","level":"INFO","fields":{"message":"Config: idle_connection_timeout = 60s (default)"},"filename":"D:\\a\\xet-core\\xet-core\\xet_runtime\\src\\utils\\configuration_utils.rs","line_number":54}
{"timestamp":"2026-09-07T13:24:42.543238Z","level":"INFO","fields":{"message":"Config: max_idle_connections = 16 (default)"},"filename":"D:\\a\\xet-core\\xet-core\\xet_runtime\\src\\utils\\configuration_utils.rs","line_number":54}
{"timestamp":"2026-09-07T13:24:42.543243Z","level":"INFO","fields":{"message":"Config: connect_timeout = 60s (default)"},"filename":"D:\\a\\xet-core\\xet-core\\xet_runtime\\src\\utils\\configuration_utils.rs","line_number":54}
{"timestamp":"2026-09-07T13:24:42.543247Z","level":"INFO","fields":{"message":"Config: read_timeout = 300s (default)"},"filename":"D:\\a\\xet-core\\xet-core\\xet_runtime\\src\\utils\\configuration_utils.rs","line_number":54}
{"timestamp":"2026-09-07T13:24:42.543253Z","level":"INFO","fields":{"message":"Config: upload_reporting_block_size = 524288 (default)"},"filename":"D:\\a\\xet-core\\xet-core\\xet_runtime\\src\\utils\\configuration_utils.rs","line_number":54}
{"timestamp":"2026-09-07T13:24:42.543258Z","level":"INFO","fields":{"message":"Config: enable_adaptive_concurrency = true (default)"},"filename":"D:\\a\\xet-core\\xet-core\\xet_runtime\\src\\utils\\configuration_utils.rs","line_number":54}
{"timestamp":"2026-09-07T13:24:42.543263Z","level":"INFO","fields":{"message":"Config: ac_min_adjustment_window_ms = 500 (default)"},"filename":"D:\\a\\xet-core\\xet-core\\xet_runtime\\src\\utils\\configuration_utils.rs","line_number":54}
{"timestamp":"2026-09-07T13:24:42.543269Z","level":"INFO","fields":{"message":"Config: ac_min_bytes_required_for_adjustment = 20MB (default)"},"filename":"D:\\a\\xet-core\\xet-core\\xet_runtime\\src\\utils\\configuration_utils.rs","line_number":54}
{"timestamp":"2026-09-07T13:24:42.543275Z","level":"INFO","fields":{"message":"Config: ac_num_transmissions_required_for_adjustment = 1 (default)"},"filename":"D:\\a\\xet-core\\xet-core\\xet_runtime\\src\\utils\\configuration_utils.rs","line_number":54}
{"timestamp":"2026-09-07T13:24:42.543279Z","level":"INFO","fields":{"message":"Config: ac_latency_rtt_half_life = 64.0 (default)"},"filename":"D:\\a\\xet-core\\xet-core\\xet_runtime\\src\\utils\\configuration_utils.rs","line_number":54}
{"timestamp":"2026-09-07T13:24:42.543285Z","level":"INFO","fields":{"message":"Config: ac_success_tracking_half_life = 8.0 (default)"},"filename":"D:\\a\\xet-core\\xet-core\\xet_runtime\\src\\utils\\configuration_utils.rs","line_number":54}
{"timestamp":"2026-09-07T13:24:42.543290Z","level":"INFO","fields":{"message":"Config: ac_target_rtt = 60s (default)"},"filename":"D:\\a\\xet-core\\xet-core\\xet_runtime\\src\\utils\\configuration_utils.rs","line_number":54}
{"timestamp":"2026-09-07T13:24:42.543295Z","level":"INFO","fields":{"message":"Config: ac_max_healthy_rtt = 90s (default)"},"filename":"D:\\a\\xet-core\\xet-core\\xet_runtime\\src\\utils\\configuration_utils.rs","line_number":54}
{"timestamp":"2026-09-07T13:24:42.543301Z","level":"INFO","fields":{"message":"Config: ac_rtt_success_max_quantile = 0.95 (default)"},"filename":"D:\\a\\xet-core\\xet-core\\xet_runtime\\src\\utils\\configuration_utils.rs","line_number":54}
{"timestamp":"2026-09-07T13:24:42.543306Z","level":"INFO","fields":{"message":"Config: ac_healthy_success_ratio_threshold = 0.8 (default)"},"filename":"D:\\a\\xet-core\\xet-core\\xet_runtime\\src\\utils\\configuration_utils.rs","line_number":54}
{"timestamp":"2026-09-07T13:24:42.543311Z","level":"INFO","fields":{"message":"Config: ac_unhealthy_success_ratio_threshold = 0.5 (default)"},"filename":"D:\\a\\xet-core\\xet-core\\xet_runtime\\src\\utils\\configuration_utils.rs","line_number":54}
{"timestamp":"2026-09-07T13:24:42.543316Z","level":"INFO","fields":{"message":"Config: ac_max_reference_transmission_size = 64MB (default)"},"filename":"D:\\a\\xet-core\\xet-core\\xet_runtime\\src\\utils\\configuration_utils.rs","line_number":54}
{"timestamp":"2026-09-07T13:24:42.543322Z","level":"INFO","fields":{"message":"Config: ac_min_reference_transmission_size = 1MB (default)"},"filename":"D:\\a\\xet-core\\xet-core\\xet_runtime\\src\\utils\\configuration_utils.rs","line_number":54}
{"timestamp":"2026-09-07T13:24:42.543326Z","level":"INFO","fields":{"message":"Config: ac_logging_interval_ms = 10000 (default)"},"filename":"D:\\a\\xet-core\\xet-core\\xet_runtime\\src\\utils\\configuration_utils.rs","line_number":54}
{"timestamp":"2026-09-07T13:24:42.543332Z","level":"INFO","fields":{"message":"Config: ac_max_upload_concurrency = 64 (default)"},"filename":"D:\\a\\xet-core\\xet-core\\xet_runtime\\src\\utils\\configuration_utils.rs","line_number":54}
{"timestamp":"2026-09-07T13:24:42.543338Z","level":"INFO","fields":{"message":"Config: ac_min_upload_concurrency = 1 (default)"},"filename":"D:\\a\\xet-core\\xet-core\\xet_runtime\\src\\utils\\configuration_utils.rs","line_number":54}
{"timestamp":"2026-09-07T13:24:42.543344Z","level":"INFO","fields":{"message":"Config: ac_initial_upload_concurrency = 2 (default)"},"filename":"D:\\a\\xet-core\\xet-core\\xet_runtime\\src\\utils\\configuration_utils.rs","line_number":54}
{"timestamp":"2026-09-07T13:24:42.543349Z","level":"INFO","fields":{"message":"Config: ac_max_download_concurrency = 64 (default)"},"filename":"D:\\a\\xet-core\\xet-core\\xet_runtime\\src\\utils\\configuration_utils.rs","line_number":54}
{"timestamp":"2026-09-07T13:24:42.543355Z","level":"INFO","fields":{"message":"Config: ac_min_download_concurrency = 1 (default)"},"filename":"D:\\a\\xet-core\\xet-core\\xet_runtime\\src\\utils\\configuration_utils.rs","line_number":54}
{"timestamp":"2026-09-07T13:24:42.543360Z","level":"INFO","fields":{"message":"Config: ac_initial_download_concurrency = 4 (default)"},"filename":"D:\\a\\xet-core\\xet-core\\xet_runtime\\src\\utils\\configuration_utils.rs","line_number":54}
{"timestamp":"2026-09-07T13:24:42.543365Z","level":"INFO","fields":{"message":"Config: unix_socket_path = None (default)"},"filename":"D:\\a\\xet-core\\xet-core\\xet_runtime\\src\\utils\\configuration_utils.rs","line_number":54}
{"timestamp":"2026-09-07T13:24:42.543370Z","level":"INFO","fields":{"message":"Config: reconstruction_api_version = None (default)"},"filename":"D:\\a\\xet-core\\xet-core\\xet_runtime\\src\\utils\\configuration_utils.rs","line_number":54}
{"timestamp":"2026-09-07T13:24:42.543375Z","level":"INFO","fields":{"message":"Config: shard_api_version = None (default)"},"filename":"D:\\a\\xet-core\\xet-core\\xet_runtime\\src\\utils\\configuration_utils.rs","line_number":54}
{"timestamp":"2026-09-07T13:24:42.543379Z","level":"INFO","fields":{"message":"Config: enable_multirange_fetching = false (default)"},"filename":"D:\\a\\xet-core\\xet-core\\xet_runtime\\src\\utils\\configuration_utils.rs","line_number":54}
{"timestamp":"2026-09-07T13:24:42.543384Z","level":"INFO","fields":{"message":"Config: dest = None (default)"},"filename":"D:\\a\\xet-core\\xet-core\\xet_runtime\\src\\utils\\configuration_utils.rs","line_number":54}
{"timestamp":"2026-09-07T13:24:42.543388Z","level":"INFO","fields":{"message":"Config: format = None (default)"},"filename":"D:\\a\\xet-core\\xet-core\\xet_runtime\\src\\utils\\configuration_utils.rs","line_number":54}
{"timestamp":"2026-09-07T13:24:42.543392Z","level":"INFO","fields":{"message":"Config: prefix = \"xet\" (default)"},"filename":"D:\\a\\xet-core\\xet-core\\xet_runtime\\src\\utils\\configuration_utils.rs","line_number":54}
{"timestamp":"2026-09-07T13:24:42.543397Z","level":"INFO","fields":{"message":"Config: dir_disable_cleanup = false (default)"},"filename":"D:\\a\\xet-core\\xet-core\\xet_runtime\\src\\utils\\configuration_utils.rs","line_number":54}
{"timestamp":"2026-09-07T13:24:42.543402Z","level":"INFO","fields":{"message":"Config: dir_max_size = 250MB (default)"},"filename":"D:\\a\\xet-core\\xet-core\\xet_runtime\\src\\utils\\configuration_utils.rs","line_number":54}
{"timestamp":"2026-09-07T13:24:42.543407Z","level":"INFO","fields":{"message":"Config: dir_min_deletion_age = 86400s (default)"},"filename":"D:\\a\\xet-core\\xet-core\\xet_runtime\\src\\utils\\configuration_utils.rs","line_number":54}
{"timestamp":"2026-09-07T13:24:42.543412Z","level":"INFO","fields":{"message":"Config: dir_max_retention_age = 1209600s (default)"},"filename":"D:\\a\\xet-core\\xet-core\\xet_runtime\\src\\utils\\configuration_utils.rs","line_number":54}
{"timestamp":"2026-09-07T13:24:42.543417Z","level":"INFO","fields":{"message":"Config: min_reconstruction_fetch_size = 256MB (default)"},"filename":"D:\\a\\xet-core\\xet-core\\xet_runtime\\src\\utils\\configuration_utils.rs","line_number":54}
{"timestamp":"2026-09-07T13:24:42.543422Z","level":"INFO","fields":{"message":"Config: max_reconstruction_fetch_size = 8GB (default)"},"filename":"D:\\a\\xet-core\\xet-core\\xet_runtime\\src\\utils\\configuration_utils.rs","line_number":54}
{"timestamp":"2026-09-07T13:24:42.543427Z","level":"INFO","fields":{"message":"Config: download_buffer_size = 2GB (default)"},"filename":"D:\\a\\xet-core\\xet-core\\xet_runtime\\src\\utils\\configuration_utils.rs","line_number":54}
{"timestamp":"2026-09-07T13:24:42.543432Z","level":"INFO","fields":{"message":"Config: download_buffer_perfile_size = 512MB (default)"},"filename":"D:\\a\\xet-core\\xet-core\\xet_runtime\\src\\utils\\configuration_utils.rs","line_number":54}
{"timestamp":"2026-09-07T13:24:42.543437Z","level":"INFO","fields":{"message":"Config: download_buffer_limit = 8GB (default)"},"filename":"D:\\a\\xet-core\\xet-core\\xet_runtime\\src\\utils\\configuration_utils.rs","line_number":54}
{"timestamp":"2026-09-07T13:24:42.543442Z","level":"INFO","fields":{"message":"Config: completion_rate_estimator_half_life = 4.0 (default)"},"filename":"D:\\a\\xet-core\\xet-core\\xet_runtime\\src\\utils\\configuration_utils.rs","line_number":54}
{"timestamp":"2026-09-07T13:24:42.543448Z","level":"INFO","fields":{"message":"Config: target_block_completion_time = 900s (default)"},"filename":"D:\\a\\xet-core\\xet-core\\xet_runtime\\src\\utils\\configuration_utils.rs","line_number":54}
{"timestamp":"2026-09-07T13:24:42.543453Z","level":"INFO","fields":{"message":"Config: min_prefetch_buffer = 1GB (default)"},"filename":"D:\\a\\xet-core\\xet-core\\xet_runtime\\src\\utils\\configuration_utils.rs","line_number":54}
{"timestamp":"2026-09-07T13:24:42.543458Z","level":"INFO","fields":{"message":"Config: use_vectored_write = true (default)"},"filename":"D:\\a\\xet-core\\xet-core\\xet_runtime\\src\\utils\\configuration_utils.rs","line_number":54}
{"timestamp":"2026-09-07T13:24:42.543463Z","level":"INFO","fields":{"message":"Config: compression_scheme_retest_interval = 32 (default)"},"filename":"D:\\a\\xet-core\\xet-core\\xet_runtime\\src\\utils\\configuration_utils.rs","line_number":54}
{"timestamp":"2026-09-07T13:24:42.543470Z","level":"INFO","fields":{"message":"Config: compression_policy = \"auto\" (default)"},"filename":"D:\\a\\xet-core\\xet-core\\xet_runtime\\src\\utils\\config_enum.rs","line_number":174}
{"timestamp":"2026-09-07T13:24:42.543476Z","level":"INFO","fields":{"message":"Config: simulation_max_bytes = None (default)"},"filename":"D:\\a\\xet-core\\xet-core\\xet_runtime\\src\\utils\\configuration_utils.rs","line_number":54}
{"timestamp":"2026-09-07T13:24:42.543481Z","level":"INFO","fields":{"message":"Config: simulation_max_chunks = None (default)"},"filename":"D:\\a\\xet-core\\xet-core\\xet_runtime\\src\\utils\\configuration_utils.rs","line_number":54}
{"timestamp":"2026-09-07T13:24:42.543490Z","level":"INFO","fields":{"message":"Config: dir_name = \"shard-session\" (default)"},"filename":"D:\\a\\xet-core\\xet-core\\xet_runtime\\src\\utils\\configuration_utils.rs","line_number":54}
{"timestamp":"2026-09-07T13:24:42.543495Z","level":"INFO","fields":{"message":"Config: enabled = false (default)"},"filename":"D:\\a\\xet-core\\xet-core\\xet_runtime\\src\\utils\\configuration_utils.rs","line_number":54}
{"timestamp":"2026-09-07T13:24:42.543500Z","level":"INFO","fields":{"message":"Config: sample_interval = 5s (default)"},"filename":"D:\\a\\xet-core\\xet-core\\xet_runtime\\src\\utils\\configuration_utils.rs","line_number":54}
{"timestamp":"2026-09-07T13:24:42.543505Z","level":"INFO","fields":{"message":"Config: log_path = None (default)"},"filename":"D:\\a\\xet-core\\xet-core\\xet_runtime\\src\\utils\\configuration_utils.rs","line_number":54}
{"timestamp":"2026-09-07T13:24:42.544216Z","level":"INFO","fields":{"message":"Using 16 async threads for tokio runtime"},"filename":"D:\\a\\xet-core\\xet-core\\xet_runtime\\src\\core\\runtime\\native.rs","line_number":63}
{"timestamp":"2026-09-07T13:24:42.547014Z","level":"INFO","fields":{"message":"Session created, session_id=01a07c0a-dfb3-7262-8d30-f87b2779182b"},"filename":"D:\\a\\xet-core\\xet-core\\xet_pkg\\src\\xet_session\\session.rs","line_number":192}
{"timestamp":"2026-09-07T13:24:42.550997Z","level":"INFO","fields":{"message":"CAS auth disabled","caller":"D:\\a\\xet-core\\xet-core\\xet_client\\src\\common\\http_client.rs:166"},"filename":"D:\\a\\xet-core\\xet-core\\xet_runtime\\src\\error_printer\\mod.rs","line_number":198}
{"timestamp":"2026-09-07T13:24:42.555900Z","level":"INFO","fields":{"message":"HTTP client configured","idle_timeout":"60s","max_idle_connections":16,"custom_headers":"Some({\"user-agent\": \"unknown/None; hf_hub/1.28.0; python/3.14.4; torch/2.13.0; transformers/5.15.1; session_id/e1f5f2a8308d412c8ad7ee37887a1182; file_type/model; framework/pytorch; from_auto_class/True\"})"},"filename":"D:\\a\\xet-core\\xet-core\\xet_client\\src\\common\\http_client.rs","line_number":187}
{"timestamp":"2026-09-07T13:24:42.556272Z","level":"INFO","fields":{"message":"Retry strategy","retry":"RetryWrapper { max_attempts: 5, base_delay: 3s, max_duration: 360s, no_retry_on_429: false, retry_on_403: false, expected_416: false, expected_404: false, log_errors_as_info: false, api_tag: \"xet-token\", has_connection_permit: false }"},"filename":"D:\\a\\xet-core\\xet-core\\xet_client\\src\\cas_client\\retry_wrapper.rs","line_number":274}
{"timestamp":"2026-09-07T13:24:43.319652Z","level":"INFO","fields":{"message":"Received CAS response","request_id":"Root=1-6a9ebb1b-0619080a77e727a902444c99","status_code":200},"filename":"D:\\a\\xet-core\\xet-core\\xet_client\\src\\common\\http_client.rs","line_number":288}
{"timestamp":"2026-09-07T13:24:43.320476Z","level":"INFO","fields":{"message":"Request Success: xet-token api call succeeded (request id Root=1-6a9ebb1b-0619080a77e727a902444c99)."},"filename":"D:\\a\\xet-core\\xet-core\\xet_client\\src\\cas_client\\retry_wrapper.rs","line_number":237}
{"timestamp":"2026-09-07T13:24:43.324373Z","level":"INFO","fields":{"message":"TranslatorConfig initialized","endpoint":"https://cas-server.xethub.hf.co","session_id":"Some(\"01a07c0a-e2ba-7d11-bc73-e4eb3d14cd73\")","shard_cache":"C:\\Users\\pc\\Desktop\\telnet-support-bot (4)\\telnet-support-bot\\src\\rag\\models_cache\\xet\\https___cas_serv-tGqkUaZf_CBPHQ6h\\shard-cache","shard_session":"C:\\Users\\pc\\Desktop\\telnet-support-bot (4)\\telnet-support-bot\\src\\rag\\models_cache\\xet\\https___cas_serv-tGqkUaZf_CBPHQ6h\\staging\\shard-session"},"filename":"D:\\a\\xet-core\\xet-core\\xet_data\\src\\processing\\configurations.rs","line_number":127}
{"timestamp":"2026-09-07T13:24:43.325354Z","level":"INFO","fields":{"message":"HTTP client configured","idle_timeout":"60s","max_idle_connections":16,"custom_headers":"Some({\"user-agent\": \"unknown/None; hf_hub/1.28.0; python/3.14.4; torch/2.13.0; transformers/5.15.1; session_id/e1f5f2a8308d412c8ad7ee37887a1182; file_type/model; framework/pytorch; from_auto_class/True; hf_xet/1.6.0\"})"},"filename":"D:\\a\\xet-core\\xet-core\\xet_client\\src\\common\\http_client.rs","line_number":187}
{"timestamp":"2026-09-07T13:24:43.325399Z","level":"INFO","fields":{"message":"CAS auth disabled","caller":"D:\\a\\xet-core\\xet-core\\xet_client\\src\\common\\http_client.rs:166"},"filename":"D:\\a\\xet-core\\xet-core\\xet_runtime\\src\\error_printer\\mod.rs","line_number":198}
{"timestamp":"2026-09-07T13:24:43.325413Z","level":"INFO","fields":{"message":"HTTP client configured","idle_timeout":"60s","max_idle_connections":16,"custom_headers":"Some({\"user-agent\": \"unknown/None; hf_hub/1.28.0; python/3.14.4; torch/2.13.0; transformers/5.15.1; session_id/e1f5f2a8308d412c8ad7ee37887a1182; file_type/model; framework/pytorch; from_auto_class/True; hf_xet/1.6.0\"})"},"filename":"D:\\a\\xet-core\\xet-core\\xet_client\\src\\common\\http_client.rs","line_number":187}
{"timestamp":"2026-09-07T13:24:43.325487Z","level":"INFO","fields":{"message":"No-read-timeout HTTP client configured (for shard uploads)","connect_timeout":"60s"},"filename":"D:\\a\\xet-core\\xet-core\\xet_client\\src\\common\\http_client.rs","line_number":136}
{"timestamp":"2026-09-07T13:24:43.325522Z","level":"INFO","fields":{"message":"Initializing Adaptive Concurrency Controller for upload with starting concurrency = 2; min = 1, max = 64, min_bytes_for_adjustment = 20000000, min_completed_transmissions_for_adjustment = 1"},"filename":"D:\\a\\xet-core\\xet-core\\xet_client\\src\\cas_client\\adaptive_concurrency\\controller.rs","line_number":306}
{"timestamp":"2026-09-07T13:24:43.325538Z","level":"INFO","fields":{"message":"Initializing Adaptive Concurrency Controller for download with starting concurrency = 4; min = 1, max = 64, min_bytes_for_adjustment = 20000000, min_completed_transmissions_for_adjustment = 1"},"filename":"D:\\a\\xet-core\\xet-core\\xet_client\\src\\cas_client\\adaptive_concurrency\\controller.rs","line_number":306}
{"timestamp":"2026-09-07T13:24:43.327034Z","level":"INFO","fields":{"message":"New file download group, session_id=01a07c0a-dfb3-7262-8d30-f87b2779182b, group_id=1"},"filename":"D:\\a\\xet-core\\xet-core\\xet_pkg\\src\\xet_session\\file_download_group.rs","line_number":61}
{"timestamp":"2026-09-07T13:24:43.327530Z","level":"INFO","fields":{"message":"Download file to path","group_id":"1","dest_path":"\"C:\\\\Users\\\\pc\\\\Desktop\\\\telnet-support-bot (4)\\\\telnet-support-bot\\\\src\\\\rag\\\\models_cache\\\\models--BAAI--bge-m3\\\\blobs\\\\b5e0ce3470abf5ef3831aa1bd5553b486803e83251590ab7ff35a117cf6aad38.46976c40.incomplete\"","hash":"61c2417ef33baa8496de69bd4394784d9b887a9027830afeac7e2ab8b4e1a6f1"},"filename":"D:\\a\\xet-core\\xet-core\\xet_pkg\\src\\xet_session\\file_download_group.rs","line_number":287}
{"timestamp":"2026-09-07T13:24:43.328923Z","level":"INFO","fields":{"message":"Download group finish","group_id":"1"},"filename":"D:\\a\\xet-core\\xet-core\\xet_pkg\\src\\xet_session\\file_download_group.rs","line_number":306}
{"timestamp":"2026-09-07T13:24:43.329058Z","level":"INFO","fields":{"message":"Reconstructing file to disk","file_hash":"61c2417ef33baa8496de69bd4394784d9b887a9027830afeac7e2ab8b4e1a6f1","byte_range":"None","path":"C:\\Users\\pc\\Desktop\\telnet-support-bot (4)\\telnet-support-bot\\src\\rag\\models_cache\\models--BAAI--bge-m3\\blobs\\b5e0ce3470abf5ef3831aa1bd5553b486803e83251590ab7ff35a117cf6aad38.46976c40.incomplete","write_offset":"None"},"filename":"D:\\a\\xet-core\\xet-core\\xet_data\\src\\file_reconstruction\\file_reconstructor.rs","line_number":126}
{"timestamp":"2026-09-07T13:24:43.332087Z","level":"INFO","fields":{"message":"Scheduling prefetch block","file_hash":"61c2417ef33baa8496de69bd4394784d9b887a9027830afeac7e2ab8b4e1a6f1","prefetch_range":"(0, 256000000)","requested_block_size":256000000,"actual_block_size":256000000,"queue_depth":1},"filename":"D:\\a\\xet-core\\xet-core\\xet_data\\src\\file_reconstruction\\reconstruction_terms\\manager.rs","line_number":277}
{"timestamp":"2026-09-07T13:24:43.332197Z","level":"INFO","fields":{"message":"Scheduling prefetch block","file_hash":"61c2417ef33baa8496de69bd4394784d9b887a9027830afeac7e2ab8b4e1a6f1","prefetch_range":"(256000000, 768000000)","requested_block_size":512000000,"actual_block_size":512000000,"queue_depth":2},"filename":"D:\\a\\xet-core\\xet-core\\xet_data\\src\\file_reconstruction\\reconstruction_terms\\manager.rs","line_number":277}
{"timestamp":"2026-09-07T13:24:43.332243Z","level":"INFO","fields":{"message":"Scheduling prefetch block","file_hash":"61c2417ef33baa8496de69bd4394784d9b887a9027830afeac7e2ab8b4e1a6f1","prefetch_range":"(768000000, 1024000000)","requested_block_size":256000000,"actual_block_size":256000000,"queue_depth":3},"filename":"D:\\a\\xet-core\\xet-core\\xet_data\\src\\file_reconstruction\\reconstruction_terms\\manager.rs","line_number":277}
{"timestamp":"2026-09-07T13:24:43.333683Z","level":"INFO","fields":{"message":"Starting get_reconstruction API call","call_id":1,"file_id":"61c2417ef33baa8496de69bd4394784d9b887a9027830afeac7e2ab8b4e1a6f1","bytes_range":"Some(Range { start: 768000000, end: 1024000000 })","api_version":"v2"},"filename":"D:\\a\\xet-core\\xet-core\\xet_client\\src\\cas_client\\remote_client.rs","line_number":214}
{"timestamp":"2026-09-07T13:24:43.333737Z","level":"INFO","fields":{"message":"Starting get_reconstruction API call","call_id":3,"file_id":"61c2417ef33baa8496de69bd4394784d9b887a9027830afeac7e2ab8b4e1a6f1","bytes_range":"Some(Range { start: 0, end: 256000000 })","api_version":"v2"},"filename":"D:\\a\\xet-core\\xet-core\\xet_client\\src\\cas_client\\remote_client.rs","line_number":214}
{"timestamp":"2026-09-07T13:24:43.334126Z","level":"INFO","fields":{"message":"Retry strategy","retry":"RetryWrapper { max_attempts: 5, base_delay: 3s, max_duration: 360s, no_retry_on_429: false, retry_on_403: false, expected_416: true, expected_404: false, log_errors_as_info: false, api_tag: \"cas::get_reconstruction_v2\", has_connection_permit: false }"},"filename":"D:\\a\\xet-core\\xet-core\\xet_client\\src\\cas_client\\retry_wrapper.rs","line_number":274}
{"timestamp":"2026-09-07T13:24:43.334145Z","level":"INFO","fields":{"message":"Retry strategy","retry":"RetryWrapper { max_attempts: 5, base_delay: 3s, max_duration: 360s, no_retry_on_429: false, retry_on_403: false, expected_416: true, expected_404: false, log_errors_as_info: false, api_tag: \"cas::get_reconstruction_v2\", has_connection_permit: false }"},"filename":"D:\\a\\xet-core\\xet-core\\xet_client\\src\\cas_client\\retry_wrapper.rs","line_number":274}
{"timestamp":"2026-09-07T13:24:43.333737Z","level":"INFO","fields":{"message":"Starting get_reconstruction API call","call_id":2,"file_id":"61c2417ef33baa8496de69bd4394784d9b887a9027830afeac7e2ab8b4e1a6f1","bytes_range":"Some(Range { start: 256000000, end: 768000000 })","api_version":"v2"},"filename":"D:\\a\\xet-core\\xet-core\\xet_client\\src\\cas_client\\remote_client.rs","line_number":214}
{"timestamp":"2026-09-07T13:24:43.334211Z","level":"INFO","fields":{"message":"Retry strategy","retry":"RetryWrapper { max_attempts: 5, base_delay: 3s, max_duration: 360s, no_retry_on_429: false, retry_on_403: false, expected_416: true, expected_404: false, log_errors_as_info: false, api_tag: \"cas::get_reconstruction_v2\", has_connection_permit: false }"},"filename":"D:\\a\\xet-core\\xet-core\\xet_client\\src\\cas_client\\retry_wrapper.rs","line_number":274}
{"timestamp":"2026-09-07T13:24:44.120204Z","level":"INFO","fields":{"message":"Received CAS response","request_id":"01M1Y0NS6PH53G616EWBKAYQKR","status_code":200},"filename":"D:\\a\\xet-core\\xet-core\\xet_client\\src\\common\\http_client.rs","line_number":288}
{"timestamp":"2026-09-07T13:24:44.120269Z","level":"INFO","fields":{"message":"Request Success: cas::get_reconstruction_v2 api call succeeded (request id 01M1Y0NS6PH53G616EWBKAYQKR)."},"filename":"D:\\a\\xet-core\\xet-core\\xet_client\\src\\cas_client\\retry_wrapper.rs","line_number":237}
{"timestamp":"2026-09-07T13:24:44.158865Z","level":"INFO","fields":{"message":"Completed get_reconstruction API call","call_id":3,"file_id":"61c2417ef33baa8496de69bd4394784d9b887a9027830afeac7e2ab8b4e1a6f1","bytes_range":"Some(Range { start: 0, end: 256000000 })","api_version":"v2"},"filename":"D:\\a\\xet-core\\xet-core\\xet_client\\src\\cas_client\\remote_client.rs","line_number":238}
{"timestamp":"2026-09-07T13:24:44.161239Z","level":"INFO","fields":{"message":"Received block of file terms from prefetch queue","file_hash":"61c2417ef33baa8496de69bd4394784d9b887a9027830afeac7e2ab8b4e1a6f1","domain":"us.aws.cdn.hf.co","block_start":0,"block_end":256000000,"block_size":4},"filename":"D:\\a\\xet-core\\xet-core\\xet_data\\src\\file_reconstruction\\reconstruction_terms\\manager.rs","line_number":156}
{"timestamp":"2026-09-07T13:24:44.161376Z","level":"INFO","fields":{"message":"Updated completion rate estimate based on previous block completion time (seconds).","file_hash":"61c2417ef33baa8496de69bd4394784d9b887a9027830afeac7e2ab8b4e1a6f1","block_start":0,"block_end":256000000,"block_size":256000000,"completion_time":0.0001426},"filename":"D:\\a\\xet-core\\xet-core\\xet_data\\src\\file_reconstruction\\reconstruction_terms\\manager.rs","line_number":109}
{"timestamp":"2026-09-07T13:24:44.161411Z","level":"INFO","fields":{"message":"Scheduling prefetch block","file_hash":"61c2417ef33baa8496de69bd4394784d9b887a9027830afeac7e2ab8b4e1a6f1","prefetch_range":"(1024000000, 9024000000)","requested_block_size":8000000000,"actual_block_size":8000000000,"queue_depth":3},"filename":"D:\\a\\xet-core\\xet-core\\xet_data\\src\\file_reconstruction\\reconstruction_terms\\manager.rs","line_number":277}
{"timestamp":"2026-09-07T13:24:44.161443Z","level":"INFO","fields":{"message":"Starting get_reconstruction API call","call_id":4,"file_id":"61c2417ef33baa8496de69bd4394784d9b887a9027830afeac7e2ab8b4e1a6f1","bytes_range":"Some(Range { start: 1024000000, end: 9024000000 })","api_version":"v2"},"filename":"D:\\a\\xet-core\\xet-core\\xet_client\\src\\cas_client\\remote_client.rs","line_number":214}
{"timestamp":"2026-09-07T13:24:44.161459Z","level":"INFO","fields":{"message":"Retry strategy","retry":"RetryWrapper { max_attempts: 5, base_delay: 3s, max_duration: 360s, no_retry_on_429: false, retry_on_403: false, expected_416: true, expected_404: false, log_errors_as_info: false, api_tag: \"cas::get_reconstruction_v2\", has_connection_permit: false }"},"filename":"D:\\a\\xet-core\\xet-core\\xet_client\\src\\cas_client\\retry_wrapper.rs","line_number":274}
{"timestamp":"2026-09-07T13:24:44.162322Z","level":"INFO","fields":{"message":"Retry strategy","retry":"RetryWrapper { max_attempts: 5, base_delay: 3s, max_duration: 360s, no_retry_on_429: false, retry_on_403: true, expected_416: false, expected_404: false, log_errors_as_info: false, api_tag: \"s3::get_range\", has_connection_permit: true }"},"filename":"D:\\a\\xet-core\\xet-core\\xet_client\\src\\cas_client\\retry_wrapper.rs","line_number":274}
{"timestamp":"2026-09-07T13:24:44.162332Z","level":"INFO","fields":{"message":"Retry strategy","retry":"RetryWrapper { max_attempts: 5, base_delay: 3s, max_duration: 360s, no_retry_on_429: false, retry_on_403: true, expected_416: false, expected_404: false, log_errors_as_info: false, api_tag: \"s3::get_range\", has_connection_permit: true }"},"filename":"D:\\a\\xet-core\\xet-core\\xet_client\\src\\cas_client\\retry_wrapper.rs","line_number":274}
{"timestamp":"2026-09-07T13:24:44.162402Z","level":"INFO","fields":{"message":"Retry strategy","retry":"RetryWrapper { max_attempts: 5, base_delay: 3s, max_duration: 360s, no_retry_on_429: false, retry_on_403: true, expected_416: false, expected_404: false, log_errors_as_info: false, api_tag: \"s3::get_range\", has_connection_permit: true }"},"filename":"D:\\a\\xet-core\\xet-core\\xet_client\\src\\cas_client\\retry_wrapper.rs","line_number":274}
{"timestamp":"2026-09-07T13:24:44.162699Z","level":"INFO","fields":{"message":"Retry strategy","retry":"RetryWrapper { max_attempts: 5, base_delay: 3s, max_duration: 360s, no_retry_on_429: false, retry_on_403: true, expected_416: false, expected_404: false, log_errors_as_info: false, api_tag: \"s3::get_range\", has_connection_permit: true }"},"filename":"D:\\a\\xet-core\\xet-core\\xet_client\\src\\cas_client\\retry_wrapper.rs","line_number":274}
{"timestamp":"2026-09-07T13:24:44.345595Z","level":"INFO","fields":{"message":"Received CAS response","request_id":"01M1Y0NSEPZE4D97F57G95CG2P","status_code":200},"filename":"D:\\a\\xet-core\\xet-core\\xet_client\\src\\common\\http_client.rs","line_number":288}
{"timestamp":"2026-09-07T13:24:44.345627Z","level":"INFO","fields":{"message":"Request Success: cas::get_reconstruction_v2 api call succeeded (request id 01M1Y0NSEPZE4D97F57G95CG2P)."},"filename":"D:\\a\\xet-core\\xet-core\\xet_client\\src\\cas_client\\retry_wrapper.rs","line_number":237}
{"timestamp":"2026-09-07T13:24:44.345672Z","level":"INFO","fields":{"message":"Completed get_reconstruction API call","call_id":1,"file_id":"61c2417ef33baa8496de69bd4394784d9b887a9027830afeac7e2ab8b4e1a6f1","bytes_range":"Some(Range { start: 768000000, end: 1024000000 })","api_version":"v2"},"filename":"D:\\a\\xet-core\\xet-core\\xet_client\\src\\cas_client\\remote_client.rs","line_number":238}
{"timestamp":"2026-09-07T13:24:44.474368Z","level":"INFO","fields":{"message":"Received CAS response","request_id":"01M1Y0NSES3X1ZNW6JPED5JQJR","status_code":200},"filename":"D:\\a\\xet-core\\xet-core\\xet_client\\src\\common\\http_client.rs","line_number":288}
{"timestamp":"2026-09-07T13:24:44.474416Z","level":"INFO","fields":{"message":"Request Success: cas::get_reconstruction_v2 api call succeeded (request id 01M1Y0NSES3X1ZNW6JPED5JQJR)."},"filename":"D:\\a\\xet-core\\xet-core\\xet_client\\src\\cas_client\\retry_wrapper.rs","line_number":237}
{"timestamp":"2026-09-07T13:24:44.474587Z","level":"INFO","fields":{"message":"Completed get_reconstruction API call","call_id":2,"file_id":"61c2417ef33baa8496de69bd4394784d9b887a9027830afeac7e2ab8b4e1a6f1","bytes_range":"Some(Range { start: 256000000, end: 768000000 })","api_version":"v2"},"filename":"D:\\a\\xet-core\\xet-core\\xet_client\\src\\cas_client\\remote_client.rs","line_number":238}
{"timestamp":"2026-09-07T13:24:44.474681Z","level":"INFO","fields":{"message":"Received block of file terms from prefetch queue","file_hash":"61c2417ef33baa8496de69bd4394784d9b887a9027830afeac7e2ab8b4e1a6f1","domain":"us.aws.cdn.hf.co","block_start":256000000,"block_end":768000000,"block_size":9},"filename":"D:\\a\\xet-core\\xet-core\\xet_data\\src\\file_reconstruction\\reconstruction_terms\\manager.rs","line_number":156}
{"timestamp":"2026-09-07T13:24:44.474782Z","level":"INFO","fields":{"message":"Updated completion rate estimate based on previous block completion time (seconds).","file_hash":"61c2417ef33baa8496de69bd4394784d9b887a9027830afeac7e2ab8b4e1a6f1","block_start":256000000,"block_end":768000000,"block_size":512000000,"completion_time":0.0000997},"filename":"D:\\a\\xet-core\\xet-core\\xet_data\\src\\file_reconstruction\\reconstruction_terms\\manager.rs","line_number":109}
{"timestamp":"2026-09-07T13:24:44.474793Z","level":"INFO","fields":{"message":"Scheduling prefetch block","file_hash":"61c2417ef33baa8496de69bd4394784d9b887a9027830afeac7e2ab8b4e1a6f1","prefetch_range":"(9024000000, 17024000000)","requested_block_size":8000000000,"actual_block_size":8000000000,"queue_depth":3},"filename":"D:\\a\\xet-core\\xet-core\\xet_data\\src\\file_reconstruction\\reconstruction_terms\\manager.rs","line_number":277}
{"timestamp":"2026-09-07T13:24:44.474812Z","level":"INFO","fields":{"message":"Received block of file terms from prefetch queue","file_hash":"61c2417ef33baa8496de69bd4394784d9b887a9027830afeac7e2ab8b4e1a6f1","domain":"us.aws.cdn.hf.co","block_start":768000000,"block_end":1024000000,"block_size":5},"filename":"D:\\a\\xet-core\\xet-core\\xet_data\\src\\file_reconstruction\\reconstruction_terms\\manager.rs","line_number":156}
{"timestamp":"2026-09-07T13:24:44.474837Z","level":"INFO","fields":{"message":"Updated completion rate estimate based on previous block completion time (seconds).","file_hash":"61c2417ef33baa8496de69bd4394784d9b887a9027830afeac7e2ab8b4e1a6f1","block_start":768000000,"block_end":1024000000,"block_size":256000000,"completion_time":0.0000255},"filename":"D:\\a\\xet-core\\xet-core\\xet_data\\src\\file_reconstruction\\reconstruction_terms\\manager.rs","line_number":109}
{"timestamp":"2026-09-07T13:24:44.474844Z","level":"INFO","fields":{"message":"Scheduling prefetch block","file_hash":"61c2417ef33baa8496de69bd4394784d9b887a9027830afeac7e2ab8b4e1a6f1","prefetch_range":"(17024000000, 25024000000)","requested_block_size":8000000000,"actual_block_size":8000000000,"queue_depth":3},"filename":"D:\\a\\xet-core\\xet-core\\xet_data\\src\\file_reconstruction\\reconstruction_terms\\manager.rs","line_number":277}
{"timestamp":"2026-09-07T13:24:44.474862Z","level":"INFO","fields":{"message":"Starting get_reconstruction API call","call_id":6,"file_id":"61c2417ef33baa8496de69bd4394784d9b887a9027830afeac7e2ab8b4e1a6f1","bytes_range":"Some(Range { start: 17024000000, end: 25024000000 })","api_version":"v2"},"filename":"D:\\a\\xet-core\\xet-core\\xet_client\\src\\cas_client\\remote_client.rs","line_number":214}
{"timestamp":"2026-09-07T13:24:44.474872Z","level":"INFO","fields":{"message":"Retry strategy","retry":"RetryWrapper { max_attempts: 5, base_delay: 3s, max_duration: 360s, no_retry_on_429: false, retry_on_403: false, expected_416: true, expected_404: false, log_errors_as_info: false, api_tag: \"cas::get_reconstruction_v2\", has_connection_permit: false }"},"filename":"D:\\a\\xet-core\\xet-core\\xet_client\\src\\cas_client\\retry_wrapper.rs","line_number":274}
{"timestamp":"2026-09-07T13:24:44.474867Z","level":"INFO","fields":{"message":"Starting get_reconstruction API call","call_id":5,"file_id":"61c2417ef33baa8496de69bd4394784d9b887a9027830afeac7e2ab8b4e1a6f1","bytes_range":"Some(Range { start: 9024000000, end: 17024000000 })","api_version":"v2"},"filename":"D:\\a\\xet-core\\xet-core\\xet_client\\src\\cas_client\\remote_client.rs","line_number":214}
{"timestamp":"2026-09-07T13:24:44.474905Z","level":"INFO","fields":{"message":"Retry strategy","retry":"RetryWrapper { max_attempts: 5, base_delay: 3s, max_duration: 360s, no_retry_on_429: false, retry_on_403: false, expected_416: true, expected_404: false, log_errors_as_info: false, api_tag: \"cas::get_reconstruction_v2\", has_connection_permit: false }"},"filename":"D:\\a\\xet-core\\xet-core\\xet_client\\src\\cas_client\\retry_wrapper.rs","line_number":274}
{"timestamp":"2026-09-07T13:24:44.485466Z","level":"INFO","fields":{"message":"Received CAS response","request_id":"01M1Y0NSGEBHKW7JW0038WV9S8","status_code":200},"filename":"D:\\a\\xet-core\\xet-core\\xet_client\\src\\common\\http_client.rs","line_number":288}
{"timestamp":"2026-09-07T13:24:44.485508Z","level":"INFO","fields":{"message":"Request Success: cas::get_reconstruction_v2 api call succeeded (request id 01M1Y0NSGEBHKW7JW0038WV9S8)."},"filename":"D:\\a\\xet-core\\xet-core\\xet_client\\src\\cas_client\\retry_wrapper.rs","line_number":237}
{"timestamp":"2026-09-07T13:24:44.650843Z","level":"INFO","fields":{"message":"Received CAS response","request_id":"01M1Y0NSRX908WNJ3GAVTQXHDB","status_code":416},"filename":"D:\\a\\xet-core\\xet-core\\xet_client\\src\\common\\http_client.rs","line_number":288}
{"timestamp":"2026-09-07T13:24:44.650952Z","level":"INFO","fields":{"message":"Reached end of reconstruction 416 (Range Not Satisfiable): \"cas::get_reconstruction_v2\" api call failed (request id 01M1Y0NSRX908WNJ3GAVTQXHDB): HTTP status client error (416 Range Not Satisfiable) for url (https://cas-server.xethub.hf.co/v2/reconstructions/61c2417ef33baa8496de69bd4394784d9b887a9027830afeac7e2ab8b4e1a6f1)"},"filename":"D:\\a\\xet-core\\xet-core\\xet_client\\src\\cas_client\\retry_wrapper.rs","line_number":189}
{"timestamp":"2026-09-07T13:24:44.651081Z","level":"INFO","fields":{"message":"Completed get_reconstruction API call","call_id":4,"file_id":"61c2417ef33baa8496de69bd4394784d9b887a9027830afeac7e2ab8b4e1a6f1","bytes_range":"Some(Range { start: 1024000000, end: 9024000000 })","api_version":"v2"},"filename":"D:\\a\\xet-core\\xet-core\\xet_client\\src\\cas_client\\remote_client.rs","line_number":238}
{"timestamp":"2026-09-07T13:24:44.651191Z","level":"INFO","fields":{"message":"Received CAS response","request_id":"01M1Y0NST34C621DV2GDFZ6VAP","status_code":206},"filename":"D:\\a\\xet-core\\xet-core\\xet_client\\src\\common\\http_client.rs","line_number":288}
{"timestamp":"2026-09-07T13:24:44.651233Z","level":"INFO","fields":{"message":"Request Success: s3::get_range api call succeeded (request id 01M1Y0NST34C621DV2GDFZ6VAP)."},"filename":"D:\\a\\xet-core\\xet-core\\xet_client\\src\\cas_client\\retry_wrapper.rs","line_number":237}
{"timestamp":"2026-09-07T13:24:44.651248Z","level":"INFO","fields":{"message":"Received block of file terms from prefetch queue","file_hash":"61c2417ef33baa8496de69bd4394784d9b887a9027830afeac7e2ab8b4e1a6f1","domain":"us.aws.cdn.hf.co","block_start":1024000000,"block_end":2271145830,"block_size":19},"filename":"D:\\a\\xet-core\\xet-core\\xet_data\\src\\file_reconstruction\\reconstruction_terms\\manager.rs","line_number":156}
{"timestamp":"2026-09-07T13:24:44.651375Z","level":"INFO","fields":{"message":"Updated completion rate estimate based on previous block completion time (seconds).","file_hash":"61c2417ef33baa8496de69bd4394784d9b887a9027830afeac7e2ab8b4e1a6f1","block_start":1024000000,"block_end":2271145830,"block_size":1247145830,"completion_time":0.000125},"filename":"D:\\a\\xet-core\\xet-core\\xet_data\\src\\file_reconstruction\\reconstruction_terms\\manager.rs","line_number":109}
{"timestamp":"2026-09-07T13:24:44.651449Z","level":"INFO","fields":{"message":"Completed prefetch queue; end of file reached.","file_hash":"61c2417ef33baa8496de69bd4394784d9b887a9027830afeac7e2ab8b4e1a6f1","prefetched_byte_position":25024000000},"filename":"D:\\a\\xet-core\\xet-core\\xet_data\\src\\file_reconstruction\\reconstruction_terms\\manager.rs","line_number":183}
{"timestamp":"2026-09-07T13:24:44.651468Z","level":"INFO","fields":{"message":"All term blocks received and scheduled for writing","file_hash":"61c2417ef33baa8496de69bd4394784d9b887a9027830afeac7e2ab8b4e1a6f1","block_count":4,"total_terms_processed":37,"total_bytes_scheduled":2271145830},"filename":"D:\\a\\xet-core\\xet-core\\xet_data\\src\\file_reconstruction\\run_state.rs","line_number":150}
{"timestamp":"2026-09-07T13:24:44.663825Z","level":"INFO","fields":{"message":"Received CAS response","request_id":"01M1Y0NSRZXW6N082CNVDP90CS","status_code":416},"filename":"D:\\a\\xet-core\\xet-core\\xet_client\\src\\common\\http_client.rs","line_number":288}
{"timestamp":"2026-09-07T13:24:44.663859Z","level":"INFO","fields":{"message":"Reached end of reconstruction 416 (Range Not Satisfiable): \"cas::get_reconstruction_v2\" api call failed (request id 01M1Y0NSRZXW6N082CNVDP90CS): HTTP status client error (416 Range Not Satisfiable) for url (https://cas-server.xethub.hf.co/v2/reconstructions/61c2417ef33baa8496de69bd4394784d9b887a9027830afeac7e2ab8b4e1a6f1)"},"filename":"D:\\a\\xet-core\\xet-core\\xet_client\\src\\cas_client\\retry_wrapper.rs","line_number":189}
{"timestamp":"2026-09-07T13:24:44.664476Z","level":"INFO","fields":{"message":"Received CAS response","request_id":"01M1Y0NSSQD0H0GVRNZD3GCEG9","status_code":206},"filename":"D:\\a\\xet-core\\xet-core\\xet_client\\src\\common\\http_client.rs","line_number":288}
{"timestamp":"2026-09-07T13:24:44.664493Z","level":"INFO","fields":{"message":"Request Success: s3::get_range api call succeeded (request id 01M1Y0NSSQD0H0GVRNZD3GCEG9)."},"filename":"D:\\a\\xet-core\\xet-core\\xet_client\\src\\cas_client\\retry_wrapper.rs","line_number":237}
{"timestamp":"2026-09-07T13:24:44.705468Z","level":"INFO","fields":{"message":"Received CAS response","request_id":"01M1Y0NSTT5DMTGWSM5DC1B4N9","status_code":206},"filename":"D:\\a\\xet-core\\xet-core\\xet_client\\src\\common\\http_client.rs","line_number":288}
{"timestamp":"2026-09-07T13:24:44.705499Z","level":"INFO","fields":{"message":"Request Success: s3::get_range api call succeeded (request id 01M1Y0NSTT5DMTGWSM5DC1B4N9)."},"filename":"D:\\a\\xet-core\\xet-core\\xet_client\\src\\cas_client\\retry_wrapper.rs","line_number":237}
{"timestamp":"2026-09-07T13:24:44.705526Z","level":"INFO","fields":{"message":"Received CAS response","request_id":"01M1Y0NSTHNQXF4679SAC2AT4T","status_code":206},"filename":"D:\\a\\xet-core\\xet-core\\xet_client\\src\\common\\http_client.rs","line_number":288}
{"timestamp":"2026-09-07T13:24:44.705544Z","level":"INFO","fields":{"message":"Request Success: s3::get_range api call succeeded (request id 01M1Y0NSTHNQXF4679SAC2AT4T)."},"filename":"D:\\a\\xet-core\\xet-core\\xet_client\\src\\cas_client\\retry_wrapper.rs","line_number":237}
{"timestamp":"2026-09-07T13:24:53.426732Z","level":"INFO","fields":{"message":"Concurrency control for download: Current concurrency = 4; predicted bandwidth = 618895; success_ratio = 1.000; reference_size = 61.0MB; observed bytes sent so far = 3627178; completed transmissions = 0"},"filename":"D:\\a\\xet-core\\xet-core\\xet_client\\src\\cas_client\\adaptive_concurrency\\controller.rs","line_number":602}
{"timestamp":"2026-09-07T13:25:04.041079Z","level":"INFO","fields":{"message":"Concurrency control for download: Current concurrency = 4; predicted bandwidth = 528122; success_ratio = 1.000; reference_size = 61.0MB; observed bytes sent so far = 6429234; completed transmissions = 0"},"filename":"D:\\a\\xet-core\\xet-core\\xet_client\\src\\cas_client\\adaptive_concurrency\\controller.rs","line_number":602}
{"timestamp":"2026-09-07T13:25:14.740812Z","level":"INFO","fields":{"message":"Concurrency control for download: Current concurrency = 4; predicted bandwidth = 423272; success_ratio = 1.000; reference_size = 61.0MB; observed bytes sent so far = 7068210; completed transmissions = 0"},"filename":"D:\\a\\xet-core\\xet-core\\xet_client\\src\\cas_client\\adaptive_concurrency\\controller.rs","line_number":602}
{"timestamp":"2026-09-07T13:25:24.974191Z","level":"INFO","fields":{"message":"Concurrency control for download: Current concurrency = 4; predicted bandwidth = 261273; success_ratio = 1.000; reference_size = 61.0MB; observed bytes sent so far = 10213938; completed transmissions = 0"},"filename":"D:\\a\\xet-core\\xet-core\\xet_client\\src\\cas_client\\adaptive_concurrency\\controller.rs","line_number":602}
{"timestamp":"2026-09-07T13:25:35.072892Z","level":"INFO","fields":{"message":"Concurrency control for download: Current concurrency = 4; predicted bandwidth = 260467; success_ratio = 1.000; reference_size = 61.0MB; observed bytes sent so far = 12425778; completed transmissions = 0"},"filename":"D:\\a\\xet-core\\xet-core\\xet_client\\src\\cas_client\\adaptive_concurrency\\controller.rs","line_number":602}
{"timestamp":"2026-09-07T13:25:46.636490Z","level":"INFO","fields":{"message":"Concurrency control for download: Current concurrency = 4; predicted bandwidth = 245817; success_ratio = 1.000; reference_size = 61.0MB; observed bytes sent so far = 14735922; completed transmissions = 0"},"filename":"D:\\a\\xet-core\\xet-core\\xet_client\\src\\cas_client\\adaptive_concurrency\\controller.rs","line_number":602}
{"timestamp":"2026-09-07T13:25:57.292032Z","level":"INFO","fields":{"message":"Concurrency control for download: Current concurrency = 4; predicted bandwidth = 228199; success_ratio = 1.000; reference_size = 61.0MB; observed bytes sent so far = 16030258; completed transmissions = 0"},"filename":"D:\\a\\xet-core\\xet-core\\xet_client\\src\\cas_client\\adaptive_concurrency\\controller.rs","line_number":602}
{"timestamp":"2026-09-07T13:26:07.305498Z","level":"INFO","fields":{"message":"Concurrency control for download: Current concurrency = 4; predicted bandwidth = 191773; success_ratio = 1.000; reference_size = 61.0MB; observed bytes sent so far = 19225138; completed transmissions = 0"},"filename":"D:\\a\\xet-core\\xet-core\\xet_client\\src\\cas_client\\adaptive_concurrency\\controller.rs","line_number":602}
{"timestamp":"2026-09-07T13:26:17.735992Z","level":"INFO","fields":{"message":"Concurrency control for download: Current concurrency = 4; predicted bandwidth = 174054; success_ratio = 1.000; reference_size = 61.0MB; observed bytes sent so far = 20732466; completed transmissions = 0"},"filename":"D:\\a\\xet-core\\xet-core\\xet_client\\src\\cas_client\\adaptive_concurrency\\controller.rs","line_number":602}
{"timestamp":"2026-09-07T13:26:28.256899Z","level":"INFO","fields":{"message":"Concurrency control for download: Current concurrency = 4; predicted bandwidth = 160594; success_ratio = 1.000; reference_size = 61.0MB; observed bytes sent so far = 22570528; completed transmissions = 0"},"filename":"D:\\a\\xet-core\\xet-core\\xet_client\\src\\cas_client\\adaptive_concurrency\\controller.rs","line_number":602}
{"timestamp":"2026-09-07T13:26:38.312073Z","level":"INFO","fields":{"message":"Concurrency control for download: Current concurrency = 4; predicted bandwidth = 143532; success_ratio = 1.000; reference_size = 61.0MB; observed bytes sent so far = 24534524; completed transmissions = 0"},"filename":"D:\\a\\xet-core\\xet-core\\xet_client\\src\\cas_client\\adaptive_concurrency\\controller.rs","line_number":602}
{"timestamp":"2026-09-07T13:26:48.483571Z","level":"INFO","fields":{"message":"Concurrency control for download: Current concurrency = 4; predicted bandwidth = 124307; success_ratio = 1.000; reference_size = 61.0MB; observed bytes sent so far = 26926588; completed transmissions = 0"},"filename":"D:\\a\\xet-core\\xet-core\\xet_client\\src\\cas_client\\adaptive_concurrency\\controller.rs","line_number":602}
{"timestamp":"2026-09-07T13:26:58.665486Z","level":"INFO","fields":{"message":"Concurrency control for download: Current concurrency = 4; predicted bandwidth = 115473; success_ratio = 1.000; reference_size = 61.0MB; observed bytes sent so far = 27975164; completed transmissions = 0"},"filename":"D:\\a\\xet-core\\xet-core\\xet_client\\src\\cas_client\\adaptive_concurrency\\controller.rs","line_number":602}
{"timestamp":"2026-09-07T13:27:08.737287Z","level":"INFO","fields":{"message":"Concurrency control for download: Current concurrency = 4; predicted bandwidth = 100973; success_ratio = 1.000; reference_size = 61.0MB; observed bytes sent so far = 31697778; completed transmissions = 0"},"filename":"D:\\a\\xet-core\\xet-core\\xet_client\\src\\cas_client\\adaptive_concurrency\\controller.rs","line_number":602}
{"timestamp":"2026-09-07T13:27:18.787085Z","level":"INFO","fields":{"message":"Concurrency control for download: Current concurrency = 4; predicted bandwidth = 82005; success_ratio = 1.000; reference_size = 61.0MB; observed bytes sent so far = 39549160; completed transmissions = 0"},"filename":"D:\\a\\xet-core\\xet-core\\xet_client\\src\\cas_client\\adaptive_concurrency\\controller.rs","line_number":602}
{"timestamp":"2026-09-07T13:27:28.803025Z","level":"INFO","fields":{"message":"Concurrency control for download: Current concurrency = 4; predicted bandwidth = 75830; success_ratio = 1.000; reference_size = 61.0MB; observed bytes sent so far = 42163708; completed transmissions = 0"},"filename":"D:\\a\\xet-core\\xet-core\\xet_client\\src\\cas_client\\adaptive_concurrency\\controller.rs","line_number":602}
{"timestamp":"2026-09-07T13:27:39.143327Z","level":"INFO","fields":{"message":"Concurrency control for download: Current concurrency = 4; predicted bandwidth = 71341; success_ratio = 1.000; reference_size = 61.0MB; observed bytes sent so far = 45456892; completed transmissions = 0"},"filename":"D:\\a\\xet-core\\xet-core\\xet_client\\src\\cas_client\\adaptive_concurrency\\controller.rs","line_number":602}
{"timestamp":"2026-09-07T13:27:49.388153Z","level":"INFO","fields":{"message":"Concurrency control for download: Current concurrency = 4; predicted bandwidth = 64454; success_ratio = 1.000; reference_size = 61.0MB; observed bytes sent so far = 51305980; completed transmissions = 0"},"filename":"D:\\a\\xet-core\\xet-core\\xet_client\\src\\cas_client\\adaptive_concurrency\\controller.rs","line_number":602}
{"timestamp":"2026-09-07T13:27:59.569309Z","level":"INFO","fields":{"message":"Concurrency control for download: Current concurrency = 4; predicted bandwidth = 61556; success_ratio = 1.000; reference_size = 61.0MB; observed bytes sent so far = 54107644; completed transmissions = 0"},"filename":"D:\\a\\xet-core\\xet-core\\xet_client\\src\\cas_client\\adaptive_concurrency\\controller.rs","line_number":602}
{"timestamp":"2026-09-07T13:28:09.684387Z","level":"INFO","fields":{"message":"Concurrency control for download: Current concurrency = 4; predicted bandwidth = 59095; success_ratio = 1.000; reference_size = 61.0MB; observed bytes sent so far = 58220028; completed transmissions = 0"},"filename":"D:\\a\\xet-core\\xet-core\\xet_client\\src\\cas_client\\adaptive_concurrency\\controller.rs","line_number":602}
{"timestamp":"2026-09-07T13:28:19.717997Z","level":"INFO","fields":{"message":"Concurrency control for download: Current concurrency = 4; predicted bandwidth = 53398; success_ratio = 1.000; reference_size = 61.0MB; observed bytes sent so far = 65461756; completed transmissions = 0"},"filename":"D:\\a\\xet-core\\xet-core\\xet_client\\src\\cas_client\\adaptive_concurrency\\controller.rs","line_number":602}
{"timestamp":"2026-09-07T13:28:29.779735Z","level":"INFO","fields":{"message":"Concurrency control for download: Current concurrency = 4; predicted bandwidth = 48803; success_ratio = 1.000; reference_size = 61.0MB; observed bytes sent so far = 73195004; completed transmissions = 0"},"filename":"D:\\a\\xet-core\\xet-core\\xet_client\\src\\cas_client\\adaptive_concurrency\\controller.rs","line_number":602}
{"timestamp":"2026-09-07T13:28:39.822783Z","level":"INFO","fields":{"message":"Concurrency control for download: Current concurrency = 4; predicted bandwidth = 46587; success_ratio = 1.000; reference_size = 61.0MB; observed bytes sent so far = 80112498; completed transmissions = 0"},"filename":"D:\\a\\xet-core\\xet-core\\xet_client\\src\\cas_client\\adaptive_concurrency\\controller.rs","line_number":602}
{"timestamp":"2026-09-07T13:28:49.896315Z","level":"INFO","fields":{"message":"Concurrency control for download: Current concurrency = 4; predicted bandwidth = 45899; success_ratio = 1.000; reference_size = 61.0MB; observed bytes sent so far = 87940604; completed transmissions = 0"},"filename":"D:\\a\\xet-core\\xet-core\\xet_client\\src\\cas_client\\adaptive_concurrency\\controller.rs","line_number":602}
{"timestamp":"2026-09-07T13:28:59.898431Z","level":"INFO","fields":{"message":"Concurrency control for download: Current concurrency = 4; predicted bandwidth = 46524; success_ratio = 1.000; reference_size = 61.0MB; observed bytes sent so far = 96247292; completed transmissions = 0"},"filename":"D:\\a\\xet-core\\xet-core\\xet_client\\src\\cas_client\\adaptive_concurrency\\controller.rs","line_number":602}
{"timestamp":"2026-09-07T13:29:09.911707Z","level":"INFO","fields":{"message":"Concurrency control for download: Current concurrency = 4; predicted bandwidth = 46662; success_ratio = 1.000; reference_size = 61.0MB; observed bytes sent so far = 103918450; completed transmissions = 0"},"filename":"D:\\a\\xet-core\\xet-core\\xet_client\\src\\cas_client\\adaptive_concurrency\\controller.rs","line_number":602}
{"timestamp":"2026-09-07T13:29:19.921690Z","level":"INFO","fields":{"message":"Concurrency control for download: Current concurrency = 4; predicted bandwidth = 47013; success_ratio = 1.000; reference_size = 61.0MB; observed bytes sent so far = 110960124; completed transmissions = 0"},"filename":"D:\\a\\xet-core\\xet-core\\xet_client\\src\\cas_client\\adaptive_concurrency\\controller.rs","line_number":602}
{"timestamp":"2026-09-07T13:29:30.150804Z","level":"INFO","fields":{"message":"Concurrency control for download: Current concurrency = 4; predicted bandwidth = 45396; success_ratio = 1.000; reference_size = 61.0MB; observed bytes sent so far = 115957244; completed transmissions = 0"},"filename":"D:\\a\\xet-core\\xet-core\\xet_client\\src\\cas_client\\adaptive_concurrency\\controller.rs","line_number":602}
{"timestamp":"2026-09-07T13:29:31.987302Z","level":"INFO","fields":{"message":"Concurrency control for download: Decreased concurrency from 4 to 3; reason: transfer failed (success_ratio = 1.000, threshold = 0.500)"},"filename":"D:\\a\\xet-core\\xet-core\\xet_client\\src\\cas_client\\adaptive_concurrency\\controller.rs","line_number":586}
{"timestamp":"2026-09-07T13:29:32.536535Z","level":"INFO","fields":{"message":"Concurrency control for download: Decreased concurrency from 3 to 2; reason: success ratio below threshold (connection struggling) (success_ratio = 1.000, threshold = 0.500)"},"filename":"D:\\a\\xet-core\\xet-core\\xet_client\\src\\cas_client\\adaptive_concurrency\\controller.rs","line_number":586}
{"timestamp":"2026-09-07T13:29:32.732493Z","level":"INFO","fields":{"message":"Received CAS response","request_id":"01M1Y0YK46WABYAHRXRC2MT8AE","status_code":206},"filename":"D:\\a\\xet-core\\xet-core\\xet_client\\src\\common\\http_client.rs","line_number":288}
{"timestamp":"2026-09-07T13:29:32.732541Z","level":"INFO","fields":{"message":"Request Success: s3::get_range api call succeeded (request id 01M1Y0YK46WABYAHRXRC2MT8AE, retry 1)."},"filename":"D:\\a\\xet-core\\xet-core\\xet_client\\src\\cas_client\\retry_wrapper.rs","line_number":237}
{"timestamp":"2026-09-07T13:29:33.240215Z","level":"INFO","fields":{"message":"Concurrency control for download: Decreased concurrency from 2 to 1; reason: success ratio below threshold (connection struggling) (success_ratio = 1.000, threshold = 0.500)"},"filename":"D:\\a\\xet-core\\xet-core\\xet_client\\src\\cas_client\\adaptive_concurrency\\controller.rs","line_number":586}
{"timestamp":"2026-09-07T13:29:33.865082Z","level":"INFO","fields":{"message":"Concurrency control for download: Decreased concurrency from 1 to 1; reason: success ratio below threshold (connection struggling) (success_ratio = 1.000, threshold = 0.500)"},"filename":"D:\\a\\xet-core\\xet-core\\xet_client\\src\\cas_client\\adaptive_concurrency\\controller.rs","line_number":586}
{"timestamp":"2026-09-07T13:29:34.663014Z","level":"INFO","fields":{"message":"Concurrency control for download: Decreased concurrency from 1 to 1; reason: success ratio below threshold (connection struggling) (success_ratio = 1.000, threshold = 0.500)"},"filename":"D:\\a\\xet-core\\xet-core\\xet_client\\src\\cas_client\\adaptive_concurrency\\controller.rs","line_number":586}
{"timestamp":"2026-09-07T13:29:35.207460Z","level":"INFO","fields":{"message":"Concurrency control for download: Decreased concurrency from 1 to 1; reason: success ratio below threshold (connection struggling) (success_ratio = 1.000, threshold = 0.500)"},"filename":"D:\\a\\xet-core\\xet-core\\xet_client\\src\\cas_client\\adaptive_concurrency\\controller.rs","line_number":586}
{"timestamp":"2026-09-07T13:29:35.734375Z","level":"INFO","fields":{"message":"Concurrency control for download: Decreased concurrency from 1 to 1; reason: success ratio below threshold (connection struggling) (success_ratio = 1.000, threshold = 0.500)"},"filename":"D:\\a\\xet-core\\xet-core\\xet_client\\src\\cas_client\\adaptive_concurrency\\controller.rs","line_number":586}
{"timestamp":"2026-09-07T13:29:36.459014Z","level":"INFO","fields":{"message":"Concurrency control for download: Decreased concurrency from 1 to 1; reason: success ratio below threshold (connection struggling) (success_ratio = 1.000, threshold = 0.500)"},"filename":"D:\\a\\xet-core\\xet-core\\xet_client\\src\\cas_client\\adaptive_concurrency\\controller.rs","line_number":586}
{"timestamp":"2026-09-07T13:29:36.962030Z","level":"INFO","fields":{"message":"Concurrency control for download: Decreased concurrency from 1 to 1; reason: success ratio below threshold (connection struggling) (success_ratio = 1.000, threshold = 0.500)"},"filename":"D:\\a\\xet-core\\xet-core\\xet_client\\src\\cas_client\\adaptive_concurrency\\controller.rs","line_number":586}
{"timestamp":"2026-09-07T13:29:37.471345Z","level":"INFO","fields":{"message":"Concurrency control for download: Decreased concurrency from 1 to 1; reason: success ratio below threshold (connection struggling) (success_ratio = 1.000, threshold = 0.500)"},"filename":"D:\\a\\xet-core\\xet-core\\xet_client\\src\\cas_client\\adaptive_concurrency\\controller.rs","line_number":586}
{"timestamp":"2026-09-07T13:29:38.045698Z","level":"INFO","fields":{"message":"Concurrency control for download: Decreased concurrency from 1 to 1; reason: success ratio below threshold (connection struggling) (success_ratio = 1.000, threshold = 0.500)"},"filename":"D:\\a\\xet-core\\xet-core\\xet_client\\src\\cas_client\\adaptive_concurrency\\controller.rs","line_number":586}
{"timestamp":"2026-09-07T13:29:38.649341Z","level":"INFO","fields":{"message":"Concurrency control for download: Decreased concurrency from 1 to 1; reason: success ratio below threshold (connection struggling) (success_ratio = 1.000, threshold = 0.500)"},"filename":"D:\\a\\xet-core\\xet-core\\xet_client\\src\\cas_client\\adaptive_concurrency\\controller.rs","line_number":586}
{"timestamp":"2026-09-07T13:29:39.150069Z","level":"INFO","fields":{"message":"Concurrency control for download: Decreased concurrency from 1 to 1; reason: success ratio below threshold (connection struggling) (success_ratio = 1.000, threshold = 0.500)"},"filename":"D:\\a\\xet-core\\xet-core\\xet_client\\src\\cas_client\\adaptive_concurrency\\controller.rs","line_number":586}
{"timestamp":"2026-09-07T13:29:39.681011Z","level":"INFO","fields":{"message":"Concurrency control for download: Decreased concurrency from 1 to 1; reason: success ratio below threshold (connection struggling) (success_ratio = 1.000, threshold = 0.500)"},"filename":"D:\\a\\xet-core\\xet-core\\xet_client\\src\\cas_client\\adaptive_concurrency\\controller.rs","line_number":586}
{"timestamp":"2026-09-07T13:29:40.272844Z","level":"INFO","fields":{"message":"Concurrency control for download: Decreased concurrency from 1 to 1; reason: success ratio below threshold (connection struggling) (success_ratio = 1.000, threshold = 0.500)"},"filename":"D:\\a\\xet-core\\xet-core\\xet_client\\src\\cas_client\\adaptive_concurrency\\controller.rs","line_number":586}
{"timestamp":"2026-09-07T13:29:40.272913Z","level":"INFO","fields":{"message":"Concurrency control for download: Current concurrency = 1; predicted bandwidth = 39540; success_ratio = 1.000; reference_size = 61.0MB; observed bytes sent so far = 120790524; completed transmissions = 1"},"filename":"D:\\a\\xet-core\\xet-core\\xet_client\\src\\cas_client\\adaptive_concurrency\\controller.rs","line_number":602}
{"timestamp":"2026-09-07T13:29:40.893705Z","level":"INFO","fields":{"message":"Concurrency control for download: Decreased concurrency from 1 to 1; reason: success ratio below threshold (connection struggling) (success_ratio = 1.000, threshold = 0.500)"},"filename":"D:\\a\\xet-core\\xet-core\\xet_client\\src\\cas_client\\adaptive_concurrency\\controller.rs","line_number":586}
{"timestamp":"2026-09-07T13:29:41.595492Z","level":"INFO","fields":{"message":"Concurrency control for download: Decreased concurrency from 1 to 1; reason: success ratio below threshold (connection struggling) (success_ratio = 1.000, threshold = 0.500)"},"filename":"D:\\a\\xet-core\\xet-core\\xet_client\\src\\cas_client\\adaptive_concurrency\\controller.rs","line_number":586}
{"timestamp":"2026-09-07T13:29:42.129381Z","level":"INFO","fields":{"message":"Concurrency control for download: Decreased concurrency from 1 to 1; reason: success ratio below threshold (connection struggling) (success_ratio = 1.000, threshold = 0.500)"},"filename":"D:\\a\\xet-core\\xet-core\\xet_client\\src\\cas_client\\adaptive_concurrency\\controller.rs","line_number":586}
{"timestamp":"2026-09-07T13:29:42.919606Z","level":"INFO","fields":{"message":"Concurrency control for download: Decreased concurrency from 1 to 1; reason: success ratio below threshold (connection struggling) (success_ratio = 1.000, threshold = 0.500)"},"filename":"D:\\a\\xet-core\\xet-core\\xet_client\\src\\cas_client\\adaptive_concurrency\\controller.rs","line_number":586}
{"timestamp":"2026-09-07T13:29:43.425934Z","level":"INFO","fields":{"message":"Concurrency control for download: Decreased concurrency from 1 to 1; reason: success ratio below threshold (connection struggling) (success_ratio = 1.000, threshold = 0.500)"},"filename":"D:\\a\\xet-core\\xet-core\\xet_client\\src\\cas_client\\adaptive_concurrency\\controller.rs","line_number":586}
{"timestamp":"2026-09-07T13:29:44.059419Z","level":"INFO","fields":{"message":"Concurrency control for download: Decreased concurrency from 1 to 1; reason: success ratio below threshold (connection struggling) (success_ratio = 1.000, threshold = 0.500)"},"filename":"D:\\a\\xet-core\\xet-core\\xet_client\\src\\cas_client\\adaptive_concurrency\\controller.rs","line_number":586}
{"timestamp":"2026-09-07T13:29:44.664798Z","level":"INFO","fields":{"message":"Concurrency control for download: Decreased concurrency from 1 to 1; reason: success ratio below threshold (connection struggling) (success_ratio = 1.000, threshold = 0.500)"},"filename":"D:\\a\\xet-core\\xet-core\\xet_client\\src\\cas_client\\adaptive_concurrency\\controller.rs","line_number":586}
{"timestamp":"2026-09-07T13:29:45.244138Z","level":"INFO","fields":{"message":"Concurrency control for download: Decreased concurrency from 1 to 1; reason: success ratio below threshold (connection struggling) (success_ratio = 1.000, threshold = 0.500)"},"filename":"D:\\a\\xet-core\\xet-core\\xet_client\\src\\cas_client\\adaptive_concurrency\\controller.rs","line_number":586}
{"timestamp":"2026-09-07T13:29:45.748338Z","level":"INFO","fields":{"message":"Concurrency control for download: Decreased concurrency from 1 to 1; reason: success ratio below threshold (connection struggling) (success_ratio = 1.000, threshold = 0.500)"},"filename":"D:\\a\\xet-core\\xet-core\\xet_client\\src\\cas_client\\adaptive_concurrency\\controller.rs","line_number":586}
{"timestamp":"2026-09-07T13:29:46.282818Z","level":"INFO","fields":{"message":"Concurrency control for download: Decreased concurrency from 1 to 1; reason: success ratio below threshold (connection struggling) (success_ratio = 1.000, threshold = 0.500)"},"filename":"D:\\a\\xet-core\\xet-core\\xet_client\\src\\cas_client\\adaptive_concurrency\\controller.rs","line_number":586}
{"timestamp":"2026-09-07T13:29:46.784739Z","level":"INFO","fields":{"message":"Concurrency control for download: Decreased concurrency from 1 to 1; reason: success ratio below threshold (connection struggling) (success_ratio = 1.000, threshold = 0.500)"},"filename":"D:\\a\\xet-core\\xet-core\\xet_client\\src\\cas_client\\adaptive_concurrency\\controller.rs","line_number":586}
{"timestamp":"2026-09-07T13:29:47.357204Z","level":"INFO","fields":{"message":"Concurrency control for download: Decreased concurrency from 1 to 1; reason: success ratio below threshold (connection struggling) (success_ratio = 1.000, threshold = 0.500)"},"filename":"D:\\a\\xet-core\\xet-core\\xet_client\\src\\cas_client\\adaptive_concurrency\\controller.rs","line_number":586}
{"timestamp":"2026-09-07T13:29:47.873980Z","level":"INFO","fields":{"message":"Concurrency control for download: Decreased concurrency from 1 to 1; reason: success ratio below threshold (connection struggling) (success_ratio = 1.000, threshold = 0.500)"},"filename":"D:\\a\\xet-core\\xet-core\\xet_client\\src\\cas_client\\adaptive_concurrency\\controller.rs","line_number":586}
{"timestamp":"2026-09-07T13:29:48.393766Z","level":"INFO","fields":{"message":"Concurrency control for download: Decreased concurrency from 1 to 1; reason: success ratio below threshold (connection struggling) (success_ratio = 1.000, threshold = 0.500)"},"filename":"D:\\a\\xet-core\\xet-core\\xet_client\\src\\cas_client\\adaptive_concurrency\\controller.rs","line_number":586}
{"timestamp":"2026-09-07T13:29:48.981471Z","level":"INFO","fields":{"message":"Concurrency control for download: Decreased concurrency from 1 to 1; reason: success ratio below threshold (connection struggling) (success_ratio = 1.000, threshold = 0.500)"},"filename":"D:\\a\\xet-core\\xet-core\\xet_client\\src\\cas_client\\adaptive_concurrency\\controller.rs","line_number":586}
{"timestamp":"2026-09-07T13:29:49.514260Z","level":"INFO","fields":{"message":"Concurrency control for download: Decreased concurrency from 1 to 1; reason: success ratio below threshold (connection struggling) (success_ratio = 1.000, threshold = 0.500)"},"filename":"D:\\a\\xet-core\\xet-core\\xet_client\\src\\cas_client\\adaptive_concurrency\\controller.rs","line_number":586}
{"timestamp":"2026-09-07T13:29:50.242643Z","level":"INFO","fields":{"message":"Concurrency control for download: Decreased concurrency from 1 to 1; reason: success ratio below threshold (connection struggling) (success_ratio = 1.000, threshold = 0.500)"},"filename":"D:\\a\\xet-core\\xet-core\\xet_client\\src\\cas_client\\adaptive_concurrency\\controller.rs","line_number":586}
{"timestamp":"2026-09-07T13:29:50.305583Z","level":"INFO","fields":{"message":"Concurrency control for download: Current concurrency = 1; predicted bandwidth = 37150; success_ratio = 1.000; reference_size = 61.0MB; observed bytes sent so far = 125647080; completed transmissions = 2"},"filename":"D:\\a\\xet-core\\xet-core\\xet_client\\src\\cas_client\\adaptive_concurrency\\controller.rs","line_number":602}
{"timestamp":"2026-09-07T13:29:50.759501Z","level":"INFO","fields":{"message":"Concurrency control for download: Decreased concurrency from 1 to 1; reason: success ratio below threshold (connection struggling) (success_ratio = 1.000, threshold = 0.500)"},"filename":"D:\\a\\xet-core\\xet-core\\xet_client\\src\\cas_client\\adaptive_concurrency\\controller.rs","line_number":586}
{"timestamp":"2026-09-07T13:29:51.307242Z","level":"INFO","fields":{"message":"Concurrency control for download: Decreased concurrency from 1 to 1; reason: success ratio below threshold (connection struggling) (success_ratio = 1.000, threshold = 0.500)"},"filename":"D:\\a\\xet-core\\xet-core\\xet_client\\src\\cas_client\\adaptive_concurrency\\controller.rs","line_number":586}
{"timestamp":"2026-09-07T13:29:51.865440Z","level":"INFO","fields":{"message":"Concurrency control for download: Decreased concurrency from 1 to 1; reason: success ratio below threshold (connection struggling) (success_ratio = 1.000, threshold = 0.500)"},"filename":"D:\\a\\xet-core\\xet-core\\xet_client\\src\\cas_client\\adaptive_concurrency\\controller.rs","line_number":586}
{"timestamp":"2026-09-07T13:29:51.879403Z","level":"INFO","fields":{"message":"Received CAS response","request_id":"01M1Y0Z5Q2AEAAP22KPNJN9M5N","status_code":206},"filename":"D:\\a\\xet-core\\xet-core\\xet_client\\src\\common\\http_client.rs","line_number":288}
{"timestamp":"2026-09-07T13:29:51.879456Z","level":"INFO","fields":{"message":"Request Success: s3::get_range api call succeeded (request id 01M1Y0Z5Q2AEAAP22KPNJN9M5N, retry 1)."},"filename":"D:\\a\\xet-core\\xet-core\\xet_client\\src\\cas_client\\retry_wrapper.rs","line_number":237}
{"timestamp":"2026-09-07T13:29:52.504188Z","level":"INFO","fields":{"message":"Concurrency control for download: Decreased concurrency from 1 to 1; reason: success ratio below threshold (connection struggling) (success_ratio = 1.000, threshold = 0.500)"},"filename":"D:\\a\\xet-core\\xet-core\\xet_client\\src\\cas_client\\adaptive_concurrency\\controller.rs","line_number":586}
{"timestamp":"2026-09-07T13:29:53.089896Z","level":"INFO","fields":{"message":"Concurrency control for download: Decreased concurrency from 1 to 1; reason: success ratio below threshold (connection struggling) (success_ratio = 1.000, threshold = 0.500)"},"filename":"D:\\a\\xet-core\\xet-core\\xet_client\\src\\cas_client\\adaptive_concurrency\\controller.rs","line_number":586}
{"timestamp":"2026-09-07T13:29:53.608505Z","level":"INFO","fields":{"message":"Concurrency control for download: Decreased concurrency from 1 to 1; reason: success ratio below threshold (connection struggling) (success_ratio = 1.000, threshold = 0.500)"},"filename":"D:\\a\\xet-core\\xet-core\\xet_client\\src\\cas_client\\adaptive_concurrency\\controller.rs","line_number":586}
{"timestamp":"2026-09-07T13:29:54.325692Z","level":"INFO","fields":{"message":"Concurrency control for download: Decreased concurrency from 1 to 1; reason: success ratio below threshold (connection struggling) (success_ratio = 1.000, threshold = 0.500)"},"filename":"D:\\a\\xet-core\\xet-core\\xet_client\\src\\cas_client\\adaptive_concurrency\\controller.rs","line_number":586}
{"timestamp":"2026-09-07T13:29:55.150476Z","level":"INFO","fields":{"message":"Concurrency control for download: Decreased concurrency from 1 to 1; reason: success ratio below threshold (connection struggling) (success_ratio = 1.000, threshold = 0.500)"},"filename":"D:\\a\\xet-core\\xet-core\\xet_client\\src\\cas_client\\adaptive_concurrency\\controller.rs","line_number":586}
{"timestamp":"2026-09-07T13:29:55.656511Z","level":"INFO","fields":{"message":"Concurrency control for download: Decreased concurrency from 1 to 1; reason: success ratio below threshold (connection struggling) (success_ratio = 1.000, threshold = 0.500)"},"filename":"D:\\a\\xet-core\\xet-core\\xet_client\\src\\cas_client\\adaptive_concurrency\\controller.rs","line_number":586}
{"timestamp":"2026-09-07T13:29:56.161453Z","level":"INFO","fields":{"message":"Concurrency control for download: Decreased concurrency from 1 to 1; reason: success ratio below threshold (connection struggling) (success_ratio = 1.000, threshold = 0.500)"},"filename":"D:\\a\\xet-core\\xet-core\\xet_client\\src\\cas_client\\adaptive_concurrency\\controller.rs","line_number":586}
{"timestamp":"2026-09-07T13:29:56.839510Z","level":"INFO","fields":{"message":"Concurrency control for download: Decreased concurrency from 1 to 1; reason: success ratio below threshold (connection struggling) (success_ratio = 1.000, threshold = 0.500)"},"filename":"D:\\a\\xet-core\\xet-core\\xet_client\\src\\cas_client\\adaptive_concurrency\\controller.rs","line_number":586}
{"timestamp":"2026-09-07T13:29:57.368270Z","level":"INFO","fields":{"message":"Concurrency control for download: Decreased concurrency from 1 to 1; reason: success ratio below threshold (connection struggling) (success_ratio = 1.000, threshold = 0.500)"},"filename":"D:\\a\\xet-core\\xet-core\\xet_client\\src\\cas_client\\adaptive_concurrency\\controller.rs","line_number":586}
{"timestamp":"2026-09-07T13:29:58.017660Z","level":"INFO","fields":{"message":"Concurrency control for download: Decreased concurrency from 1 to 1; reason: success ratio below threshold (connection struggling) (success_ratio = 1.000, threshold = 0.500)"},"filename":"D:\\a\\xet-core\\xet-core\\xet_client\\src\\cas_client\\adaptive_concurrency\\controller.rs","line_number":586}
{"timestamp":"2026-09-07T13:29:58.681554Z","level":"INFO","fields":{"message":"Concurrency control for download: Decreased concurrency from 1 to 1; reason: success ratio below threshold (connection struggling) (success_ratio = 1.000, threshold = 0.500)"},"filename":"D:\\a\\xet-core\\xet-core\\xet_client\\src\\cas_client\\adaptive_concurrency\\controller.rs","line_number":586}
{"timestamp":"2026-09-07T13:29:59.817220Z","level":"INFO","fields":{"message":"Concurrency control for download: Decreased concurrency from 1 to 1; reason: success ratio below threshold (connection struggling) (success_ratio = 1.000, threshold = 0.500)"},"filename":"D:\\a\\xet-core\\xet-core\\xet_client\\src\\cas_client\\adaptive_concurrency\\controller.rs","line_number":586}
{"timestamp":"2026-09-07T13:30:00.467416Z","level":"INFO","fields":{"message":"Concurrency control for download: Decreased concurrency from 1 to 1; reason: success ratio below threshold (connection struggling) (success_ratio = 1.000, threshold = 0.500)"},"filename":"D:\\a\\xet-core\\xet-core\\xet_client\\src\\cas_client\\adaptive_concurrency\\controller.rs","line_number":586}
{"timestamp":"2026-09-07T13:30:00.467482Z","level":"INFO","fields":{"message":"Concurrency control for download: Current concurrency = 1; predicted bandwidth = 36770; success_ratio = 1.000; reference_size = 61.0MB; observed bytes sent so far = 129366633; completed transmissions = 3"},"filename":"D:\\a\\xet-core\\xet-core\\xet_client\\src\\cas_client\\adaptive_concurrency\\controller.rs","line_number":602}
{"timestamp":"2026-09-07T13:30:01.174898Z","level":"INFO","fields":{"message":"Concurrency control for download: Decreased concurrency from 1 to 1; reason: success ratio below threshold (connection struggling) (success_ratio = 1.000, threshold = 0.500)"},"filename":"D:\\a\\xet-core\\xet-core\\xet_client\\src\\cas_client\\adaptive_concurrency\\controller.rs","line_number":586}
{"timestamp":"2026-09-07T13:30:02.175286Z","level":"INFO","fields":{"message":"Concurrency control for download: Decreased concurrency from 1 to 1; reason: success ratio below threshold (connection struggling) (success_ratio = 1.000, threshold = 0.500)"},"filename":"D:\\a\\xet-core\\xet-core\\xet_client\\src\\cas_client\\adaptive_concurrency\\controller.rs","line_number":586}
{"timestamp":"2026-09-07T13:30:02.690801Z","level":"INFO","fields":{"message":"Concurrency control for download: Decreased concurrency from 1 to 1; reason: success ratio below threshold (connection struggling) (success_ratio = 1.000, threshold = 0.500)"},"filename":"D:\\a\\xet-core\\xet-core\\xet_client\\src\\cas_client\\adaptive_concurrency\\controller.rs","line_number":586}
{"timestamp":"2026-09-07T13:30:03.328146Z","level":"INFO","fields":{"message":"Concurrency control for download: Decreased concurrency from 1 to 1; reason: success ratio below threshold (connection struggling) (success_ratio = 1.000, threshold = 0.500)"},"filename":"D:\\a\\xet-core\\xet-core\\xet_client\\src\\cas_client\\adaptive_concurrency\\controller.rs","line_number":586}
{"timestamp":"2026-09-07T13:30:03.886980Z","level":"INFO","fields":{"message":"Concurrency control for download: Decreased concurrency from 1 to 1; reason: success ratio below threshold (connection struggling) (success_ratio = 1.000, threshold = 0.500)"},"filename":"D:\\a\\xet-core\\xet-core\\xet_client\\src\\cas_client\\adaptive_concurrency\\controller.rs","line_number":586}
{"timestamp":"2026-09-07T13:30:04.484367Z","level":"INFO","fields":{"message":"Concurrency control for download: Decreased concurrency from 1 to 1; reason: success ratio below threshold (connection struggling) (success_ratio = 1.000, threshold = 0.500)"},"filename":"D:\\a\\xet-core\\xet-core\\xet_client\\src\\cas_client\\adaptive_concurrency\\controller.rs","line_number":586}
{"timestamp":"2026-09-07T13:30:05.174025Z","level":"INFO","fields":{"message":"Concurrency control for download: Decreased concurrency from 1 to 1; reason: success ratio below threshold (connection struggling) (success_ratio = 1.000, threshold = 0.500)"},"filename":"D:\\a\\xet-core\\xet-core\\xet_client\\src\\cas_client\\adaptive_concurrency\\controller.rs","line_number":586}
{"timestamp":"2026-09-07T13:30:05.785325Z","level":"INFO","fields":{"message":"Concurrency control for download: Decreased concurrency from 1 to 1; reason: success ratio below threshold (connection struggling) (success_ratio = 1.000, threshold = 0.500)"},"filename":"D:\\a\\xet-core\\xet-core\\xet_client\\src\\cas_client\\adaptive_concurrency\\controller.rs","line_number":586}
{"timestamp":"2026-09-07T13:30:06.464920Z","level":"INFO","fields":{"message":"Concurrency control for download: Decreased concurrency from 1 to 1; reason: success ratio below threshold (connection struggling) (success_ratio = 1.000, threshold = 0.500)"},"filename":"D:\\a\\xet-core\\xet-core\\xet_client\\src\\cas_client\\adaptive_concurrency\\controller.rs","line_number":586}
{"timestamp":"2026-09-07T13:30:07.136627Z","level":"INFO","fields":{"message":"Concurrency control for download: Decreased concurrency from 1 to 1; reason: success ratio below threshold (connection struggling) (success_ratio = 1.000, threshold = 0.500)"},"filename":"D:\\a\\xet-core\\xet-core\\xet_client\\src\\cas_client\\adaptive_concurrency\\controller.rs","line_number":586}
{"timestamp":"2026-09-07T13:30:07.648686Z","level":"INFO","fields":{"message":"Concurrency control for download: Decreased concurrency from 1 to 1; reason: success ratio below threshold (connection struggling) (success_ratio = 1.000, threshold = 0.500)"},"filename":"D:\\a\\xet-core\\xet-core\\xet_client\\src\\cas_client\\adaptive_concurrency\\controller.rs","line_number":586}
{"timestamp":"2026-09-07T13:30:08.429949Z","level":"INFO","fields":{"message":"Concurrency control for download: Decreased concurrency from 1 to 1; reason: success ratio below threshold (connection struggling) (success_ratio = 1.000, threshold = 0.500)"},"filename":"D:\\a\\xet-core\\xet-core\\xet_client\\src\\cas_client\\adaptive_concurrency\\controller.rs","line_number":586}
{"timestamp":"2026-09-07T13:30:09.128622Z","level":"INFO","fields":{"message":"Concurrency control for download: Decreased concurrency from 1 to 1; reason: success ratio below threshold (connection struggling) (success_ratio = 1.000, threshold = 0.500)"},"filename":"D:\\a\\xet-core\\xet-core\\xet_client\\src\\cas_client\\adaptive_concurrency\\controller.rs","line_number":586}
{"timestamp":"2026-09-07T13:30:09.779751Z","level":"INFO","fields":{"message":"Concurrency control for download: Decreased concurrency from 1 to 1; reason: success ratio below threshold (connection struggling) (success_ratio = 1.000, threshold = 0.500)"},"filename":"D:\\a\\xet-core\\xet-core\\xet_client\\src\\cas_client\\adaptive_concurrency\\controller.rs","line_number":586}
{"timestamp":"2026-09-07T13:30:10.407099Z","level":"INFO","fields":{"message":"Concurrency control for download: Decreased concurrency from 1 to 1; reason: success ratio below threshold (connection struggling) (success_ratio = 1.000, threshold = 0.500)"},"filename":"D:\\a\\xet-core\\xet-core\\xet_client\\src\\cas_client\\adaptive_concurrency\\controller.rs","line_number":586}
{"timestamp":"2026-09-07T13:30:10.690221Z","level":"INFO","fields":{"message":"Concurrency control for download: Current concurrency = 1; predicted bandwidth = 34044; success_ratio = 1.000; reference_size = 61.0MB; observed bytes sent so far = 132639987; completed transmissions = 3"},"filename":"D:\\a\\xet-core\\xet-core\\xet_client\\src\\cas_client\\adaptive_concurrency\\controller.rs","line_number":602}
{"timestamp":"2026-09-07T13:30:11.088940Z","level":"INFO","fields":{"message":"Concurrency control for download: Decreased concurrency from 1 to 1; reason: success ratio below threshold (connection struggling) (success_ratio = 1.000, threshold = 0.500)"},"filename":"D:\\a\\xet-core\\xet-core\\xet_client\\src\\cas_client\\adaptive_concurrency\\controller.rs","line_number":586}
{"timestamp":"2026-09-07T13:30:11.739791Z","level":"INFO","fields":{"message":"Concurrency control for download: Decreased concurrency from 1 to 1; reason: success ratio below threshold (connection struggling) (success_ratio = 1.000, threshold = 0.500)"},"filename":"D:\\a\\xet-core\\xet-core\\xet_client\\src\\cas_client\\adaptive_concurrency\\controller.rs","line_number":586}
{"timestamp":"2026-09-07T13:30:12.273475Z","level":"INFO","fields":{"message":"Concurrency control for download: Decreased concurrency from 1 to 1; reason: success ratio below threshold (connection struggling) (success_ratio = 1.000, threshold = 0.500)"},"filename":"D:\\a\\xet-core\\xet-core\\xet_client\\src\\cas_client\\adaptive_concurrency\\controller.rs","line_number":586}
{"timestamp":"2026-09-07T13:30:12.953005Z","level":"INFO","fields":{"message":"Concurrency control for download: Decreased concurrency from 1 to 1; reason: success ratio below threshold (connection struggling) (success_ratio = 1.000, threshold = 0.500)"},"filename":"D:\\a\\xet-core\\xet-core\\xet_client\\src\\cas_client\\adaptive_concurrency\\controller.rs","line_number":586}
{"timestamp":"2026-09-07T13:30:13.914870Z","level":"INFO","fields":{"message":"Concurrency control for download: Decreased concurrency from 1 to 1; reason: success ratio below threshold (connection struggling) (success_ratio = 1.000, threshold = 0.500)"},"filename":"D:\\a\\xet-core\\xet-core\\xet_client\\src\\cas_client\\adaptive_concurrency\\controller.rs","line_number":586}
{"timestamp":"2026-09-07T13:30:14.700830Z","level":"INFO","fields":{"message":"Concurrency control for download: Decreased concurrency from 1 to 1; reason: success ratio below threshold (connection struggling) (success_ratio = 1.000, threshold = 0.500)"},"filename":"D:\\a\\xet-core\\xet-core\\xet_client\\src\\cas_client\\adaptive_concurrency\\controller.rs","line_number":586}
{"timestamp":"2026-09-07T13:30:15.392894Z","level":"INFO","fields":{"message":"Concurrency control for download: Decreased concurrency from 1 to 1; reason: success ratio below threshold (connection struggling) (success_ratio = 1.000, threshold = 0.500)"},"filename":"D:\\a\\xet-core\\xet-core\\xet_client\\src\\cas_client\\adaptive_concurrency\\controller.rs","line_number":586}
{"timestamp":"2026-09-07T13:30:15.923269Z","level":"INFO","fields":{"message":"Concurrency control for download: Decreased concurrency from 1 to 1; reason: success ratio below threshold (connection struggling) (success_ratio = 1.000, threshold = 0.500)"},"filename":"D:\\a\\xet-core\\xet-core\\xet_client\\src\\cas_client\\adaptive_concurrency\\controller.rs","line_number":586}
{"timestamp":"2026-09-07T13:30:16.511684Z","level":"INFO","fields":{"message":"Concurrency control for download: Decreased concurrency from 1 to 1; reason: success ratio below threshold (connection struggling) (success_ratio = 1.000, threshold = 0.500)"},"filename":"D:\\a\\xet-core\\xet-core\\xet_client\\src\\cas_client\\adaptive_concurrency\\controller.rs","line_number":586}
{"timestamp":"2026-09-07T13:30:17.139442Z","level":"INFO","fields":{"message":"Concurrency control for download: Decreased concurrency from 1 to 1; reason: success ratio below threshold (connection struggling) (success_ratio = 1.000, threshold = 0.500)"},"filename":"D:\\a\\xet-core\\xet-core\\xet_client\\src\\cas_client\\adaptive_concurrency\\controller.rs","line_number":586}
{"timestamp":"2026-09-07T13:30:17.777271Z","level":"INFO","fields":{"message":"Concurrency control for download: Decreased concurrency from 1 to 1; reason: success ratio below threshold (connection struggling) (success_ratio = 1.000, threshold = 0.500)"},"filename":"D:\\a\\xet-core\\xet-core\\xet_client\\src\\cas_client\\adaptive_concurrency\\controller.rs","line_number":586}
{"timestamp":"2026-09-07T13:30:18.353732Z","level":"INFO","fields":{"message":"Concurrency control for download: Decreased concurrency from 1 to 1; reason: success ratio below threshold (connection struggling) (success_ratio = 1.000, threshold = 0.500)"},"filename":"D:\\a\\xet-core\\xet-core\\xet_client\\src\\cas_client\\adaptive_concurrency\\controller.rs","line_number":586}
{"timestamp":"2026-09-07T13:30:18.996152Z","level":"INFO","fields":{"message":"Concurrency control for download: Decreased concurrency from 1 to 1; reason: success ratio below threshold (connection struggling) (success_ratio = 1.000, threshold = 0.500)"},"filename":"D:\\a\\xet-core\\xet-core\\xet_client\\src\\cas_client\\adaptive_concurrency\\controller.rs","line_number":586}
{"timestamp":"2026-09-07T13:30:19.720537Z","level":"INFO","fields":{"message":"Concurrency control for download: Decreased concurrency from 1 to 1; reason: success ratio below threshold (connection struggling) (success_ratio = 1.000, threshold = 0.500)"},"filename":"D:\\a\\xet-core\\xet-core\\xet_client\\src\\cas_client\\adaptive_concurrency\\controller.rs","line_number":586}
{"timestamp":"2026-09-07T13:30:20.282904Z","level":"INFO","fields":{"message":"Concurrency control for download: Decreased concurrency from 1 to 1; reason: success ratio below threshold (connection struggling) (success_ratio = 1.000, threshold = 0.500)"},"filename":"D:\\a\\xet-core\\xet-core\\xet_client\\src\\cas_client\\adaptive_concurrency\\controller.rs","line_number":586}
{"timestamp":"2026-09-07T13:30:20.832555Z","level":"INFO","fields":{"message":"Concurrency control for download: Decreased concurrency from 1 to 1; reason: success ratio below threshold (connection struggling) (success_ratio = 1.000, threshold = 0.500)"},"filename":"D:\\a\\xet-core\\xet-core\\xet_client\\src\\cas_client\\adaptive_concurrency\\controller.rs","line_number":586}
{"timestamp":"2026-09-07T13:30:20.832618Z","level":"INFO","fields":{"message":"Concurrency control for download: Current concurrency = 1; predicted bandwidth = 32509; success_ratio = 1.000; reference_size = 61.0MB; observed bytes sent so far = 135605491; completed transmissions = 3"},"filename":"D:\\a\\xet-core\\xet-core\\xet_client\\src\\cas_client\\adaptive_concurrency\\controller.rs","line_number":602}
{"timestamp":"2026-09-07T13:30:21.353306Z","level":"INFO","fields":{"message":"Concurrency control for download: Decreased concurrency from 1 to 1; reason: success ratio below threshold (connection struggling) (success_ratio = 1.000, threshold = 0.500)"},"filename":"D:\\a\\xet-core\\xet-core\\xet_client\\src\\cas_client\\adaptive_concurrency\\controller.rs","line_number":586}
{"timestamp":"2026-09-07T13:30:22.303231Z","level":"INFO","fields":{"message":"Concurrency control for download: Decreased concurrency from 1 to 1; reason: success ratio below threshold (connection struggling) (success_ratio = 1.000, threshold = 0.500)"},"filename":"D:\\a\\xet-core\\xet-core\\xet_client\\src\\cas_client\\adaptive_concurrency\\controller.rs","line_number":586}
{"timestamp":"2026-09-07T13:30:22.831570Z","level":"INFO","fields":{"message":"Concurrency control for download: Decreased concurrency from 1 to 1; reason: success ratio below threshold (connection struggling) (success_ratio = 1.000, threshold = 0.500)"},"filename":"D:\\a\\xet-core\\xet-core\\xet_client\\src\\cas_client\\adaptive_concurrency\\controller.rs","line_number":586}
{"timestamp":"2026-09-07T13:30:23.644594Z","level":"INFO","fields":{"message":"Concurrency control for download: Decreased concurrency from 1 to 1; reason: success ratio below threshold (connection struggling) (success_ratio = 1.000, threshold = 0.500)"},"filename":"D:\\a\\xet-core\\xet-core\\xet_client\\src\\cas_client\\adaptive_concurrency\\controller.rs","line_number":586}
{"timestamp":"2026-09-07T13:30:24.324040Z","level":"INFO","fields":{"message":"Concurrency control for download: Decreased concurrency from 1 to 1; reason: success ratio below threshold (connection struggling) (success_ratio = 1.000, threshold = 0.500)"},"filename":"D:\\a\\xet-core\\xet-core\\xet_client\\src\\cas_client\\adaptive_concurrency\\controller.rs","line_number":586}
{"timestamp":"2026-09-07T13:30:24.949412Z","level":"INFO","fields":{"message":"Concurrency control for download: Decreased concurrency from 1 to 1; reason: success ratio below threshold (connection struggling) (success_ratio = 1.000, threshold = 0.500)"},"filename":"D:\\a\\xet-core\\xet-core\\xet_client\\src\\cas_client\\adaptive_concurrency\\controller.rs","line_number":586}
{"timestamp":"2026-09-07T13:30:25.990155Z","level":"INFO","fields":{"message":"Concurrency control for download: Decreased concurrency from 1 to 1; reason: success ratio below threshold (connection struggling) (success_ratio = 1.000, threshold = 0.500)"},"filename":"D:\\a\\xet-core\\xet-core\\xet_client\\src\\cas_client\\adaptive_concurrency\\controller.rs","line_number":586}
{"timestamp":"2026-09-07T13:30:26.652271Z","level":"INFO","fields":{"message":"Concurrency control for download: Decreased concurrency from 1 to 1; reason: success ratio below threshold (connection struggling) (success_ratio = 1.000, threshold = 0.500)"},"filename":"D:\\a\\xet-core\\xet-core\\xet_client\\src\\cas_client\\adaptive_concurrency\\controller.rs","line_number":586}
{"timestamp":"2026-09-07T13:30:27.395418Z","level":"INFO","fields":{"message":"Concurrency control for download: Decreased concurrency from 1 to 1; reason: success ratio below threshold (connection struggling) (success_ratio = 1.000, threshold = 0.500)"},"filename":"D:\\a\\xet-core\\xet-core\\xet_client\\src\\cas_client\\adaptive_concurrency\\controller.rs","line_number":586}
{"timestamp":"2026-09-07T13:30:27.925159Z","level":"INFO","fields":{"message":"Concurrency control for download: Decreased concurrency from 1 to 1; reason: success ratio below threshold (connection struggling) (success_ratio = 1.000, threshold = 0.500)"},"filename":"D:\\a\\xet-core\\xet-core\\xet_client\\src\\cas_client\\adaptive_concurrency\\controller.rs","line_number":586}
{"timestamp":"2026-09-07T13:30:29.105660Z","level":"INFO","fields":{"message":"Concurrency control for download: Decreased concurrency from 1 to 1; reason: success ratio below threshold (connection struggling) (success_ratio = 1.000, threshold = 0.500)"},"filename":"D:\\a\\xet-core\\xet-core\\xet_client\\src\\cas_client\\adaptive_concurrency\\controller.rs","line_number":586}
{"timestamp":"2026-09-07T13:30:29.652805Z","level":"INFO","fields":{"message":"Concurrency control for download: Decreased concurrency from 1 to 1; reason: success ratio below threshold (connection struggling) (success_ratio = 1.000, threshold = 0.500)"},"filename":"D:\\a\\xet-core\\xet-core\\xet_client\\src\\cas_client\\adaptive_concurrency\\controller.rs","line_number":586}
{"timestamp":"2026-09-07T13:30:30.904276Z","level":"INFO","fields":{"message":"Concurrency control for download: Decreased concurrency from 1 to 1; reason: success ratio below threshold (connection struggling) (success_ratio = 1.000, threshold = 0.500)"},"filename":"D:\\a\\xet-core\\xet-core\\xet_client\\src\\cas_client\\adaptive_concurrency\\controller.rs","line_number":586}
{"timestamp":"2026-09-07T13:30:30.904318Z","level":"INFO","fields":{"message":"Concurrency control for download: Current concurrency = 1; predicted bandwidth = 31081; success_ratio = 1.000; reference_size = 61.0MB; observed bytes sent so far = 138567487; completed transmissions = 3"},"filename":"D:\\a\\xet-core\\xet-core\\xet_client\\src\\cas_client\\adaptive_concurrency\\controller.rs","line_number":602}
{"timestamp":"2026-09-07T13:30:31.437795Z","level":"INFO","fields":{"message":"Concurrency control for download: Decreased concurrency from 1 to 1; reason: success ratio below threshold (connection struggling) (success_ratio = 1.000, threshold = 0.500)"},"filename":"D:\\a\\xet-core\\xet-core\\xet_client\\src\\cas_client\\adaptive_concurrency\\controller.rs","line_number":586}
{"timestamp":"2026-09-07T13:30:32.227031Z","level":"INFO","fields":{"message":"Concurrency control for download: Decreased concurrency from 1 to 1; reason: success ratio below threshold (connection struggling) (success_ratio = 1.000, threshold = 0.500)"},"filename":"D:\\a\\xet-core\\xet-core\\xet_client\\src\\cas_client\\adaptive_concurrency\\controller.rs","line_number":586}
{"timestamp":"2026-09-07T13:30:32.766411Z","level":"INFO","fields":{"message":"Concurrency control for download: Decreased concurrency from 1 to 1; reason: success ratio below threshold (connection struggling) (success_ratio = 1.000, threshold = 0.500)"},"filename":"D:\\a\\xet-core\\xet-core\\xet_client\\src\\cas_client\\adaptive_concurrency\\controller.rs","line_number":586}
{"timestamp":"2026-09-07T13:30:33.479146Z","level":"INFO","fields":{"message":"Concurrency control for download: Decreased concurrency from 1 to 1; reason: success ratio below threshold (connection struggling) (success_ratio = 1.000, threshold = 0.500)"},"filename":"D:\\a\\xet-core\\xet-core\\xet_client\\src\\cas_client\\adaptive_concurrency\\controller.rs","line_number":586}
{"timestamp":"2026-09-07T13:30:34.382914Z","level":"INFO","fields":{"message":"Received CAS response","request_id":"01M1Y10FB9MC98WE48E14W2G9R","status_code":206},"filename":"D:\\a\\xet-core\\xet-core\\xet_client\\src\\common\\http_client.rs","line_number":288}
{"timestamp":"2026-09-07T13:30:34.382969Z","level":"INFO","fields":{"message":"Request Success: s3::get_range api call succeeded (request id 01M1Y10FB9MC98WE48E14W2G9R, retry 1)."},"filename":"D:\\a\\xet-core\\xet-core\\xet_client\\src\\cas_client\\retry_wrapper.rs","line_number":237}
{"timestamp":"2026-09-07T13:31:26.791263Z","level":"INFO","fields":{"message":"Concurrency control for download: Current concurrency = 1; predicted bandwidth = 30896; success_ratio = 1.000; reference_size = 61.0MB; observed bytes sent so far = 139521267; completed transmissions = 4"},"filename":"D:\\a\\xet-core\\xet-core\\xet_client\\src\\cas_client\\adaptive_concurrency\\controller.rs","line_number":602}
{"timestamp":"2026-09-07T13:31:36.864785Z","level":"INFO","fields":{"message":"Concurrency control for download: Current concurrency = 1; predicted bandwidth = 76810; success_ratio = 1.000; reference_size = 61.0MB; observed bytes sent so far = 145157363; completed transmissions = 4"},"filename":"D:\\a\\xet-core\\xet-core\\xet_client\\src\\cas_client\\adaptive_concurrency\\controller.rs","line_number":602}
{"timestamp":"2026-09-07T13:31:46.956277Z","level":"INFO","fields":{"message":"Concurrency control for download: Current concurrency = 1; predicted bandwidth = 95020; success_ratio = 1.000; reference_size = 61.0MB; observed bytes sent so far = 150662387; completed transmissions = 4"},"filename":"D:\\a\\xet-core\\xet-core\\xet_client\\src\\cas_client\\adaptive_concurrency\\controller.rs","line_number":602}
{"timestamp":"2026-09-07T13:31:56.988806Z","level":"INFO","fields":{"message":"Concurrency control for download: Current concurrency = 1; predicted bandwidth = 34030; success_ratio = 1.000; reference_size = 61.0MB; observed bytes sent so far = 156380403; completed transmissions = 4"},"filename":"D:\\a\\xet-core\\xet-core\\xet_client\\src\\cas_client\\adaptive_concurrency\\controller.rs","line_number":602}
{"timestamp":"2026-09-07T13:32:03.952975Z","level":"INFO","fields":{"message":"Concurrency control for download: Decreased concurrency from 1 to 1; reason: success ratio below threshold (connection struggling) (success_ratio = 1.000, threshold = 0.500)"},"filename":"D:\\a\\xet-core\\xet-core\\xet_client\\src\\cas_client\\adaptive_concurrency\\controller.rs","line_number":586}
{"timestamp":"2026-09-07T13:32:04.615472Z","level":"INFO","fields":{"message":"Concurrency control for download: Decreased concurrency from 1 to 1; reason: success ratio below threshold (connection struggling) (success_ratio = 1.000, threshold = 0.500)"},"filename":"D:\\a\\xet-core\\xet-core\\xet_client\\src\\cas_client\\adaptive_concurrency\\controller.rs","line_number":586}
{"timestamp":"2026-09-07T13:32:05.474201Z","level":"INFO","fields":{"message":"Concurrency control for download: Decreased concurrency from 1 to 1; reason: success ratio below threshold (connection struggling) (success_ratio = 1.000, threshold = 0.500)"},"filename":"D:\\a\\xet-core\\xet-core\\xet_client\\src\\cas_client\\adaptive_concurrency\\controller.rs","line_number":586}
{"timestamp":"2026-09-07T13:32:06.136780Z","level":"INFO","fields":{"message":"Concurrency control for download: Decreased concurrency from 1 to 1; reason: success ratio below threshold (connection struggling) (success_ratio = 1.000, threshold = 0.500)"},"filename":"D:\\a\\xet-core\\xet-core\\xet_client\\src\\cas_client\\adaptive_concurrency\\controller.rs","line_number":586}
{"timestamp":"2026-09-07T13:32:07.067867Z","level":"INFO","fields":{"message":"Concurrency control for download: Decreased concurrency from 1 to 1; reason: success ratio below threshold (connection struggling) (success_ratio = 1.000, threshold = 0.500)"},"filename":"D:\\a\\xet-core\\xet-core\\xet_client\\src\\cas_client\\adaptive_concurrency\\controller.rs","line_number":586}
{"timestamp":"2026-09-07T13:32:07.067915Z","level":"INFO","fields":{"message":"Concurrency control for download: Current concurrency = 1; predicted bandwidth = 21299; success_ratio = 1.000; reference_size = 61.0MB; observed bytes sent so far = 158422646; completed transmissions = 5"},"filename":"D:\\a\\xet-core\\xet-core\\xet_client\\src\\cas_client\\adaptive_concurrency\\controller.rs","line_number":602}
{"timestamp":"2026-09-07T13:32:07.773981Z","level":"INFO","fields":{"message":"Concurrency control for download: Decreased concurrency from 1 to 1; reason: success ratio below threshold (connection struggling) (success_ratio = 1.000, threshold = 0.500)"},"filename":"D:\\a\\xet-core\\xet-core\\xet_client\\src\\cas_client\\adaptive_concurrency\\controller.rs","line_number":586}
{"timestamp":"2026-09-07T13:32:08.437286Z","level":"INFO","fields":{"message":"Concurrency control for download: Decreased concurrency from 1 to 1; reason: success ratio below threshold (connection struggling) (success_ratio = 1.000, threshold = 0.500)"},"filename":"D:\\a\\xet-core\\xet-core\\xet_client\\src\\cas_client\\adaptive_concurrency\\controller.rs","line_number":586}
{"timestamp":"2026-09-07T13:32:09.161932Z","level":"INFO","fields":{"message":"Concurrency control for download: Decreased concurrency from 1 to 1; reason: success ratio below threshold (connection struggling) (success_ratio = 1.000, threshold = 0.500)"},"filename":"D:\\a\\xet-core\\xet-core\\xet_client\\src\\cas_client\\adaptive_concurrency\\controller.rs","line_number":586}
{"timestamp":"2026-09-07T13:32:10.215502Z","level":"INFO","fields":{"message":"Concurrency control for download: Decreased concurrency from 1 to 1; reason: success ratio below threshold (connection struggling) (success_ratio = 1.000, threshold = 0.500)"},"filename":"D:\\a\\xet-core\\xet-core\\xet_client\\src\\cas_client\\adaptive_concurrency\\controller.rs","line_number":586}
{"timestamp":"2026-09-07T13:32:11.348731Z","level":"INFO","fields":{"message":"Concurrency control for download: Decreased concurrency from 1 to 1; reason: success ratio below threshold (connection struggling) (success_ratio = 1.000, threshold = 0.500)"},"filename":"D:\\a\\xet-core\\xet-core\\xet_client\\src\\cas_client\\adaptive_concurrency\\controller.rs","line_number":586}
{"timestamp":"2026-09-07T13:32:11.916304Z","level":"INFO","fields":{"message":"Concurrency control for download: Decreased concurrency from 1 to 1; reason: success ratio below threshold (connection struggling) (success_ratio = 1.000, threshold = 0.500)"},"filename":"D:\\a\\xet-core\\xet-core\\xet_client\\src\\cas_client\\adaptive_concurrency\\controller.rs","line_number":586}
{"timestamp":"2026-09-07T13:32:12.416703Z","level":"INFO","fields":{"message":"Concurrency control for download: Decreased concurrency from 1 to 1; reason: success ratio below threshold (connection struggling) (success_ratio = 1.000, threshold = 0.500)"},"filename":"D:\\a\\xet-core\\xet-core\\xet_client\\src\\cas_client\\adaptive_concurrency\\controller.rs","line_number":586}
{"timestamp":"2026-09-07T13:32:12.966064Z","level":"INFO","fields":{"message":"Concurrency control for download: Decreased concurrency from 1 to 1; reason: success ratio below threshold (connection struggling) (success_ratio = 1.000, threshold = 0.500)"},"filename":"D:\\a\\xet-core\\xet-core\\xet_client\\src\\cas_client\\adaptive_concurrency\\controller.rs","line_number":586}
{"timestamp":"2026-09-07T13:32:13.583060Z","level":"INFO","fields":{"message":"Concurrency control for download: Decreased concurrency from 1 to 1; reason: success ratio below threshold (connection struggling) (success_ratio = 1.000, threshold = 0.500)"},"filename":"D:\\a\\xet-core\\xet-core\\xet_client\\src\\cas_client\\adaptive_concurrency\\controller.rs","line_number":586}
{"timestamp":"2026-09-07T13:32:14.093527Z","level":"INFO","fields":{"message":"Concurrency control for download: Decreased concurrency from 1 to 1; reason: success ratio below threshold (connection struggling) (success_ratio = 1.000, threshold = 0.500)"},"filename":"D:\\a\\xet-core\\xet-core\\xet_client\\src\\cas_client\\adaptive_concurrency\\controller.rs","line_number":586}
{"timestamp":"2026-09-07T13:32:14.872823Z","level":"INFO","fields":{"message":"Concurrency control for download: Decreased concurrency from 1 to 1; reason: success ratio below threshold (connection struggling) (success_ratio = 1.000, threshold = 0.500)"},"filename":"D:\\a\\xet-core\\xet-core\\xet_client\\src\\cas_client\\adaptive_concurrency\\controller.rs","line_number":586}
{"timestamp":"2026-09-07T13:32:15.493543Z","level":"INFO","fields":{"message":"Concurrency control for download: Decreased concurrency from 1 to 1; reason: success ratio below threshold (connection struggling) (success_ratio = 1.000, threshold = 0.500)"},"filename":"D:\\a\\xet-core\\xet-core\\xet_client\\src\\cas_client\\adaptive_concurrency\\controller.rs","line_number":586}
{"timestamp":"2026-09-07T13:32:16.051804Z","level":"INFO","fields":{"message":"Concurrency control for download: Decreased concurrency from 1 to 1; reason: success ratio below threshold (connection struggling) (success_ratio = 1.000, threshold = 0.500)"},"filename":"D:\\a\\xet-core\\xet-core\\xet_client\\src\\cas_client\\adaptive_concurrency\\controller.rs","line_number":586}
{"timestamp":"2026-09-07T13:32:16.763666Z","level":"INFO","fields":{"message":"Concurrency control for download: Decreased concurrency from 1 to 1; reason: success ratio below threshold (connection struggling) (success_ratio = 1.000, threshold = 0.500)"},"filename":"D:\\a\\xet-core\\xet-core\\xet_client\\src\\cas_client\\adaptive_concurrency\\controller.rs","line_number":586}
{"timestamp":"2026-09-07T13:32:17.094887Z","level":"INFO","fields":{"message":"Concurrency control for download: Current concurrency = 1; predicted bandwidth = 32127; success_ratio = 1.000; reference_size = 61.0MB; observed bytes sent so far = 163907840; completed transmissions = 6"},"filename":"D:\\a\\xet-core\\xet-core\\xet_client\\src\\cas_client\\adaptive_concurrency\\controller.rs","line_number":602}
{"timestamp":"2026-09-07T13:32:17.300475Z","level":"INFO","fields":{"message":"Concurrency control for download: Decreased concurrency from 1 to 1; reason: success ratio below threshold (connection struggling) (success_ratio = 1.000, threshold = 0.500)"},"filename":"D:\\a\\xet-core\\xet-core\\xet_client\\src\\cas_client\\adaptive_concurrency\\controller.rs","line_number":586}
{"timestamp":"2026-09-07T13:32:17.822009Z","level":"INFO","fields":{"message":"Concurrency control for download: Decreased concurrency from 1 to 1; reason: success ratio below threshold (connection struggling) (success_ratio = 1.000, threshold = 0.500)"},"filename":"D:\\a\\xet-core\\xet-core\\xet_client\\src\\cas_client\\adaptive_concurrency\\controller.rs","line_number":586}
{"timestamp":"2026-09-07T13:32:18.449724Z","level":"INFO","fields":{"message":"Concurrency control for download: Decreased concurrency from 1 to 1; reason: success ratio below threshold (connection struggling) (success_ratio = 1.000, threshold = 0.500)"},"filename":"D:\\a\\xet-core\\xet-core\\xet_client\\src\\cas_client\\adaptive_concurrency\\controller.rs","line_number":586}
{"timestamp":"2026-09-07T13:32:19.213851Z","level":"INFO","fields":{"message":"Concurrency control for download: Decreased concurrency from 1 to 1; reason: success ratio below threshold (connection struggling) (success_ratio = 1.000, threshold = 0.500)"},"filename":"D:\\a\\xet-core\\xet-core\\xet_client\\src\\cas_client\\adaptive_concurrency\\controller.rs","line_number":586}
{"timestamp":"2026-09-07T13:32:19.955798Z","level":"INFO","fields":{"message":"Concurrency control for download: Decreased concurrency from 1 to 1; reason: success ratio below threshold (connection struggling) (success_ratio = 1.000, threshold = 0.500)"},"filename":"D:\\a\\xet-core\\xet-core\\xet_client\\src\\cas_client\\adaptive_concurrency\\controller.rs","line_number":586}
{"timestamp":"2026-09-07T13:32:20.614215Z","level":"INFO","fields":{"message":"Concurrency control for download: Decreased concurrency from 1 to 1; reason: success ratio below threshold (connection struggling) (success_ratio = 1.000, threshold = 0.500)"},"filename":"D:\\a\\xet-core\\xet-core\\xet_client\\src\\cas_client\\adaptive_concurrency\\controller.rs","line_number":586}
{"timestamp":"2026-09-07T13:32:21.247639Z","level":"INFO","fields":{"message":"Concurrency control for download: Decreased concurrency from 1 to 1; reason: success ratio below threshold (connection struggling) (success_ratio = 1.000, threshold = 0.500)"},"filename":"D:\\a\\xet-core\\xet-core\\xet_client\\src\\cas_client\\adaptive_concurrency\\controller.rs","line_number":586}
{"timestamp":"2026-09-07T13:32:21.941179Z","level":"INFO","fields":{"message":"Concurrency control for download: Decreased concurrency from 1 to 1; reason: success ratio below threshold (connection struggling) (success_ratio = 1.000, threshold = 0.500)"},"filename":"D:\\a\\xet-core\\xet-core\\xet_client\\src\\cas_client\\adaptive_concurrency\\controller.rs","line_number":586}
{"timestamp":"2026-09-07T13:32:22.457827Z","level":"INFO","fields":{"message":"Concurrency control for download: Decreased concurrency from 1 to 1; reason: success ratio below threshold (connection struggling) (success_ratio = 1.000, threshold = 0.500)"},"filename":"D:\\a\\xet-core\\xet-core\\xet_client\\src\\cas_client\\adaptive_concurrency\\controller.rs","line_number":586}
{"timestamp":"2026-09-07T13:32:23.402945Z","level":"INFO","fields":{"message":"Received CAS response","request_id":"01M1Y13SV28Y4Y80GG7D1EXS30","status_code":206},"filename":"D:\\a\\xet-core\\xet-core\\xet_client\\src\\common\\http_client.rs","line_number":288}
{"timestamp":"2026-09-07T13:32:23.402991Z","level":"INFO","fields":{"message":"Request Success: s3::get_range api call succeeded (request id 01M1Y13SV28Y4Y80GG7D1EXS30, retry 2)."},"filename":"D:\\a\\xet-core\\xet-core\\xet_client\\src\\cas_client\\retry_wrapper.rs","line_number":237}
{"timestamp":"2026-09-07T13:32:28.273552Z","level":"INFO","fields":{"message":"Received CAS response","request_id":"01M1Y13YJWY8HKEKKNSG3QP5PS","status_code":206},"filename":"D:\\a\\xet-core\\xet-core\\xet_client\\src\\common\\http_client.rs","line_number":288}
{"timestamp":"2026-09-07T13:32:28.273584Z","level":"INFO","fields":{"message":"Request Success: s3::get_range api call succeeded (request id 01M1Y13YJWY8HKEKKNSG3QP5PS, retry 2)."},"filename":"D:\\a\\xet-core\\xet-core\\xet_client\\src\\cas_client\\retry_wrapper.rs","line_number":237}
{"timestamp":"2026-09-07T13:33:33.025279Z","level":"INFO","fields":{"message":"Concurrency control for download: Current concurrency = 1; predicted bandwidth = 36277; success_ratio = 1.000; reference_size = 61.0MB; observed bytes sent so far = 169527552; completed transmissions = 7"},"filename":"D:\\a\\xet-core\\xet-core\\xet_client\\src\\cas_client\\adaptive_concurrency\\controller.rs","line_number":602}
{"timestamp":"2026-09-07T13:34:08.097890Z","level":"INFO","fields":{"message":"Concurrency control for download: Decreased concurrency from 1 to 1; reason: success ratio below threshold (connection struggling) (success_ratio = 1.000, threshold = 0.500)"},"filename":"D:\\a\\xet-core\\xet-core\\xet_client\\src\\cas_client\\adaptive_concurrency\\controller.rs","line_number":586}
{"timestamp":"2026-09-07T13:34:08.097950Z","level":"INFO","fields":{"message":"Concurrency control for download: Current concurrency = 1; predicted bandwidth = 167903; success_ratio = 1.000; reference_size = 46.7MB; observed bytes sent so far = 170632624; completed transmissions = 8"},"filename":"D:\\a\\xet-core\\xet-core\\xet_client\\src\\cas_client\\adaptive_concurrency\\controller.rs","line_number":602}
{"timestamp":"2026-09-07T13:34:08.538286Z","level":"INFO","fields":{"message":"Retry strategy","retry":"RetryWrapper { max_attempts: 5, base_delay: 3s, max_duration: 360s, no_retry_on_429: false, retry_on_403: true, expected_416: false, expected_404: false, log_errors_as_info: false, api_tag: \"s3::get_range\", has_connection_permit: true }"},"filename":"D:\\a\\xet-core\\xet-core\\xet_client\\src\\cas_client\\retry_wrapper.rs","line_number":274}
{"timestamp":"2026-09-07T13:34:08.608762Z","level":"INFO","fields":{"message":"Received CAS response","request_id":"01M1Y170JJPB5NG39DNAKMFZJB","status_code":206},"filename":"D:\\a\\xet-core\\xet-core\\xet_client\\src\\common\\http_client.rs","line_number":288}
{"timestamp":"2026-09-07T13:34:08.608802Z","level":"INFO","fields":{"message":"Request Success: s3::get_range api call succeeded (request id 01M1Y170JJPB5NG39DNAKMFZJB)."},"filename":"D:\\a\\xet-core\\xet-core\\xet_client\\src\\cas_client\\retry_wrapper.rs","line_number":237}
{"timestamp":"2026-09-07T13:34:18.232043Z","level":"INFO","fields":{"message":"Concurrency control for download: Current concurrency = 1; predicted bandwidth = 121498; success_ratio = 1.000; reference_size = 46.9MB; observed bytes sent so far = 177396213; completed transmissions = 9"},"filename":"D:\\a\\xet-core\\xet-core\\xet_client\\src\\cas_client\\adaptive_concurrency\\controller.rs","line_number":602}
{"timestamp":"2026-09-07T13:34:28.279014Z","level":"INFO","fields":{"message":"Concurrency control for download: Current concurrency = 1; predicted bandwidth = 145582; success_ratio = 1.000; reference_size = 46.9MB; observed bytes sent so far = 185506293; completed transmissions = 9"},"filename":"D:\\a\\xet-core\\xet-core\\xet_client\\src\\cas_client\\adaptive_concurrency\\controller.rs","line_number":602}
{"timestamp":"2026-09-07T13:34:38.307894Z","level":"INFO","fields":{"message":"Concurrency control for download: Current concurrency = 1; predicted bandwidth = 174453; success_ratio = 1.000; reference_size = 46.9MB; observed bytes sent so far = 194550261; completed transmissions = 9"},"filename":"D:\\a\\xet-core\\xet-core\\xet_client\\src\\cas_client\\adaptive_concurrency\\controller.rs","line_number":602}
{"timestamp":"2026-09-07T13:34:48.334011Z","level":"INFO","fields":{"message":"Concurrency control for download: Current concurrency = 1; predicted bandwidth = 200227; success_ratio = 1.000; reference_size = 46.9MB; observed bytes sent so far = 203020789; completed transmissions = 9"},"filename":"D:\\a\\xet-core\\xet-core\\xet_client\\src\\cas_client\\adaptive_concurrency\\controller.rs","line_number":602}
{"timestamp":"2026-09-07T13:34:58.516762Z","level":"INFO","fields":{"message":"Concurrency control for download: Current concurrency = 1; predicted bandwidth = 222261; success_ratio = 1.000; reference_size = 46.9MB; observed bytes sent so far = 212376053; completed transmissions = 9"},"filename":"D:\\a\\xet-core\\xet-core\\xet_client\\src\\cas_client\\adaptive_concurrency\\controller.rs","line_number":602}
{"timestamp":"2026-09-07T13:35:03.936541Z","level":"INFO","fields":{"message":"Retry strategy","retry":"RetryWrapper { max_attempts: 5, base_delay: 3s, max_duration: 360s, no_retry_on_429: false, retry_on_403: true, expected_416: false, expected_404: false, log_errors_as_info: false, api_tag: \"s3::get_range\", has_connection_permit: true }"},"filename":"D:\\a\\xet-core\\xet-core\\xet_client\\src\\cas_client\\retry_wrapper.rs","line_number":274}
{"timestamp":"2026-09-07T13:35:04.003493Z","level":"INFO","fields":{"message":"Received CAS response","request_id":"01M1Y18PNNWFTBGS0BVR76E73Q","status_code":206},"filename":"D:\\a\\xet-core\\xet-core\\xet_client\\src\\common\\http_client.rs","line_number":288}
{"timestamp":"2026-09-07T13:35:04.003551Z","level":"INFO","fields":{"message":"Request Success: s3::get_range api call succeeded (request id 01M1Y18PNNWFTBGS0BVR76E73Q)."},"filename":"D:\\a\\xet-core\\xet-core\\xet_client\\src\\cas_client\\retry_wrapper.rs","line_number":237}
{"timestamp":"2026-09-07T13:35:08.559890Z","level":"INFO","fields":{"message":"Concurrency control for download: Current concurrency = 1; predicted bandwidth = 387054; success_ratio = 1.000; reference_size = 47.0MB; observed bytes sent so far = 220842893; completed transmissions = 10"},"filename":"D:\\a\\xet-core\\xet-core\\xet_client\\src\\cas_client\\adaptive_concurrency\\controller.rs","line_number":602}
{"timestamp":"2026-09-07T13:35:12.611507Z","level":"INFO","fields":{"message":"Retry strategy","retry":"RetryWrapper { max_attempts: 5, base_delay: 3s, max_duration: 360s, no_retry_on_429: false, retry_on_403: true, expected_416: false, expected_404: false, log_errors_as_info: false, api_tag: \"s3::get_range\", has_connection_permit: true }"},"filename":"D:\\a\\xet-core\\xet-core\\xet_client\\src\\cas_client\\retry_wrapper.rs","line_number":274}
{"timestamp":"2026-09-07T13:35:12.689304Z","level":"INFO","fields":{"message":"Received CAS response","request_id":"01M1Y18Z55KZSA9WQ5T9ASJC07","status_code":206},"filename":"D:\\a\\xet-core\\xet-core\\xet_client\\src\\common\\http_client.rs","line_number":288}
{"timestamp":"2026-09-07T13:35:12.689365Z","level":"INFO","fields":{"message":"Request Success: s3::get_range api call succeeded (request id 01M1Y18Z55KZSA9WQ5T9ASJC07)."},"filename":"D:\\a\\xet-core\\xet-core\\xet_client\\src\\cas_client\\retry_wrapper.rs","line_number":237}
{"timestamp":"2026-09-07T13:35:18.561813Z","level":"INFO","fields":{"message":"Concurrency control for download: Current concurrency = 1; predicted bandwidth = 731421; success_ratio = 1.000; reference_size = 61.0MB; observed bytes sent so far = 230280079; completed transmissions = 11"},"filename":"D:\\a\\xet-core\\xet-core\\xet_client\\src\\cas_client\\adaptive_concurrency\\controller.rs","line_number":602}
{"timestamp":"2026-09-07T13:35:28.751073Z","level":"INFO","fields":{"message":"Concurrency control for download: Current concurrency = 1; predicted bandwidth = 739554; success_ratio = 1.000; reference_size = 61.0MB; observed bytes sent so far = 239700879; completed transmissions = 11"},"filename":"D:\\a\\xet-core\\xet-core\\xet_client\\src\\cas_client\\adaptive_concurrency\\controller.rs","line_number":602}
{"timestamp":"2026-09-07T13:35:38.949115Z","level":"INFO","fields":{"message":"Concurrency control for download: Current concurrency = 1; predicted bandwidth = 746973; success_ratio = 1.000; reference_size = 61.0MB; observed bytes sent so far = 248695695; completed transmissions = 11"},"filename":"D:\\a\\xet-core\\xet-core\\xet_client\\src\\cas_client\\adaptive_concurrency\\controller.rs","line_number":602}
{"timestamp":"2026-09-07T13:35:49.132523Z","level":"INFO","fields":{"message":"Concurrency control for download: Current concurrency = 1; predicted bandwidth = 745349; success_ratio = 1.000; reference_size = 61.0MB; observed bytes sent so far = 256002959; completed transmissions = 11"},"filename":"D:\\a\\xet-core\\xet-core\\xet_client\\src\\cas_client\\adaptive_concurrency\\controller.rs","line_number":602}
{"timestamp":"2026-09-07T13:35:59.281462Z","level":"INFO","fields":{"message":"Concurrency control for download: Current concurrency = 1; predicted bandwidth = 737434; success_ratio = 1.000; reference_size = 61.0MB; observed bytes sent so far = 265325455; completed transmissions = 11"},"filename":"D:\\a\\xet-core\\xet-core\\xet_client\\src\\cas_client\\adaptive_concurrency\\controller.rs","line_number":602}
{"timestamp":"2026-09-07T13:36:07.887507Z","level":"INFO","fields":{"message":"Retry strategy","retry":"RetryWrapper { max_attempts: 5, base_delay: 3s, max_duration: 360s, no_retry_on_429: false, retry_on_403: true, expected_416: false, expected_404: false, log_errors_as_info: false, api_tag: \"s3::get_range\", has_connection_permit: true }"},"filename":"D:\\a\\xet-core\\xet-core\\xet_client\\src\\cas_client\\retry_wrapper.rs","line_number":274}
{"timestamp":"2026-09-07T13:36:07.970330Z","level":"INFO","fields":{"message":"Received CAS response","request_id":"01M1Y1AN4KMF8ABARTA1JTAP4D","status_code":206},"filename":"D:\\a\\xet-core\\xet-core\\xet_client\\src\\common\\http_client.rs","line_number":288}
{"timestamp":"2026-09-07T13:36:07.970401Z","level":"INFO","fields":{"message":"Request Success: s3::get_range api call succeeded (request id 01M1Y1AN4KMF8ABARTA1JTAP4D)."},"filename":"D:\\a\\xet-core\\xet-core\\xet_client\\src\\cas_client\\retry_wrapper.rs","line_number":237}
{"timestamp":"2026-09-07T13:36:09.308577Z","level":"INFO","fields":{"message":"Concurrency control for download: Current concurrency = 1; predicted bandwidth = 669372; success_ratio = 1.000; reference_size = 61.0MB; observed bytes sent so far = 269894965; completed transmissions = 12"},"filename":"D:\\a\\xet-core\\xet-core\\xet_client\\src\\cas_client\\adaptive_concurrency\\controller.rs","line_number":602}
{"timestamp":"2026-09-07T13:36:19.417949Z","level":"INFO","fields":{"message":"Concurrency control for download: Current concurrency = 1; predicted bandwidth = 668617; success_ratio = 1.000; reference_size = 61.0MB; observed bytes sent so far = 275449141; completed transmissions = 12"},"filename":"D:\\a\\xet-core\\xet-core\\xet_client\\src\\cas_client\\adaptive_concurrency\\controller.rs","line_number":602}
{"timestamp":"2026-09-07T13:36:29.449882Z","level":"INFO","fields":{"message":"Concurrency control for download: Current concurrency = 1; predicted bandwidth = 657658; success_ratio = 1.000; reference_size = 61.0MB; observed bytes sent so far = 283870517; completed transmissions = 12"},"filename":"D:\\a\\xet-core\\xet-core\\xet_client\\src\\cas_client\\adaptive_concurrency\\controller.rs","line_number":602}
{"timestamp":"2026-09-07T13:36:39.517487Z","level":"INFO","fields":{"message":"Concurrency control for download: Current concurrency = 1; predicted bandwidth = 639450; success_ratio = 1.000; reference_size = 61.0MB; observed bytes sent so far = 292308277; completed transmissions = 12"},"filename":"D:\\a\\xet-core\\xet-core\\xet_client\\src\\cas_client\\adaptive_concurrency\\controller.rs","line_number":602}
{"timestamp":"2026-09-07T13:36:49.521910Z","level":"INFO","fields":{"message":"Concurrency control for download: Current concurrency = 1; predicted bandwidth = 624929; success_ratio = 1.000; reference_size = 61.0MB; observed bytes sent so far = 301712693; completed transmissions = 12"},"filename":"D:\\a\\xet-core\\xet-core\\xet_client\\src\\cas_client\\adaptive_concurrency\\controller.rs","line_number":602}
{"timestamp":"2026-09-07T13:36:59.664267Z","level":"INFO","fields":{"message":"Concurrency control for download: Current concurrency = 1; predicted bandwidth = 621053; success_ratio = 1.000; reference_size = 61.0MB; observed bytes sent so far = 310723893; completed transmissions = 12"},"filename":"D:\\a\\xet-core\\xet-core\\xet_client\\src\\cas_client\\adaptive_concurrency\\controller.rs","line_number":602}
{"timestamp":"2026-09-07T13:37:03.420812Z","level":"INFO","fields":{"message":"Retry strategy","retry":"RetryWrapper { max_attempts: 5, base_delay: 3s, max_duration: 360s, no_retry_on_429: false, retry_on_403: true, expected_416: false, expected_404: false, log_errors_as_info: false, api_tag: \"s3::get_range\", has_connection_permit: true }"},"filename":"D:\\a\\xet-core\\xet-core\\xet_client\\src\\cas_client\\retry_wrapper.rs","line_number":274}
{"timestamp":"2026-09-07T13:37:03.481566Z","level":"INFO","fields":{"message":"Received CAS response","request_id":"01M1Y1CBBKGD3ND5Y0YSZHHNWF","status_code":206},"filename":"D:\\a\\xet-core\\xet-core\\xet_client\\src\\common\\http_client.rs","line_number":288}
{"timestamp":"2026-09-07T13:37:03.481616Z","level":"INFO","fields":{"message":"Request Success: s3::get_range api call succeeded (request id 01M1Y1CBBKGD3ND5Y0YSZHHNWF)."},"filename":"D:\\a\\xet-core\\xet-core\\xet_client\\src\\cas_client\\retry_wrapper.rs","line_number":237}
{"timestamp":"2026-09-07T13:37:09.766507Z","level":"INFO","fields":{"message":"Concurrency control for download: Current concurrency = 1; predicted bandwidth = 728172; success_ratio = 1.000; reference_size = 61.0MB; observed bytes sent so far = 319862049; completed transmissions = 13"},"filename":"D:\\a\\xet-core\\xet-core\\xet_client\\src\\cas_client\\adaptive_concurrency\\controller.rs","line_number":602}
{"timestamp":"2026-09-07T13:37:19.921565Z","level":"INFO","fields":{"message":"Concurrency control for download: Current concurrency = 1; predicted bandwidth = 816538; success_ratio = 1.000; reference_size = 61.0MB; observed bytes sent so far = 329577761; completed transmissions = 13"},"filename":"D:\\a\\xet-core\\xet-core\\xet_client\\src\\cas_client\\adaptive_concurrency\\controller.rs","line_number":602}
{"timestamp":"2026-09-07T13:37:30.091417Z","level":"INFO","fields":{"message":"Concurrency control for download: Current concurrency = 1; predicted bandwidth = 900024; success_ratio = 1.000; reference_size = 61.0MB; observed bytes sent so far = 338834721; completed transmissions = 13"},"filename":"D:\\a\\xet-core\\xet-core\\xet_client\\src\\cas_client\\adaptive_concurrency\\controller.rs","line_number":602}
{"timestamp":"2026-09-07T13:37:40.284757Z","level":"INFO","fields":{"message":"Concurrency control for download: Current concurrency = 1; predicted bandwidth = 992809; success_ratio = 1.000; reference_size = 61.0MB; observed bytes sent so far = 347551009; completed transmissions = 13"},"filename":"D:\\a\\xet-core\\xet-core\\xet_client\\src\\cas_client\\adaptive_concurrency\\controller.rs","line_number":602}
{"timestamp":"2026-09-07T13:37:50.489289Z","level":"INFO","fields":{"message":"Concurrency control for download: Current concurrency = 1; predicted bandwidth = 1047948; success_ratio = 1.000; reference_size = 61.0MB; observed bytes sent so far = 357561633; completed transmissions = 13"},"filename":"D:\\a\\xet-core\\xet-core\\xet_client\\src\\cas_client\\adaptive_concurrency\\controller.rs","line_number":602}
{"timestamp":"2026-09-07T13:37:52.708365Z","level":"INFO","fields":{"message":"Retry strategy","retry":"RetryWrapper { max_attempts: 5, base_delay: 3s, max_duration: 360s, no_retry_on_429: false, retry_on_403: true, expected_416: false, expected_404: false, log_errors_as_info: false, api_tag: \"s3::get_range\", has_connection_permit: true }"},"filename":"D:\\a\\xet-core\\xet-core\\xet_client\\src\\cas_client\\retry_wrapper.rs","line_number":274}
{"timestamp":"2026-09-07T13:37:52.779564Z","level":"INFO","fields":{"message":"Received CAS response","request_id":"01M1Y1DVFWS7RAEV0TR4APZBWN","status_code":206},"filename":"D:\\a\\xet-core\\xet-core\\xet_client\\src\\common\\http_client.rs","line_number":288}
{"timestamp":"2026-09-07T13:37:52.779641Z","level":"INFO","fields":{"message":"Request Success: s3::get_range api call succeeded (request id 01M1Y1DVFWS7RAEV0TR4APZBWN)."},"filename":"D:\\a\\xet-core\\xet-core\\xet_client\\src\\cas_client\\retry_wrapper.rs","line_number":237}
{"timestamp":"2026-09-07T13:38:00.662544Z","level":"INFO","fields":{"message":"Concurrency control for download: Current concurrency = 1; predicted bandwidth = 929644; success_ratio = 1.000; reference_size = 61.0MB; observed bytes sent so far = 367392938; completed transmissions = 14"},"filename":"D:\\a\\xet-core\\xet-core\\xet_client\\src\\cas_client\\adaptive_concurrency\\controller.rs","line_number":602}
{"timestamp":"2026-09-07T13:38:10.776820Z","level":"INFO","fields":{"message":"Concurrency control for download: Current concurrency = 1; predicted bandwidth = 956832; success_ratio = 1.000; reference_size = 61.0MB; observed bytes sent so far = 375470250; completed transmissions = 14"},"filename":"D:\\a\\xet-core\\xet-core\\xet_client\\src\\cas_client\\adaptive_concurrency\\controller.rs","line_number":602}
{"timestamp":"2026-09-07T13:38:18.196487Z","level":"INFO","fields":{"message":"Retry strategy","retry":"RetryWrapper { max_attempts: 5, base_delay: 3s, max_duration: 360s, no_retry_on_429: false, retry_on_403: true, expected_416: false, expected_404: false, log_errors_as_info: false, api_tag: \"s3::get_range\", has_connection_permit: true }"},"filename":"D:\\a\\xet-core\\xet-core\\xet_client\\src\\cas_client\\retry_wrapper.rs","line_number":274}
{"timestamp":"2026-09-07T13:38:18.284802Z","level":"INFO","fields":{"message":"Received CAS response","request_id":"01M1Y1EMCGP4AXNDX38D4N75WE","status_code":206},"filename":"D:\\a\\xet-core\\xet-core\\xet_client\\src\\common\\http_client.rs","line_number":288}
{"timestamp":"2026-09-07T13:38:18.284869Z","level":"INFO","fields":{"message":"Request Success: s3::get_range api call succeeded (request id 01M1Y1EMCGP4AXNDX38D4N75WE)."},"filename":"D:\\a\\xet-core\\xet-core\\xet_client\\src\\cas_client\\retry_wrapper.rs","line_number":237}
{"timestamp":"2026-09-07T13:38:20.795764Z","level":"INFO","fields":{"message":"Concurrency control for download: Current concurrency = 1; predicted bandwidth = 705885; success_ratio = 1.000; reference_size = 61.0MB; observed bytes sent so far = 380777633; completed transmissions = 15"},"filename":"D:\\a\\xet-core\\xet-core\\xet_client\\src\\cas_client\\adaptive_concurrency\\controller.rs","line_number":602}
{"timestamp":"2026-09-07T13:38:31.322746Z","level":"INFO","fields":{"message":"Concurrency control for download: Current concurrency = 1; predicted bandwidth = 708035; success_ratio = 1.000; reference_size = 61.0MB; observed bytes sent so far = 384021665; completed transmissions = 15"},"filename":"D:\\a\\xet-core\\xet-core\\xet_client\\src\\cas_client\\adaptive_concurrency\\controller.rs","line_number":602}
{"timestamp":"2026-09-07T13:38:41.589674Z","level":"INFO","fields":{"message":"Concurrency control for download: Current concurrency = 1; predicted bandwidth = 693735; success_ratio = 1.000; reference_size = 61.0MB; observed bytes sent so far = 386020513; completed transmissions = 15"},"filename":"D:\\a\\xet-core\\xet-core\\xet_client\\src\\cas_client\\adaptive_concurrency\\controller.rs","line_number":602}
{"timestamp":"2026-09-07T13:38:52.464565Z","level":"INFO","fields":{"message":"Concurrency control for download: Current concurrency = 1; predicted bandwidth = 657303; success_ratio = 1.000; reference_size = 61.0MB; observed bytes sent so far = 388773025; completed transmissions = 15"},"filename":"D:\\a\\xet-core\\xet-core\\xet_client\\src\\cas_client\\adaptive_concurrency\\controller.rs","line_number":602}
{"timestamp":"2026-09-07T13:39:02.495668Z","level":"INFO","fields":{"message":"Concurrency control for download: Current concurrency = 1; predicted bandwidth = 616555; success_ratio = 1.000; reference_size = 61.0MB; observed bytes sent so far = 390460577; completed transmissions = 15"},"filename":"D:\\a\\xet-core\\xet-core\\xet_client\\src\\cas_client\\adaptive_concurrency\\controller.rs","line_number":602}
{"timestamp":"2026-09-07T13:39:12.522593Z","level":"INFO","fields":{"message":"Concurrency control for download: Current concurrency = 1; predicted bandwidth = 572377; success_ratio = 1.000; reference_size = 61.0MB; observed bytes sent so far = 392000673; completed transmissions = 15"},"filename":"D:\\a\\xet-core\\xet-core\\xet_client\\src\\cas_client\\adaptive_concurrency\\controller.rs","line_number":602}
{"timestamp":"2026-09-07T13:39:22.621946Z","level":"INFO","fields":{"message":"Concurrency control for download: Current concurrency = 1; predicted bandwidth = 506039; success_ratio = 1.000; reference_size = 61.0MB; observed bytes sent so far = 394212513; completed transmissions = 15"},"filename":"D:\\a\\xet-core\\xet-core\\xet_client\\src\\cas_client\\adaptive_concurrency\\controller.rs","line_number":602}
{"timestamp":"2026-09-07T13:39:33.022460Z","level":"INFO","fields":{"message":"Concurrency control for download: Current concurrency = 1; predicted bandwidth = 471958; success_ratio = 1.000; reference_size = 61.0MB; observed bytes sent so far = 395326625; completed transmissions = 15"},"filename":"D:\\a\\xet-core\\xet-core\\xet_client\\src\\cas_client\\adaptive_concurrency\\controller.rs","line_number":602}
{"timestamp":"2026-09-07T13:39:43.179741Z","level":"INFO","fields":{"message":"Concurrency control for download: Current concurrency = 1; predicted bandwidth = 322268; success_ratio = 1.000; reference_size = 61.0MB; observed bytes sent so far = 403944609; completed transmissions = 15"},"filename":"D:\\a\\xet-core\\xet-core\\xet_client\\src\\cas_client\\adaptive_concurrency\\controller.rs","line_number":602}
{"timestamp":"2026-09-07T13:39:48.369672Z","level":"INFO","fields":{"message":"Concurrency control for download: Decreased concurrency from 1 to 1; reason: success ratio below threshold (connection struggling) (success_ratio = 1.000, threshold = 0.500)"},"filename":"D:\\a\\xet-core\\xet-core\\xet_client\\src\\cas_client\\adaptive_concurrency\\controller.rs","line_number":586}
{"timestamp":"2026-09-07T13:39:48.992500Z","level":"INFO","fields":{"message":"Concurrency control for download: Decreased concurrency from 1 to 1; reason: success ratio below threshold (connection struggling) (success_ratio = 1.000, threshold = 0.500)"},"filename":"D:\\a\\xet-core\\xet-core\\xet_client\\src\\cas_client\\adaptive_concurrency\\controller.rs","line_number":586}
{"timestamp":"2026-09-07T13:39:49.570659Z","level":"INFO","fields":{"message":"Concurrency control for download: Decreased concurrency from 1 to 1; reason: success ratio below threshold (connection struggling) (success_ratio = 1.000, threshold = 0.500)"},"filename":"D:\\a\\xet-core\\xet-core\\xet_client\\src\\cas_client\\adaptive_concurrency\\controller.rs","line_number":586}
{"timestamp":"2026-09-07T13:39:50.201065Z","level":"INFO","fields":{"message":"Concurrency control for download: Decreased concurrency from 1 to 1; reason: success ratio below threshold (connection struggling) (success_ratio = 1.000, threshold = 0.500)"},"filename":"D:\\a\\xet-core\\xet-core\\xet_client\\src\\cas_client\\adaptive_concurrency\\controller.rs","line_number":586}
{"timestamp":"2026-09-07T13:39:50.826938Z","level":"INFO","fields":{"message":"Concurrency control for download: Decreased concurrency from 1 to 1; reason: success ratio below threshold (connection struggling) (success_ratio = 1.000, threshold = 0.500)"},"filename":"D:\\a\\xet-core\\xet-core\\xet_client\\src\\cas_client\\adaptive_concurrency\\controller.rs","line_number":586}
{"timestamp":"2026-09-07T13:39:51.643893Z","level":"INFO","fields":{"message":"Concurrency control for download: Decreased concurrency from 1 to 1; reason: success ratio below threshold (connection struggling) (success_ratio = 1.000, threshold = 0.500)"},"filename":"D:\\a\\xet-core\\xet-core\\xet_client\\src\\cas_client\\adaptive_concurrency\\controller.rs","line_number":586}
{"timestamp":"2026-09-07T13:39:52.268721Z","level":"INFO","fields":{"message":"Concurrency control for download: Decreased concurrency from 1 to 1; reason: success ratio below threshold (connection struggling) (success_ratio = 1.000, threshold = 0.500)"},"filename":"D:\\a\\xet-core\\xet-core\\xet_client\\src\\cas_client\\adaptive_concurrency\\controller.rs","line_number":586}
{"timestamp":"2026-09-07T13:39:52.879554Z","level":"INFO","fields":{"message":"Concurrency control for download: Decreased concurrency from 1 to 1; reason: success ratio below threshold (connection struggling) (success_ratio = 1.000, threshold = 0.500)"},"filename":"D:\\a\\xet-core\\xet-core\\xet_client\\src\\cas_client\\adaptive_concurrency\\controller.rs","line_number":586}
{"timestamp":"2026-09-07T13:39:53.363885Z","level":"INFO","fields":{"message":"Concurrency control for download: Current concurrency = 1; predicted bandwidth = 298169; success_ratio = 1.000; reference_size = 61.0MB; observed bytes sent so far = 412988577; completed transmissions = 15"},"filename":"D:\\a\\xet-core\\xet-core\\xet_client\\src\\cas_client\\adaptive_concurrency\\controller.rs","line_number":602}
{"timestamp":"2026-09-07T13:39:53.566245Z","level":"INFO","fields":{"message":"Concurrency control for download: Decreased concurrency from 1 to 1; reason: success ratio below threshold (connection struggling) (success_ratio = 1.000, threshold = 0.500)"},"filename":"D:\\a\\xet-core\\xet-core\\xet_client\\src\\cas_client\\adaptive_concurrency\\controller.rs","line_number":586}
{"timestamp":"2026-09-07T13:39:54.181647Z","level":"INFO","fields":{"message":"Concurrency control for download: Decreased concurrency from 1 to 1; reason: success ratio below threshold (connection struggling) (success_ratio = 1.000, threshold = 0.500)"},"filename":"D:\\a\\xet-core\\xet-core\\xet_client\\src\\cas_client\\adaptive_concurrency\\controller.rs","line_number":586}
{"timestamp":"2026-09-07T13:39:54.844102Z","level":"INFO","fields":{"message":"Concurrency control for download: Decreased concurrency from 1 to 1; reason: success ratio below threshold (connection struggling) (success_ratio = 1.000, threshold = 0.500)"},"filename":"D:\\a\\xet-core\\xet-core\\xet_client\\src\\cas_client\\adaptive_concurrency\\controller.rs","line_number":586}
{"timestamp":"2026-09-07T13:39:55.514359Z","level":"INFO","fields":{"message":"Concurrency control for download: Decreased concurrency from 1 to 1; reason: success ratio below threshold (connection struggling) (success_ratio = 1.000, threshold = 0.500)"},"filename":"D:\\a\\xet-core\\xet-core\\xet_client\\src\\cas_client\\adaptive_concurrency\\controller.rs","line_number":586}
{"timestamp":"2026-09-07T13:39:56.187224Z","level":"INFO","fields":{"message":"Concurrency control for download: Decreased concurrency from 1 to 1; reason: success ratio below threshold (connection struggling) (success_ratio = 1.000, threshold = 0.500)"},"filename":"D:\\a\\xet-core\\xet-core\\xet_client\\src\\cas_client\\adaptive_concurrency\\controller.rs","line_number":586}
{"timestamp":"2026-09-07T13:39:56.843219Z","level":"INFO","fields":{"message":"Concurrency control for download: Decreased concurrency from 1 to 1; reason: success ratio below threshold (connection struggling) (success_ratio = 1.000, threshold = 0.500)"},"filename":"D:\\a\\xet-core\\xet-core\\xet_client\\src\\cas_client\\adaptive_concurrency\\controller.rs","line_number":586}
{"timestamp":"2026-09-07T13:39:57.471200Z","level":"INFO","fields":{"message":"Concurrency control for download: Decreased concurrency from 1 to 1; reason: success ratio below threshold (connection struggling) (success_ratio = 1.000, threshold = 0.500)"},"filename":"D:\\a\\xet-core\\xet-core\\xet_client\\src\\cas_client\\adaptive_concurrency\\controller.rs","line_number":586}
{"timestamp":"2026-09-07T13:39:58.114289Z","level":"INFO","fields":{"message":"Concurrency control for download: Decreased concurrency from 1 to 1; reason: success ratio below threshold (connection struggling) (success_ratio = 1.000, threshold = 0.500)"},"filename":"D:\\a\\xet-core\\xet-core\\xet_client\\src\\cas_client\\adaptive_concurrency\\controller.rs","line_number":586}
{"timestamp":"2026-09-07T13:39:58.729177Z","level":"INFO","fields":{"message":"Concurrency control for download: Decreased concurrency from 1 to 1; reason: success ratio below threshold (connection struggling) (success_ratio = 1.000, threshold = 0.500)"},"filename":"D:\\a\\xet-core\\xet-core\\xet_client\\src\\cas_client\\adaptive_concurrency\\controller.rs","line_number":586}
{"timestamp":"2026-09-07T13:39:59.373477Z","level":"INFO","fields":{"message":"Concurrency control for download: Decreased concurrency from 1 to 1; reason: success ratio below threshold (connection struggling) (success_ratio = 1.000, threshold = 0.500)"},"filename":"D:\\a\\xet-core\\xet-core\\xet_client\\src\\cas_client\\adaptive_concurrency\\controller.rs","line_number":586}
{"timestamp":"2026-09-07T13:40:00.017351Z","level":"INFO","fields":{"message":"Concurrency control for download: Decreased concurrency from 1 to 1; reason: success ratio below threshold (connection struggling) (success_ratio = 1.000, threshold = 0.500)"},"filename":"D:\\a\\xet-core\\xet-core\\xet_client\\src\\cas_client\\adaptive_concurrency\\controller.rs","line_number":586}
{"timestamp":"2026-09-07T13:40:00.634242Z","level":"INFO","fields":{"message":"Concurrency control for download: Decreased concurrency from 1 to 1; reason: success ratio below threshold (connection struggling) (success_ratio = 1.000, threshold = 0.500)"},"filename":"D:\\a\\xet-core\\xet-core\\xet_client\\src\\cas_client\\adaptive_concurrency\\controller.rs","line_number":586}
{"timestamp":"2026-09-07T13:40:01.330060Z","level":"INFO","fields":{"message":"Concurrency control for download: Decreased concurrency from 1 to 1; reason: success ratio below threshold (connection struggling) (success_ratio = 1.000, threshold = 0.500)"},"filename":"D:\\a\\xet-core\\xet-core\\xet_client\\src\\cas_client\\adaptive_concurrency\\controller.rs","line_number":586}
{"timestamp":"2026-09-07T13:40:02.378095Z","level":"INFO","fields":{"message":"Concurrency control for download: Decreased concurrency from 1 to 1; reason: success ratio below threshold (connection struggling) (success_ratio = 1.000, threshold = 0.500)"},"filename":"D:\\a\\xet-core\\xet-core\\xet_client\\src\\cas_client\\adaptive_concurrency\\controller.rs","line_number":586}
{"timestamp":"2026-09-07T13:40:02.981067Z","level":"INFO","fields":{"message":"Concurrency control for download: Decreased concurrency from 1 to 1; reason: success ratio below threshold (connection struggling) (success_ratio = 1.000, threshold = 0.500)"},"filename":"D:\\a\\xet-core\\xet-core\\xet_client\\src\\cas_client\\adaptive_concurrency\\controller.rs","line_number":586}
{"timestamp":"2026-09-07T13:40:03.382224Z","level":"INFO","fields":{"message":"Concurrency control for download: Current concurrency = 1; predicted bandwidth = 352137; success_ratio = 1.000; reference_size = 61.0MB; observed bytes sent so far = 422753441; completed transmissions = 15"},"filename":"D:\\a\\xet-core\\xet-core\\xet_client\\src\\cas_client\\adaptive_concurrency\\controller.rs","line_number":602}
{"timestamp":"2026-09-07T13:40:03.606968Z","level":"INFO","fields":{"message":"Concurrency control for download: Decreased concurrency from 1 to 1; reason: success ratio below threshold (connection struggling) (success_ratio = 1.000, threshold = 0.500)"},"filename":"D:\\a\\xet-core\\xet-core\\xet_client\\src\\cas_client\\adaptive_concurrency\\controller.rs","line_number":586}
{"timestamp":"2026-09-07T13:40:06.506619Z","level":"INFO","fields":{"message":"Received CAS response","request_id":"01M1Y1HY2HSM0J9K3F5EETW59Q","status_code":206},"filename":"D:\\a\\xet-core\\xet-core\\xet_client\\src\\common\\http_client.rs","line_number":288}
{"timestamp":"2026-09-07T13:40:06.506660Z","level":"INFO","fields":{"message":"Request Success: s3::get_range api call succeeded (request id 01M1Y1HY2HSM0J9K3F5EETW59Q, retry 1)."},"filename":"D:\\a\\xet-core\\xet-core\\xet_client\\src\\cas_client\\retry_wrapper.rs","line_number":237}
{"timestamp":"2026-09-07T13:42:04.265801Z","level":"INFO","fields":{"message":"Concurrency control for download: Decreased concurrency from 1 to 1; reason: success ratio below threshold (connection struggling) (success_ratio = 1.000, threshold = 0.500)"},"filename":"D:\\a\\xet-core\\xet-core\\xet_client\\src\\cas_client\\adaptive_concurrency\\controller.rs","line_number":586}
{"timestamp":"2026-09-07T13:42:04.265848Z","level":"INFO","fields":{"message":"Concurrency control for download: Current concurrency = 1; predicted bandwidth = 356578; success_ratio = 1.000; reference_size = 61.0MB; observed bytes sent so far = 423441569; completed transmissions = 16"},"filename":"D:\\a\\xet-core\\xet-core\\xet_client\\src\\cas_client\\adaptive_concurrency\\controller.rs","line_number":602}
{"timestamp":"2026-09-07T13:42:04.830409Z","level":"INFO","fields":{"message":"Concurrency control for download: Decreased concurrency from 1 to 1; reason: transfer failed (success_ratio = 1.000, threshold = 0.500)"},"filename":"D:\\a\\xet-core\\xet-core\\xet_client\\src\\cas_client\\adaptive_concurrency\\controller.rs","line_number":586}
{"timestamp":"2026-09-07T13:42:11.278913Z","level":"INFO","fields":{"message":"Received CAS response","request_id":"01M1Y1NQY7A6K29QMMBTGMVQ12","status_code":206},"filename":"D:\\a\\xet-core\\xet-core\\xet_client\\src\\common\\http_client.rs","line_number":288}
{"timestamp":"2026-09-07T13:42:11.278971Z","level":"INFO","fields":{"message":"Request Success: s3::get_range api call succeeded (request id 01M1Y1NQY7A6K29QMMBTGMVQ12, retry 2)."},"filename":"D:\\a\\xet-core\\xet-core\\xet_client\\src\\cas_client\\retry_wrapper.rs","line_number":237}
{"timestamp":"2026-09-07T13:43:16.440707Z","level":"INFO","fields":{"message":"Concurrency control for download: Current concurrency = 1; predicted bandwidth = 357281; success_ratio = 1.000; reference_size = 61.0MB; observed bytes sent so far = 424080545; completed transmissions = 17"},"filename":"D:\\a\\xet-core\\xet-core\\xet_client\\src\\cas_client\\adaptive_concurrency\\controller.rs","line_number":602}
{"timestamp":"2026-09-07T13:43:16.709728Z","level":"INFO","fields":{"message":"Retry strategy","retry":"RetryWrapper { max_attempts: 5, base_delay: 3s, max_duration: 360s, no_retry_on_429: false, retry_on_403: true, expected_416: false, expected_404: false, log_errors_as_info: false, api_tag: \"s3::get_range\", has_connection_permit: true }"},"filename":"D:\\a\\xet-core\\xet-core\\xet_client\\src\\cas_client\\retry_wrapper.rs","line_number":274}
{"timestamp":"2026-09-07T13:43:16.805350Z","level":"INFO","fields":{"message":"Received CAS response","request_id":"01M1Y1QQX2FJDMB1TM6D22V615","status_code":206},"filename":"D:\\a\\xet-core\\xet-core\\xet_client\\src\\common\\http_client.rs","line_number":288}
{"timestamp":"2026-09-07T13:43:16.805411Z","level":"INFO","fields":{"message":"Request Success: s3::get_range api call succeeded (request id 01M1Y1QQX2FJDMB1TM6D22V615)."},"filename":"D:\\a\\xet-core\\xet-core\\xet_client\\src\\cas_client\\retry_wrapper.rs","line_number":237}
{"timestamp":"2026-09-07T13:43:26.587733Z","level":"INFO","fields":{"message":"Concurrency control for download: Current concurrency = 1; predicted bandwidth = 382035; success_ratio = 1.000; reference_size = 61.0MB; observed bytes sent so far = 430544840; completed transmissions = 18"},"filename":"D:\\a\\xet-core\\xet-core\\xet_client\\src\\cas_client\\adaptive_concurrency\\controller.rs","line_number":602}
{"timestamp":"2026-09-07T13:43:36.765646Z","level":"INFO","fields":{"message":"Concurrency control for download: Current concurrency = 1; predicted bandwidth = 507627; success_ratio = 1.000; reference_size = 61.0MB; observed bytes sent so far = 440539080; completed transmissions = 18"},"filename":"D:\\a\\xet-core\\xet-core\\xet_client\\src\\cas_client\\adaptive_concurrency\\controller.rs","line_number":602}
{"timestamp":"2026-09-07T13:43:46.864344Z","level":"INFO","fields":{"message":"Concurrency control for download: Current concurrency = 1; predicted bandwidth = 617220; success_ratio = 1.000; reference_size = 61.0MB; observed bytes sent so far = 449337288; completed transmissions = 18"},"filename":"D:\\a\\xet-core\\xet-core\\xet_client\\src\\cas_client\\adaptive_concurrency\\controller.rs","line_number":602}
{"timestamp":"2026-09-07T13:43:56.888951Z","level":"INFO","fields":{"message":"Concurrency control for download: Current concurrency = 1; predicted bandwidth = 699024; success_ratio = 1.000; reference_size = 61.0MB; observed bytes sent so far = 456280596; completed transmissions = 18"},"filename":"D:\\a\\xet-core\\xet-core\\xet_client\\src\\cas_client\\adaptive_concurrency\\controller.rs","line_number":602}
{"timestamp":"2026-09-07T13:44:07.211364Z","level":"INFO","fields":{"message":"Concurrency control for download: Current concurrency = 1; predicted bandwidth = 773404; success_ratio = 1.000; reference_size = 61.0MB; observed bytes sent so far = 464794292; completed transmissions = 18"},"filename":"D:\\a\\xet-core\\xet-core\\xet_client\\src\\cas_client\\adaptive_concurrency\\controller.rs","line_number":602}
{"timestamp":"2026-09-07T13:44:14.483466Z","level":"INFO","fields":{"message":"Retry strategy","retry":"RetryWrapper { max_attempts: 5, base_delay: 3s, max_duration: 360s, no_retry_on_429: false, retry_on_403: true, expected_416: false, expected_404: false, log_errors_as_info: false, api_tag: \"s3::get_range\", has_connection_permit: true }"},"filename":"D:\\a\\xet-core\\xet-core\\xet_client\\src\\cas_client\\retry_wrapper.rs","line_number":274}
{"timestamp":"2026-09-07T13:44:14.557264Z","level":"INFO","fields":{"message":"Received CAS response","request_id":"01M1Y1SGAHCP6926YFG090WW80","status_code":206},"filename":"D:\\a\\xet-core\\xet-core\\xet_client\\src\\common\\http_client.rs","line_number":288}
{"timestamp":"2026-09-07T13:44:14.557303Z","level":"INFO","fields":{"message":"Request Success: s3::get_range api call succeeded (request id 01M1Y1SGAHCP6926YFG090WW80)."},"filename":"D:\\a\\xet-core\\xet-core\\xet_client\\src\\cas_client\\retry_wrapper.rs","line_number":237}
{"timestamp":"2026-09-07T13:44:17.212457Z","level":"INFO","fields":{"message":"Concurrency control for download: Current concurrency = 1; predicted bandwidth = 695451; success_ratio = 1.000; reference_size = 61.0MB; observed bytes sent so far = 471417703; completed transmissions = 19"},"filename":"D:\\a\\xet-core\\xet-core\\xet_client\\src\\cas_client\\adaptive_concurrency\\controller.rs","line_number":602}
{"timestamp":"2026-09-07T13:44:27.299135Z","level":"INFO","fields":{"message":"Concurrency control for download: Current concurrency = 1; predicted bandwidth = 744227; success_ratio = 1.000; reference_size = 61.0MB; observed bytes sent so far = 478970727; completed transmissions = 19"},"filename":"D:\\a\\xet-core\\xet-core\\xet_client\\src\\cas_client\\adaptive_concurrency\\controller.rs","line_number":602}
{"timestamp":"2026-09-07T13:44:37.423008Z","level":"INFO","fields":{"message":"Concurrency control for download: Current concurrency = 1; predicted bandwidth = 803941; success_ratio = 1.000; reference_size = 61.0MB; observed bytes sent so far = 489128807; completed transmissions = 19"},"filename":"D:\\a\\xet-core\\xet-core\\xet_client\\src\\cas_client\\adaptive_concurrency\\controller.rs","line_number":602}
{"timestamp":"2026-09-07T13:44:47.428500Z","level":"INFO","fields":{"message":"Concurrency control for download: Current concurrency = 1; predicted bandwidth = 900160; success_ratio = 1.000; reference_size = 61.0MB; observed bytes sent so far = 498647911; completed transmissions = 19"},"filename":"D:\\a\\xet-core\\xet-core\\xet_client\\src\\cas_client\\adaptive_concurrency\\controller.rs","line_number":602}
{"timestamp":"2026-09-07T13:44:57.507215Z","level":"INFO","fields":{"message":"Concurrency control for download: Current concurrency = 1; predicted bandwidth = 977654; success_ratio = 1.000; reference_size = 61.0MB; observed bytes sent so far = 506250087; completed transmissions = 19"},"filename":"D:\\a\\xet-core\\xet-core\\xet_client\\src\\cas_client\\adaptive_concurrency\\controller.rs","line_number":602}
{"timestamp":"2026-09-07T13:45:07.608743Z","level":"INFO","fields":{"message":"Concurrency control for download: Current concurrency = 1; predicted bandwidth = 988360; success_ratio = 1.000; reference_size = 61.0MB; observed bytes sent so far = 513557351; completed transmissions = 19"},"filename":"D:\\a\\xet-core\\xet-core\\xet_client\\src\\cas_client\\adaptive_concurrency\\controller.rs","line_number":602}
{"timestamp":"2026-09-07T13:45:08.916710Z","level":"INFO","fields":{"message":"Retry strategy","retry":"RetryWrapper { max_attempts: 5, base_delay: 3s, max_duration: 360s, no_retry_on_429: false, retry_on_403: true, expected_416: false, expected_404: false, log_errors_as_info: false, api_tag: \"s3::get_range\", has_connection_permit: true }"},"filename":"D:\\a\\xet-core\\xet-core\\xet_client\\src\\cas_client\\retry_wrapper.rs","line_number":274}
{"timestamp":"2026-09-07T13:45:09.079868Z","level":"INFO","fields":{"message":"Received CAS response","request_id":"01M1Y1V5FM5G1W83TPCNTSB76H","status_code":206},"filename":"D:\\a\\xet-core\\xet-core\\xet_client\\src\\common\\http_client.rs","line_number":288}
{"timestamp":"2026-09-07T13:45:09.079916Z","level":"INFO","fields":{"message":"Request Success: s3::get_range api call succeeded (request id 01M1Y1V5FM5G1W83TPCNTSB76H)."},"filename":"D:\\a\\xet-core\\xet-core\\xet_client\\src\\cas_client\\retry_wrapper.rs","line_number":237}
{"timestamp":"2026-09-07T13:45:17.953228Z","level":"INFO","fields":{"message":"Concurrency control for download: Current concurrency = 1; predicted bandwidth = 793649; success_ratio = 1.000; reference_size = 61.0MB; observed bytes sent so far = 515917077; completed transmissions = 20"},"filename":"D:\\a\\xet-core\\xet-core\\xet_client\\src\\cas_client\\adaptive_concurrency\\controller.rs","line_number":602}
{"timestamp":"2026-09-07T13:45:28.010910Z","level":"INFO","fields":{"message":"Concurrency control for download: Current concurrency = 1; predicted bandwidth = 632143; success_ratio = 1.000; reference_size = 61.0MB; observed bytes sent so far = 518571285; completed transmissions = 20"},"filename":"D:\\a\\xet-core\\xet-core\\xet_client\\src\\cas_client\\adaptive_concurrency\\controller.rs","line_number":602}
{"timestamp":"2026-09-07T13:45:38.152926Z","level":"INFO","fields":{"message":"Concurrency control for download: Current concurrency = 1; predicted bandwidth = 572150; success_ratio = 1.000; reference_size = 61.0MB; observed bytes sent so far = 519200769; completed transmissions = 20"},"filename":"D:\\a\\xet-core\\xet-core\\xet_client\\src\\cas_client\\adaptive_concurrency\\controller.rs","line_number":602}
{"timestamp":"2026-09-07T13:45:48.377379Z","level":"INFO","fields":{"message":"Concurrency control for download: Current concurrency = 1; predicted bandwidth = 415072; success_ratio = 1.000; reference_size = 61.0MB; observed bytes sent so far = 521651477; completed transmissions = 20"},"filename":"D:\\a\\xet-core\\xet-core\\xet_client\\src\\cas_client\\adaptive_concurrency\\controller.rs","line_number":602}
{"timestamp":"2026-09-07T13:45:58.556302Z","level":"INFO","fields":{"message":"Concurrency control for download: Current concurrency = 1; predicted bandwidth = 334319; success_ratio = 1.000; reference_size = 61.0MB; observed bytes sent so far = 524165121; completed transmissions = 20"},"filename":"D:\\a\\xet-core\\xet-core\\xet_client\\src\\cas_client\\adaptive_concurrency\\controller.rs","line_number":602}
{"timestamp":"2026-09-07T13:46:08.761035Z","level":"INFO","fields":{"message":"Concurrency control for download: Current concurrency = 1; predicted bandwidth = 313196; success_ratio = 1.000; reference_size = 61.0MB; observed bytes sent so far = 524829973; completed transmissions = 20"},"filename":"D:\\a\\xet-core\\xet-core\\xet_client\\src\\cas_client\\adaptive_concurrency\\controller.rs","line_number":602}
{"timestamp":"2026-09-07T13:46:18.767636Z","level":"INFO","fields":{"message":"Concurrency control for download: Current concurrency = 1; predicted bandwidth = 251413; success_ratio = 1.000; reference_size = 61.0MB; observed bytes sent so far = 527205653; completed transmissions = 20"},"filename":"D:\\a\\xet-core\\xet-core\\xet_client\\src\\cas_client\\adaptive_concurrency\\controller.rs","line_number":602}
{"timestamp":"2026-09-07T13:46:28.814634Z","level":"INFO","fields":{"message":"Concurrency control for download: Current concurrency = 1; predicted bandwidth = 208780; success_ratio = 1.000; reference_size = 61.0MB; observed bytes sent so far = 529827093; completed transmissions = 20"},"filename":"D:\\a\\xet-core\\xet-core\\xet_client\\src\\cas_client\\adaptive_concurrency\\controller.rs","line_number":602}
{"timestamp":"2026-09-07T13:46:37.413531Z","level":"INFO","fields":{"message":"Concurrency control for download: Increased concurrency from 1 to 2; reason: success ratio 1.000 is above threshold 0.800 and predicted RTT for 61MB at new concurrency is 59.93s < target 60.0s"},"filename":"D:\\a\\xet-core\\xet-core\\xet_client\\src\\cas_client\\adaptive_concurrency\\controller.rs","line_number":548}
{"timestamp":"2026-09-07T13:46:37.413624Z","level":"INFO","fields":{"message":"Retry strategy","retry":"RetryWrapper { max_attempts: 5, base_delay: 3s, max_duration: 360s, no_retry_on_429: false, retry_on_403: true, expected_416: false, expected_404: false, log_errors_as_info: false, api_tag: \"s3::get_range\", has_connection_permit: true }"},"filename":"D:\\a\\xet-core\\xet-core\\xet_client\\src\\cas_client\\retry_wrapper.rs","line_number":274}
{"timestamp":"2026-09-07T13:46:38.477906Z","level":"INFO","fields":{"message":"Received CAS response","request_id":"01M1Y1XWN1TTAHA4J7MDWERPNZ","status_code":206},"filename":"D:\\a\\xet-core\\xet-core\\xet_client\\src\\common\\http_client.rs","line_number":288}
{"timestamp":"2026-09-07T13:46:38.477944Z","level":"INFO","fields":{"message":"Request Success: s3::get_range api call succeeded (request id 01M1Y1XWN1TTAHA4J7MDWERPNZ)."},"filename":"D:\\a\\xet-core\\xet-core\\xet_client\\src\\cas_client\\retry_wrapper.rs","line_number":237}
{"timestamp":"2026-09-07T13:46:39.115796Z","level":"INFO","fields":{"message":"Concurrency control for download: Current concurrency = 2; predicted bandwidth = 194710; success_ratio = 1.000; reference_size = 61.0MB; observed bytes sent so far = 530942897; completed transmissions = 20"},"filename":"D:\\a\\xet-core\\xet-core\\xet_client\\src\\cas_client\\adaptive_concurrency\\controller.rs","line_number":602}
{"timestamp":"2026-09-07T13:46:41.945921Z","level":"INFO","fields":{"message":"Concurrency control for download: Decreased concurrency from 2 to 1; reason: success ratio below threshold (connection struggling) (success_ratio = 1.000, threshold = 0.500)"},"filename":"D:\\a\\xet-core\\xet-core\\xet_client\\src\\cas_client\\adaptive_concurrency\\controller.rs","line_number":586}
{"timestamp":"2026-09-07T13:46:42.663325Z","level":"INFO","fields":{"message":"Concurrency control for download: Decreased concurrency from 1 to 1; reason: success ratio below threshold (connection struggling) (success_ratio = 1.000, threshold = 0.500)"},"filename":"D:\\a\\xet-core\\xet-core\\xet_client\\src\\cas_client\\adaptive_concurrency\\controller.rs","line_number":586}
{"timestamp":"2026-09-07T13:46:43.447590Z","level":"INFO","fields":{"message":"Concurrency control for download: Decreased concurrency from 1 to 1; reason: success ratio below threshold (connection struggling) (success_ratio = 1.000, threshold = 0.500)"},"filename":"D:\\a\\xet-core\\xet-core\\xet_client\\src\\cas_client\\adaptive_concurrency\\controller.rs","line_number":586}
{"timestamp":"2026-09-07T13:46:44.255590Z","level":"INFO","fields":{"message":"Concurrency control for download: Decreased concurrency from 1 to 1; reason: success ratio below threshold (connection struggling) (success_ratio = 1.000, threshold = 0.500)"},"filename":"D:\\a\\xet-core\\xet-core\\xet_client\\src\\cas_client\\adaptive_concurrency\\controller.rs","line_number":586}
{"timestamp":"2026-09-07T13:46:45.230142Z","level":"INFO","fields":{"message":"Concurrency control for download: Decreased concurrency from 1 to 1; reason: success ratio below threshold (connection struggling) (success_ratio = 1.000, threshold = 0.500)"},"filename":"D:\\a\\xet-core\\xet-core\\xet_client\\src\\cas_client\\adaptive_concurrency\\controller.rs","line_number":586}
{"timestamp":"2026-09-07T13:46:45.958412Z","level":"INFO","fields":{"message":"Concurrency control for download: Decreased concurrency from 1 to 1; reason: success ratio below threshold (connection struggling) (success_ratio = 1.000, threshold = 0.500)"},"filename":"D:\\a\\xet-core\\xet-core\\xet_client\\src\\cas_client\\adaptive_concurrency\\controller.rs","line_number":586}
{"timestamp":"2026-09-07T13:46:46.559153Z","level":"INFO","fields":{"message":"Concurrency control for download: Decreased concurrency from 1 to 1; reason: success ratio below threshold (connection struggling) (success_ratio = 1.000, threshold = 0.500)"},"filename":"D:\\a\\xet-core\\xet-core\\xet_client\\src\\cas_client\\adaptive_concurrency\\controller.rs","line_number":586}
{"timestamp":"2026-09-07T13:46:47.161902Z","level":"INFO","fields":{"message":"Concurrency control for download: Decreased concurrency from 1 to 1; reason: success ratio below threshold (connection struggling) (success_ratio = 1.000, threshold = 0.500)"},"filename":"D:\\a\\xet-core\\xet-core\\xet_client\\src\\cas_client\\adaptive_concurrency\\controller.rs","line_number":586}
{"timestamp":"2026-09-07T13:46:48.094113Z","level":"INFO","fields":{"message":"Concurrency control for download: Decreased concurrency from 1 to 1; reason: success ratio below threshold (connection struggling) (success_ratio = 1.000, threshold = 0.500)"},"filename":"D:\\a\\xet-core\\xet-core\\xet_client\\src\\cas_client\\adaptive_concurrency\\controller.rs","line_number":586}
{"timestamp":"2026-09-07T13:46:48.706903Z","level":"INFO","fields":{"message":"Concurrency control for download: Decreased concurrency from 1 to 1; reason: success ratio below threshold (connection struggling) (success_ratio = 1.000, threshold = 0.500)"},"filename":"D:\\a\\xet-core\\xet-core\\xet_client\\src\\cas_client\\adaptive_concurrency\\controller.rs","line_number":586}
{"timestamp":"2026-09-07T13:46:49.196472Z","level":"INFO","fields":{"message":"Concurrency control for download: Current concurrency = 1; predicted bandwidth = 215253; success_ratio = 1.000; reference_size = 61.0MB; observed bytes sent so far = 535375615; completed transmissions = 20"},"filename":"D:\\a\\xet-core\\xet-core\\xet_client\\src\\cas_client\\adaptive_concurrency\\controller.rs","line_number":602}
{"timestamp":"2026-09-07T13:46:49.405364Z","level":"INFO","fields":{"message":"Concurrency control for download: Decreased concurrency from 1 to 1; reason: success ratio below threshold (connection struggling) (success_ratio = 1.000, threshold = 0.500)"},"filename":"D:\\a\\xet-core\\xet-core\\xet_client\\src\\cas_client\\adaptive_concurrency\\controller.rs","line_number":586}
{"timestamp":"2026-09-07T13:46:50.082274Z","level":"INFO","fields":{"message":"Concurrency control for download: Decreased concurrency from 1 to 1; reason: success ratio below threshold (connection struggling) (success_ratio = 1.000, threshold = 0.500)"},"filename":"D:\\a\\xet-core\\xet-core\\xet_client\\src\\cas_client\\adaptive_concurrency\\controller.rs","line_number":586}
{"timestamp":"2026-09-07T13:46:50.906901Z","level":"INFO","fields":{"message":"Concurrency control for download: Decreased concurrency from 1 to 1; reason: success ratio below threshold (connection struggling) (success_ratio = 1.000, threshold = 0.500)"},"filename":"D:\\a\\xet-core\\xet-core\\xet_client\\src\\cas_client\\adaptive_concurrency\\controller.rs","line_number":586}
{"timestamp":"2026-09-07T13:46:51.587405Z","level":"INFO","fields":{"message":"Concurrency control for download: Decreased concurrency from 1 to 1; reason: success ratio below threshold (connection struggling) (success_ratio = 1.000, threshold = 0.500)"},"filename":"D:\\a\\xet-core\\xet-core\\xet_client\\src\\cas_client\\adaptive_concurrency\\controller.rs","line_number":586}
{"timestamp":"2026-09-07T13:46:52.187662Z","level":"INFO","fields":{"message":"Concurrency control for download: Decreased concurrency from 1 to 1; reason: success ratio below threshold (connection struggling) (success_ratio = 1.000, threshold = 0.500)"},"filename":"D:\\a\\xet-core\\xet-core\\xet_client\\src\\cas_client\\adaptive_concurrency\\controller.rs","line_number":586}
{"timestamp":"2026-09-07T13:46:53.108556Z","level":"INFO","fields":{"message":"Concurrency control for download: Decreased concurrency from 1 to 1; reason: success ratio below threshold (connection struggling) (success_ratio = 1.000, threshold = 0.500)"},"filename":"D:\\a\\xet-core\\xet-core\\xet_client\\src\\cas_client\\adaptive_concurrency\\controller.rs","line_number":586}
{"timestamp":"2026-09-07T13:46:53.712554Z","level":"INFO","fields":{"message":"Concurrency control for download: Decreased concurrency from 1 to 1; reason: success ratio below threshold (connection struggling) (success_ratio = 1.000, threshold = 0.500)"},"filename":"D:\\a\\xet-core\\xet-core\\xet_client\\src\\cas_client\\adaptive_concurrency\\controller.rs","line_number":586}
{"timestamp":"2026-09-07T13:46:54.419719Z","level":"INFO","fields":{"message":"Concurrency control for download: Decreased concurrency from 1 to 1; reason: success ratio below threshold (connection struggling) (success_ratio = 1.000, threshold = 0.500)"},"filename":"D:\\a\\xet-core\\xet-core\\xet_client\\src\\cas_client\\adaptive_concurrency\\controller.rs","line_number":586}
{"timestamp":"2026-09-07T13:46:55.177991Z","level":"INFO","fields":{"message":"Concurrency control for download: Decreased concurrency from 1 to 1; reason: success ratio below threshold (connection struggling) (success_ratio = 1.000, threshold = 0.500)"},"filename":"D:\\a\\xet-core\\xet-core\\xet_client\\src\\cas_client\\adaptive_concurrency\\controller.rs","line_number":586}
{"timestamp":"2026-09-07T13:46:55.712000Z","level":"INFO","fields":{"message":"Concurrency control for download: Decreased concurrency from 1 to 1; reason: success ratio below threshold (connection struggling) (success_ratio = 1.000, threshold = 0.500)"},"filename":"D:\\a\\xet-core\\xet-core\\xet_client\\src\\cas_client\\adaptive_concurrency\\controller.rs","line_number":586}
{"timestamp":"2026-09-07T13:46:56.362863Z","level":"INFO","fields":{"message":"Concurrency control for download: Decreased concurrency from 1 to 1; reason: success ratio below threshold (connection struggling) (success_ratio = 1.000, threshold = 0.500)"},"filename":"D:\\a\\xet-core\\xet-core\\xet_client\\src\\cas_client\\adaptive_concurrency\\controller.rs","line_number":586}
{"timestamp":"2026-09-07T13:46:56.879620Z","level":"INFO","fields":{"message":"Concurrency control for download: Decreased concurrency from 1 to 1; reason: success ratio below threshold (connection struggling) (success_ratio = 1.000, threshold = 0.500)"},"filename":"D:\\a\\xet-core\\xet-core\\xet_client\\src\\cas_client\\adaptive_concurrency\\controller.rs","line_number":586}
{"timestamp":"2026-09-07T13:46:57.572247Z","level":"INFO","fields":{"message":"Concurrency control for download: Decreased concurrency from 1 to 1; reason: success ratio below threshold (connection struggling) (success_ratio = 1.000, threshold = 0.500)"},"filename":"D:\\a\\xet-core\\xet-core\\xet_client\\src\\cas_client\\adaptive_concurrency\\controller.rs","line_number":586}
{"timestamp":"2026-09-07T13:46:58.193854Z","level":"INFO","fields":{"message":"Concurrency control for download: Decreased concurrency from 1 to 1; reason: success ratio below threshold (connection struggling) (success_ratio = 1.000, threshold = 0.500)"},"filename":"D:\\a\\xet-core\\xet-core\\xet_client\\src\\cas_client\\adaptive_concurrency\\controller.rs","line_number":586}
{"timestamp":"2026-09-07T13:46:58.862473Z","level":"INFO","fields":{"message":"Concurrency control for download: Decreased concurrency from 1 to 1; reason: success ratio below threshold (connection struggling) (success_ratio = 1.000, threshold = 0.500)"},"filename":"D:\\a\\xet-core\\xet-core\\xet_client\\src\\cas_client\\adaptive_concurrency\\controller.rs","line_number":586}
{"timestamp":"2026-09-07T13:46:59.347038Z","level":"INFO","fields":{"message":"Concurrency control for download: Current concurrency = 1; predicted bandwidth = 221324; success_ratio = 1.000; reference_size = 61.0MB; observed bytes sent so far = 543223551; completed transmissions = 20"},"filename":"D:\\a\\xet-core\\xet-core\\xet_client\\src\\cas_client\\adaptive_concurrency\\controller.rs","line_number":602}
{"timestamp":"2026-09-07T13:46:59.600270Z","level":"INFO","fields":{"message":"Concurrency control for download: Decreased concurrency from 1 to 1; reason: success ratio below threshold (connection struggling) (success_ratio = 1.000, threshold = 0.500)"},"filename":"D:\\a\\xet-core\\xet-core\\xet_client\\src\\cas_client\\adaptive_concurrency\\controller.rs","line_number":586}
{"timestamp":"2026-09-07T13:47:00.260213Z","level":"INFO","fields":{"message":"Concurrency control for download: Decreased concurrency from 1 to 1; reason: success ratio below threshold (connection struggling) (success_ratio = 1.000, threshold = 0.500)"},"filename":"D:\\a\\xet-core\\xet-core\\xet_client\\src\\cas_client\\adaptive_concurrency\\controller.rs","line_number":586}
{"timestamp":"2026-09-07T13:47:01.633009Z","level":"INFO","fields":{"message":"Received CAS response","request_id":"01M1Y1YKDM9ZEE5W7ACN4JPFBG","status_code":206},"filename":"D:\\a\\xet-core\\xet-core\\xet_client\\src\\common\\http_client.rs","line_number":288}
{"timestamp":"2026-09-07T13:47:01.633033Z","level":"INFO","fields":{"message":"Request Success: s3::get_range api call succeeded (request id 01M1Y1YKDM9ZEE5W7ACN4JPFBG, retry 1)."},"filename":"D:\\a\\xet-core\\xet-core\\xet_client\\src\\cas_client\\retry_wrapper.rs","line_number":237}
{"timestamp":"2026-09-07T13:47:09.565642Z","level":"INFO","fields":{"message":"Concurrency control for download: Current concurrency = 1; predicted bandwidth = 254325; success_ratio = 1.000; reference_size = 61.0MB; observed bytes sent so far = 545981717; completed transmissions = 21"},"filename":"D:\\a\\xet-core\\xet-core\\xet_client\\src\\cas_client\\adaptive_concurrency\\controller.rs","line_number":602}
{"timestamp":"2026-09-07T13:47:20.014980Z","level":"INFO","fields":{"message":"Concurrency control for download: Current concurrency = 1; predicted bandwidth = 271558; success_ratio = 1.000; reference_size = 61.0MB; observed bytes sent so far = 547734805; completed transmissions = 21"},"filename":"D:\\a\\xet-core\\xet-core\\xet_client\\src\\cas_client\\adaptive_concurrency\\controller.rs","line_number":602}
{"timestamp":"2026-09-07T13:47:30.071639Z","level":"INFO","fields":{"message":"Concurrency control for download: Current concurrency = 1; predicted bandwidth = 276204; success_ratio = 1.000; reference_size = 61.0MB; observed bytes sent so far = 548668693; completed transmissions = 21"},"filename":"D:\\a\\xet-core\\xet-core\\xet_client\\src\\cas_client\\adaptive_concurrency\\controller.rs","line_number":602}
{"timestamp":"2026-09-07T13:47:40.223116Z","level":"INFO","fields":{"message":"Concurrency control for download: Current concurrency = 1; predicted bandwidth = 280645; success_ratio = 1.000; reference_size = 61.0MB; observed bytes sent so far = 552060181; completed transmissions = 21"},"filename":"D:\\a\\xet-core\\xet-core\\xet_client\\src\\cas_client\\adaptive_concurrency\\controller.rs","line_number":602}
{"timestamp":"2026-09-07T13:47:50.327739Z","level":"INFO","fields":{"message":"Concurrency control for download: Current concurrency = 1; predicted bandwidth = 281036; success_ratio = 1.000; reference_size = 61.0MB; observed bytes sent so far = 554730773; completed transmissions = 21"},"filename":"D:\\a\\xet-core\\xet-core\\xet_client\\src\\cas_client\\adaptive_concurrency\\controller.rs","line_number":602}
{"timestamp":"2026-09-07T13:48:00.452238Z","level":"INFO","fields":{"message":"Concurrency control for download: Current concurrency = 1; predicted bandwidth = 279169; success_ratio = 1.000; reference_size = 61.0MB; observed bytes sent so far = 558941461; completed transmissions = 21"},"filename":"D:\\a\\xet-core\\xet-core\\xet_client\\src\\cas_client\\adaptive_concurrency\\controller.rs","line_number":602}
{"timestamp":"2026-09-07T13:48:07.594466Z","level":"INFO","fields":{"message":"Concurrency control for download: Decreased concurrency from 1 to 1; reason: success ratio below threshold (connection struggling) (success_ratio = 1.000, threshold = 0.500)"},"filename":"D:\\a\\xet-core\\xet-core\\xet_client\\src\\cas_client\\adaptive_concurrency\\controller.rs","line_number":586}
{"timestamp":"2026-09-07T13:48:08.276502Z","level":"INFO","fields":{"message":"Concurrency control for download: Decreased concurrency from 1 to 1; reason: success ratio below threshold (connection struggling) (success_ratio = 1.000, threshold = 0.500)"},"filename":"D:\\a\\xet-core\\xet-core\\xet_client\\src\\cas_client\\adaptive_concurrency\\controller.rs","line_number":586}
{"timestamp":"2026-09-07T13:48:08.796141Z","level":"INFO","fields":{"message":"Concurrency control for download: Decreased concurrency from 1 to 1; reason: success ratio below threshold (connection struggling) (success_ratio = 1.000, threshold = 0.500)"},"filename":"D:\\a\\xet-core\\xet-core\\xet_client\\src\\cas_client\\adaptive_concurrency\\controller.rs","line_number":586}
{"timestamp":"2026-09-07T13:48:09.452338Z","level":"INFO","fields":{"message":"Concurrency control for download: Decreased concurrency from 1 to 1; reason: success ratio below threshold (connection struggling) (success_ratio = 1.000, threshold = 0.500)"},"filename":"D:\\a\\xet-core\\xet-core\\xet_client\\src\\cas_client\\adaptive_concurrency\\controller.rs","line_number":586}
{"timestamp":"2026-09-07T13:48:10.092115Z","level":"INFO","fields":{"message":"Concurrency control for download: Decreased concurrency from 1 to 1; reason: success ratio below threshold (connection struggling) (success_ratio = 1.000, threshold = 0.500)"},"filename":"D:\\a\\xet-core\\xet-core\\xet_client\\src\\cas_client\\adaptive_concurrency\\controller.rs","line_number":586}
{"timestamp":"2026-09-07T13:48:10.517342Z","level":"INFO","fields":{"message":"Concurrency control for download: Current concurrency = 1; predicted bandwidth = 309018; success_ratio = 1.000; reference_size = 61.0MB; observed bytes sent so far = 566121349; completed transmissions = 22"},"filename":"D:\\a\\xet-core\\xet-core\\xet_client\\src\\cas_client\\adaptive_concurrency\\controller.rs","line_number":602}
{"timestamp":"2026-09-07T13:48:10.723590Z","level":"INFO","fields":{"message":"Concurrency control for download: Decreased concurrency from 1 to 1; reason: success ratio below threshold (connection struggling) (success_ratio = 1.000, threshold = 0.500)"},"filename":"D:\\a\\xet-core\\xet-core\\xet_client\\src\\cas_client\\adaptive_concurrency\\controller.rs","line_number":586}
{"timestamp":"2026-09-07T13:48:11.356231Z","level":"INFO","fields":{"message":"Concurrency control for download: Decreased concurrency from 1 to 1; reason: success ratio below threshold (connection struggling) (success_ratio = 1.000, threshold = 0.500)"},"filename":"D:\\a\\xet-core\\xet-core\\xet_client\\src\\cas_client\\adaptive_concurrency\\controller.rs","line_number":586}
{"timestamp":"2026-09-07T13:48:11.972932Z","level":"INFO","fields":{"message":"Concurrency control for download: Decreased concurrency from 1 to 1; reason: success ratio below threshold (connection struggling) (success_ratio = 1.000, threshold = 0.500)"},"filename":"D:\\a\\xet-core\\xet-core\\xet_client\\src\\cas_client\\adaptive_concurrency\\controller.rs","line_number":586}
{"timestamp":"2026-09-07T13:48:12.583008Z","level":"INFO","fields":{"message":"Concurrency control for download: Decreased concurrency from 1 to 1; reason: success ratio below threshold (connection struggling) (success_ratio = 1.000, threshold = 0.500)"},"filename":"D:\\a\\xet-core\\xet-core\\xet_client\\src\\cas_client\\adaptive_concurrency\\controller.rs","line_number":586}
{"timestamp":"2026-09-07T13:48:13.205236Z","level":"INFO","fields":{"message":"Concurrency control for download: Decreased concurrency from 1 to 1; reason: success ratio below threshold (connection struggling) (success_ratio = 1.000, threshold = 0.500)"},"filename":"D:\\a\\xet-core\\xet-core\\xet_client\\src\\cas_client\\adaptive_concurrency\\controller.rs","line_number":586}
{"timestamp":"2026-09-07T13:48:13.883026Z","level":"INFO","fields":{"message":"Concurrency control for download: Decreased concurrency from 1 to 1; reason: success ratio below threshold (connection struggling) (success_ratio = 1.000, threshold = 0.500)"},"filename":"D:\\a\\xet-core\\xet-core\\xet_client\\src\\cas_client\\adaptive_concurrency\\controller.rs","line_number":586}
{"timestamp":"2026-09-07T13:48:14.492805Z","level":"INFO","fields":{"message":"Concurrency control for download: Decreased concurrency from 1 to 1; reason: success ratio below threshold (connection struggling) (success_ratio = 1.000, threshold = 0.500)"},"filename":"D:\\a\\xet-core\\xet-core\\xet_client\\src\\cas_client\\adaptive_concurrency\\controller.rs","line_number":586}
{"timestamp":"2026-09-07T13:48:15.140706Z","level":"INFO","fields":{"message":"Concurrency control for download: Decreased concurrency from 1 to 1; reason: success ratio below threshold (connection struggling) (success_ratio = 1.000, threshold = 0.500)"},"filename":"D:\\a\\xet-core\\xet-core\\xet_client\\src\\cas_client\\adaptive_concurrency\\controller.rs","line_number":586}
{"timestamp":"2026-09-07T13:48:15.751246Z","level":"INFO","fields":{"message":"Concurrency control for download: Decreased concurrency from 1 to 1; reason: success ratio below threshold (connection struggling) (success_ratio = 1.000, threshold = 0.500)"},"filename":"D:\\a\\xet-core\\xet-core\\xet_client\\src\\cas_client\\adaptive_concurrency\\controller.rs","line_number":586}
{"timestamp":"2026-09-07T13:48:16.447970Z","level":"INFO","fields":{"message":"Concurrency control for download: Decreased concurrency from 1 to 1; reason: success ratio below threshold (connection struggling) (success_ratio = 1.000, threshold = 0.500)"},"filename":"D:\\a\\xet-core\\xet-core\\xet_client\\src\\cas_client\\adaptive_concurrency\\controller.rs","line_number":586}
{"timestamp":"2026-09-07T13:48:16.982697Z","level":"INFO","fields":{"message":"Concurrency control for download: Decreased concurrency from 1 to 1; reason: success ratio below threshold (connection struggling) (success_ratio = 1.000, threshold = 0.500)"},"filename":"D:\\a\\xet-core\\xet-core\\xet_client\\src\\cas_client\\adaptive_concurrency\\controller.rs","line_number":586}
{"timestamp":"2026-09-07T13:48:17.483282Z","level":"INFO","fields":{"message":"Concurrency control for download: Decreased concurrency from 1 to 1; reason: success ratio below threshold (connection struggling) (success_ratio = 1.000, threshold = 0.500)"},"filename":"D:\\a\\xet-core\\xet-core\\xet_client\\src\\cas_client\\adaptive_concurrency\\controller.rs","line_number":586}
{"timestamp":"2026-09-07T13:48:18.128952Z","level":"INFO","fields":{"message":"Concurrency control for download: Decreased concurrency from 1 to 1; reason: success ratio below threshold (connection struggling) (success_ratio = 1.000, threshold = 0.500)"},"filename":"D:\\a\\xet-core\\xet-core\\xet_client\\src\\cas_client\\adaptive_concurrency\\controller.rs","line_number":586}
{"timestamp":"2026-09-07T13:48:18.792032Z","level":"INFO","fields":{"message":"Concurrency control for download: Decreased concurrency from 1 to 1; reason: success ratio below threshold (connection struggling) (success_ratio = 1.000, threshold = 0.500)"},"filename":"D:\\a\\xet-core\\xet-core\\xet_client\\src\\cas_client\\adaptive_concurrency\\controller.rs","line_number":586}
{"timestamp":"2026-09-07T13:48:19.442395Z","level":"INFO","fields":{"message":"Concurrency control for download: Decreased concurrency from 1 to 1; reason: success ratio below threshold (connection struggling) (success_ratio = 1.000, threshold = 0.500)"},"filename":"D:\\a\\xet-core\\xet-core\\xet_client\\src\\cas_client\\adaptive_concurrency\\controller.rs","line_number":586}
{"timestamp":"2026-09-07T13:48:20.107372Z","level":"INFO","fields":{"message":"Concurrency control for download: Decreased concurrency from 1 to 1; reason: success ratio below threshold (connection struggling) (success_ratio = 1.000, threshold = 0.500)"},"filename":"D:\\a\\xet-core\\xet-core\\xet_client\\src\\cas_client\\adaptive_concurrency\\controller.rs","line_number":586}
{"timestamp":"2026-09-07T13:48:20.526669Z","level":"INFO","fields":{"message":"Concurrency control for download: Current concurrency = 1; predicted bandwidth = 1162064; success_ratio = 1.000; reference_size = 61.0MB; observed bytes sent so far = 575021307; completed transmissions = 22"},"filename":"D:\\a\\xet-core\\xet-core\\xet_client\\src\\cas_client\\adaptive_concurrency\\controller.rs","line_number":602}
{"timestamp":"2026-09-07T13:48:20.770218Z","level":"INFO","fields":{"message":"Concurrency control for download: Decreased concurrency from 1 to 1; reason: success ratio below threshold (connection struggling) (success_ratio = 1.000, threshold = 0.500)"},"filename":"D:\\a\\xet-core\\xet-core\\xet_client\\src\\cas_client\\adaptive_concurrency\\controller.rs","line_number":586}
{"timestamp":"2026-09-07T13:48:21.419557Z","level":"INFO","fields":{"message":"Concurrency control for download: Decreased concurrency from 1 to 1; reason: success ratio below threshold (connection struggling) (success_ratio = 1.000, threshold = 0.500)"},"filename":"D:\\a\\xet-core\\xet-core\\xet_client\\src\\cas_client\\adaptive_concurrency\\controller.rs","line_number":586}
{"timestamp":"2026-09-07T13:48:22.124923Z","level":"INFO","fields":{"message":"Concurrency control for download: Decreased concurrency from 1 to 1; reason: success ratio below threshold (connection struggling) (success_ratio = 1.000, threshold = 0.500)"},"filename":"D:\\a\\xet-core\\xet-core\\xet_client\\src\\cas_client\\adaptive_concurrency\\controller.rs","line_number":586}
{"timestamp":"2026-09-07T13:48:22.739179Z","level":"INFO","fields":{"message":"Concurrency control for download: Decreased concurrency from 1 to 1; reason: success ratio below threshold (connection struggling) (success_ratio = 1.000, threshold = 0.500)"},"filename":"D:\\a\\xet-core\\xet-core\\xet_client\\src\\cas_client\\adaptive_concurrency\\controller.rs","line_number":586}
{"timestamp":"2026-09-07T13:48:23.445082Z","level":"INFO","fields":{"message":"Concurrency control for download: Decreased concurrency from 1 to 1; reason: success ratio below threshold (connection struggling) (success_ratio = 1.000, threshold = 0.500)"},"filename":"D:\\a\\xet-core\\xet-core\\xet_client\\src\\cas_client\\adaptive_concurrency\\controller.rs","line_number":586}
{"timestamp":"2026-09-07T13:48:24.011124Z","level":"INFO","fields":{"message":"Concurrency control for download: Decreased concurrency from 1 to 1; reason: success ratio below threshold (connection struggling) (success_ratio = 1.000, threshold = 0.500)"},"filename":"D:\\a\\xet-core\\xet-core\\xet_client\\src\\cas_client\\adaptive_concurrency\\controller.rs","line_number":586}
{"timestamp":"2026-09-07T13:48:24.626551Z","level":"INFO","fields":{"message":"Concurrency control for download: Decreased concurrency from 1 to 1; reason: success ratio below threshold (connection struggling) (success_ratio = 1.000, threshold = 0.500)"},"filename":"D:\\a\\xet-core\\xet-core\\xet_client\\src\\cas_client\\adaptive_concurrency\\controller.rs","line_number":586}
{"timestamp":"2026-09-07T13:48:25.297854Z","level":"INFO","fields":{"message":"Concurrency control for download: Decreased concurrency from 1 to 1; reason: success ratio below threshold (connection struggling) (success_ratio = 1.000, threshold = 0.500)"},"filename":"D:\\a\\xet-core\\xet-core\\xet_client\\src\\cas_client\\adaptive_concurrency\\controller.rs","line_number":586}
{"timestamp":"2026-09-07T13:48:25.835021Z","level":"INFO","fields":{"message":"Concurrency control for download: Decreased concurrency from 1 to 1; reason: success ratio below threshold (connection struggling) (success_ratio = 1.000, threshold = 0.500)"},"filename":"D:\\a\\xet-core\\xet-core\\xet_client\\src\\cas_client\\adaptive_concurrency\\controller.rs","line_number":586}
{"timestamp":"2026-09-07T13:48:26.480943Z","level":"INFO","fields":{"message":"Concurrency control for download: Decreased concurrency from 1 to 1; reason: success ratio below threshold (connection struggling) (success_ratio = 1.000, threshold = 0.500)"},"filename":"D:\\a\\xet-core\\xet-core\\xet_client\\src\\cas_client\\adaptive_concurrency\\controller.rs","line_number":586}
{"timestamp":"2026-09-07T13:48:27.151475Z","level":"INFO","fields":{"message":"Concurrency control for download: Decreased concurrency from 1 to 1; reason: success ratio below threshold (connection struggling) (success_ratio = 1.000, threshold = 0.500)"},"filename":"D:\\a\\xet-core\\xet-core\\xet_client\\src\\cas_client\\adaptive_concurrency\\controller.rs","line_number":586}
{"timestamp":"2026-09-07T13:48:27.764373Z","level":"INFO","fields":{"message":"Concurrency control for download: Decreased concurrency from 1 to 1; reason: success ratio below threshold (connection struggling) (success_ratio = 1.000, threshold = 0.500)"},"filename":"D:\\a\\xet-core\\xet-core\\xet_client\\src\\cas_client\\adaptive_concurrency\\controller.rs","line_number":586}
{"timestamp":"2026-09-07T13:48:28.381773Z","level":"INFO","fields":{"message":"Concurrency control for download: Decreased concurrency from 1 to 1; reason: success ratio below threshold (connection struggling) (success_ratio = 1.000, threshold = 0.500)"},"filename":"D:\\a\\xet-core\\xet-core\\xet_client\\src\\cas_client\\adaptive_concurrency\\controller.rs","line_number":586}
{"timestamp":"2026-09-07T13:48:29.091575Z","level":"INFO","fields":{"message":"Concurrency control for download: Decreased concurrency from 1 to 1; reason: success ratio below threshold (connection struggling) (success_ratio = 1.000, threshold = 0.500)"},"filename":"D:\\a\\xet-core\\xet-core\\xet_client\\src\\cas_client\\adaptive_concurrency\\controller.rs","line_number":586}
{"timestamp":"2026-09-07T13:48:29.662765Z","level":"INFO","fields":{"message":"Concurrency control for download: Decreased concurrency from 1 to 1; reason: success ratio below threshold (connection struggling) (success_ratio = 1.000, threshold = 0.500)"},"filename":"D:\\a\\xet-core\\xet-core\\xet_client\\src\\cas_client\\adaptive_concurrency\\controller.rs","line_number":586}
{"timestamp":"2026-09-07T13:48:30.288334Z","level":"INFO","fields":{"message":"Concurrency control for download: Decreased concurrency from 1 to 1; reason: transfer failed (success_ratio = 1.000, threshold = 0.500)"},"filename":"D:\\a\\xet-core\\xet-core\\xet_client\\src\\cas_client\\adaptive_concurrency\\controller.rs","line_number":586}
{"timestamp":"2026-09-07T13:48:32.222248Z","level":"INFO","fields":{"message":"Received CAS response","request_id":"01M1Y21BYP5F8D4PWH5BMK9BP5","status_code":206},"filename":"D:\\a\\xet-core\\xet-core\\xet_client\\src\\common\\http_client.rs","line_number":288}
{"timestamp":"2026-09-07T13:48:32.222268Z","level":"INFO","fields":{"message":"Request Success: s3::get_range api call succeeded (request id 01M1Y21BYP5F8D4PWH5BMK9BP5, retry 1)."},"filename":"D:\\a\\xet-core\\xet-core\\xet_client\\src\\cas_client\\retry_wrapper.rs","line_number":237}
{"timestamp":"2026-09-07T13:49:22.632045Z","level":"INFO","fields":{"message":"Concurrency control for download: Current concurrency = 1; predicted bandwidth = 596678; success_ratio = 1.000; reference_size = 61.0MB; observed bytes sent so far = 582767493; completed transmissions = 23"},"filename":"D:\\a\\xet-core\\xet-core\\xet_client\\src\\cas_client\\adaptive_concurrency\\controller.rs","line_number":602}
{"timestamp":"2026-09-07T13:49:23.297594Z","level":"INFO","fields":{"message":"Concurrency control for download: Increased concurrency from 1 to 2; reason: success ratio 1.000 is above threshold 0.800 and predicted RTT for 61MB at new concurrency is 25.57s < target 60.0s"},"filename":"D:\\a\\xet-core\\xet-core\\xet_client\\src\\cas_client\\adaptive_concurrency\\controller.rs","line_number":548}
{"timestamp":"2026-09-07T13:49:23.297668Z","level":"INFO","fields":{"message":"Retry strategy","retry":"RetryWrapper { max_attempts: 5, base_delay: 3s, max_duration: 360s, no_retry_on_429: false, retry_on_403: true, expected_416: false, expected_404: false, log_errors_as_info: false, api_tag: \"s3::get_range\", has_connection_permit: true }"},"filename":"D:\\a\\xet-core\\xet-core\\xet_client\\src\\cas_client\\retry_wrapper.rs","line_number":274}
{"timestamp":"2026-09-07T13:49:23.297703Z","level":"INFO","fields":{"message":"Retry strategy","retry":"RetryWrapper { max_attempts: 5, base_delay: 3s, max_duration: 360s, no_retry_on_429: false, retry_on_403: true, expected_416: false, expected_404: false, log_errors_as_info: false, api_tag: \"s3::get_range\", has_connection_permit: true }"},"filename":"D:\\a\\xet-core\\xet-core\\xet_client\\src\\cas_client\\retry_wrapper.rs","line_number":274}
{"timestamp":"2026-09-07T13:49:23.385243Z","level":"INFO","fields":{"message":"Received CAS response","request_id":"01M1Y22XXFN41HHYWWRSBCJVXZ","status_code":206},"filename":"D:\\a\\xet-core\\xet-core\\xet_client\\src\\common\\http_client.rs","line_number":288}
{"timestamp":"2026-09-07T13:49:23.385293Z","level":"INFO","fields":{"message":"Request Success: s3::get_range api call succeeded (request id 01M1Y22XXFN41HHYWWRSBCJVXZ)."},"filename":"D:\\a\\xet-core\\xet-core\\xet_client\\src\\cas_client\\retry_wrapper.rs","line_number":237}
{"timestamp":"2026-09-07T13:49:23.638440Z","level":"INFO","fields":{"message":"Received CAS response","request_id":"01M1Y22Y55WSVY8E0R39PPFBQM","status_code":206},"filename":"D:\\a\\xet-core\\xet-core\\xet_client\\src\\common\\http_client.rs","line_number":288}
{"timestamp":"2026-09-07T13:49:23.638483Z","level":"INFO","fields":{"message":"Request Success: s3::get_range api call succeeded (request id 01M1Y22Y55WSVY8E0R39PPFBQM)."},"filename":"D:\\a\\xet-core\\xet-core\\xet_client\\src\\cas_client\\retry_wrapper.rs","line_number":237}
{"timestamp":"2026-09-07T13:49:23.808982Z","level":"INFO","fields":{"message":"Concurrency control for download: Increased concurrency from 2 to 3; reason: success ratio 1.000 is above threshold 0.800 and predicted RTT for 61MB at new concurrency is 2.18s < target 60.0s"},"filename":"D:\\a\\xet-core\\xet-core\\xet_client\\src\\cas_client\\adaptive_concurrency\\controller.rs","line_number":548}
{"timestamp":"2026-09-07T13:49:23.809052Z","level":"INFO","fields":{"message":"Retry strategy","retry":"RetryWrapper { max_attempts: 5, base_delay: 3s, max_duration: 360s, no_retry_on_429: false, retry_on_403: true, expected_416: false, expected_404: false, log_errors_as_info: false, api_tag: \"s3::get_range\", has_connection_permit: true }"},"filename":"D:\\a\\xet-core\\xet-core\\xet_client\\src\\cas_client\\retry_wrapper.rs","line_number":274}
{"timestamp":"2026-09-07T13:49:24.380158Z","level":"INFO","fields":{"message":"Concurrency control for download: Increased concurrency from 3 to 4; reason: success ratio 1.000 is above threshold 0.800 and predicted RTT for 61MB at new concurrency is 0.00s < target 60.0s"},"filename":"D:\\a\\xet-core\\xet-core\\xet_client\\src\\cas_client\\adaptive_concurrency\\controller.rs","line_number":548}
{"timestamp":"2026-09-07T13:49:24.380232Z","level":"INFO","fields":{"message":"Retry strategy","retry":"RetryWrapper { max_attempts: 5, base_delay: 3s, max_duration: 360s, no_retry_on_429: false, retry_on_403: true, expected_416: false, expected_404: false, log_errors_as_info: false, api_tag: \"s3::get_range\", has_connection_permit: true }"},"filename":"D:\\a\\xet-core\\xet-core\\xet_client\\src\\cas_client\\retry_wrapper.rs","line_number":274}
{"timestamp":"2026-09-07T13:49:24.574753Z","level":"INFO","fields":{"message":"Received CAS response","request_id":"01M1Y22YTPTWQGPDBQXXJ8H24S","status_code":206},"filename":"D:\\a\\xet-core\\xet-core\\xet_client\\src\\common\\http_client.rs","line_number":288}
{"timestamp":"2026-09-07T13:49:24.574786Z","level":"INFO","fields":{"message":"Request Success: s3::get_range api call succeeded (request id 01M1Y22YTPTWQGPDBQXXJ8H24S)."},"filename":"D:\\a\\xet-core\\xet-core\\xet_client\\src\\cas_client\\retry_wrapper.rs","line_number":237}
{"timestamp":"2026-09-07T13:49:24.966433Z","level":"INFO","fields":{"message":"Concurrency control for download: Increased concurrency from 4 to 5; reason: success ratio 1.000 is above threshold 0.800 and predicted RTT for 61MB at new concurrency is 0.00s < target 60.0s"},"filename":"D:\\a\\xet-core\\xet-core\\xet_client\\src\\cas_client\\adaptive_concurrency\\controller.rs","line_number":548}
{"timestamp":"2026-09-07T13:49:24.966490Z","level":"INFO","fields":{"message":"Retry strategy","retry":"RetryWrapper { max_attempts: 5, base_delay: 3s, max_duration: 360s, no_retry_on_429: false, retry_on_403: true, expected_416: false, expected_404: false, log_errors_as_info: false, api_tag: \"s3::get_range\", has_connection_permit: true }"},"filename":"D:\\a\\xet-core\\xet-core\\xet_client\\src\\cas_client\\retry_wrapper.rs","line_number":274}
{"timestamp":"2026-09-07T13:49:25.574883Z","level":"INFO","fields":{"message":"Concurrency control for download: Increased concurrency from 5 to 6; reason: success ratio 1.000 is above threshold 0.800 and predicted RTT for 61MB at new concurrency is 0.00s < target 60.0s"},"filename":"D:\\a\\xet-core\\xet-core\\xet_client\\src\\cas_client\\adaptive_concurrency\\controller.rs","line_number":548}
{"timestamp":"2026-09-07T13:49:25.574963Z","level":"INFO","fields":{"message":"Retry strategy","retry":"RetryWrapper { max_attempts: 5, base_delay: 3s, max_duration: 360s, no_retry_on_429: false, retry_on_403: true, expected_416: false, expected_404: false, log_errors_as_info: false, api_tag: \"s3::get_range\", has_connection_permit: true }"},"filename":"D:\\a\\xet-core\\xet-core\\xet_client\\src\\cas_client\\retry_wrapper.rs","line_number":274}
{"timestamp":"2026-09-07T13:49:25.581080Z","level":"INFO","fields":{"message":"Received CAS response","request_id":"01M1Y22ZKHXTZM22D533TY7YCE","status_code":206},"filename":"D:\\a\\xet-core\\xet-core\\xet_client\\src\\common\\http_client.rs","line_number":288}
{"timestamp":"2026-09-07T13:49:25.581119Z","level":"INFO","fields":{"message":"Request Success: s3::get_range api call succeeded (request id 01M1Y22ZKHXTZM22D533TY7YCE)."},"filename":"D:\\a\\xet-core\\xet-core\\xet_client\\src\\cas_client\\retry_wrapper.rs","line_number":237}
{"timestamp":"2026-09-07T13:49:26.181908Z","level":"INFO","fields":{"message":"Concurrency control for download: Increased concurrency from 6 to 7; reason: success ratio 1.000 is above threshold 0.800 and predicted RTT for 61MB at new concurrency is 11.68s < target 60.0s"},"filename":"D:\\a\\xet-core\\xet-core\\xet_client\\src\\cas_client\\adaptive_concurrency\\controller.rs","line_number":548}
{"timestamp":"2026-09-07T13:49:26.181976Z","level":"INFO","fields":{"message":"Retry strategy","retry":"RetryWrapper { max_attempts: 5, base_delay: 3s, max_duration: 360s, no_retry_on_429: false, retry_on_403: true, expected_416: false, expected_404: false, log_errors_as_info: false, api_tag: \"s3::get_range\", has_connection_permit: true }"},"filename":"D:\\a\\xet-core\\xet-core\\xet_client\\src\\cas_client\\retry_wrapper.rs","line_number":274}
{"timestamp":"2026-09-07T13:49:26.346200Z","level":"INFO","fields":{"message":"Received CAS response","request_id":"01M1Y230BVP27227XKNF45Y04R","status_code":206},"filename":"D:\\a\\xet-core\\xet-core\\xet_client\\src\\common\\http_client.rs","line_number":288}
{"timestamp":"2026-09-07T13:49:26.346250Z","level":"INFO","fields":{"message":"Request Success: s3::get_range api call succeeded (request id 01M1Y230BVP27227XKNF45Y04R)."},"filename":"D:\\a\\xet-core\\xet-core\\xet_client\\src\\cas_client\\retry_wrapper.rs","line_number":237}
{"timestamp":"2026-09-07T13:49:26.756458Z","level":"INFO","fields":{"message":"Concurrency control for download: Increased concurrency from 7 to 8; reason: success ratio 1.000 is above threshold 0.800 and predicted RTT for 61MB at new concurrency is 39.77s < target 60.0s"},"filename":"D:\\a\\xet-core\\xet-core\\xet_client\\src\\cas_client\\adaptive_concurrency\\controller.rs","line_number":548}
{"timestamp":"2026-09-07T13:49:26.756491Z","level":"INFO","fields":{"message":"Retry strategy","retry":"RetryWrapper { max_attempts: 5, base_delay: 3s, max_duration: 360s, no_retry_on_429: false, retry_on_403: true, expected_416: false, expected_404: false, log_errors_as_info: false, api_tag: \"s3::get_range\", has_connection_permit: true }"},"filename":"D:\\a\\xet-core\\xet-core\\xet_client\\src\\cas_client\\retry_wrapper.rs","line_number":274}
{"timestamp":"2026-09-07T13:49:27.402446Z","level":"INFO","fields":{"message":"Received CAS response","request_id":"01M1Y2314EK650XMQHXV1DXD1K","status_code":206},"filename":"D:\\a\\xet-core\\xet-core\\xet_client\\src\\common\\http_client.rs","line_number":288}
{"timestamp":"2026-09-07T13:49:27.402507Z","level":"INFO","fields":{"message":"Request Success: s3::get_range api call succeeded (request id 01M1Y2314EK650XMQHXV1DXD1K)."},"filename":"D:\\a\\xet-core\\xet-core\\xet_client\\src\\cas_client\\retry_wrapper.rs","line_number":237}
{"timestamp":"2026-09-07T13:49:27.600994Z","level":"INFO","fields":{"message":"Concurrency control for download: Increased concurrency from 8 to 9; reason: success ratio 1.000 is above threshold 0.800 and predicted RTT for 61MB at new concurrency is 48.58s < target 60.0s"},"filename":"D:\\a\\xet-core\\xet-core\\xet_client\\src\\cas_client\\adaptive_concurrency\\controller.rs","line_number":548}
{"timestamp":"2026-09-07T13:49:27.601059Z","level":"INFO","fields":{"message":"Retry strategy","retry":"RetryWrapper { max_attempts: 5, base_delay: 3s, max_duration: 360s, no_retry_on_429: false, retry_on_403: true, expected_416: false, expected_404: false, log_errors_as_info: false, api_tag: \"s3::get_range\", has_connection_permit: true }"},"filename":"D:\\a\\xet-core\\xet-core\\xet_client\\src\\cas_client\\retry_wrapper.rs","line_number":274}
{"timestamp":"2026-09-07T13:49:28.179777Z","level":"INFO","fields":{"message":"Concurrency control for download: Increased concurrency from 9 to 10; reason: success ratio 1.000 is above threshold 0.800 and predicted RTT for 61MB at new concurrency is 56.46s < target 60.0s"},"filename":"D:\\a\\xet-core\\xet-core\\xet_client\\src\\cas_client\\adaptive_concurrency\\controller.rs","line_number":548}
{"timestamp":"2026-09-07T13:49:28.179836Z","level":"INFO","fields":{"message":"Retry strategy","retry":"RetryWrapper { max_attempts: 5, base_delay: 3s, max_duration: 360s, no_retry_on_429: false, retry_on_403: true, expected_416: false, expected_404: false, log_errors_as_info: false, api_tag: \"s3::get_range\", has_connection_permit: true }"},"filename":"D:\\a\\xet-core\\xet-core\\xet_client\\src\\cas_client\\retry_wrapper.rs","line_number":274}
{"timestamp":"2026-09-07T13:49:29.981752Z","level":"INFO","fields":{"message":"Received CAS response","request_id":"01M1Y233NCWTMK8V9JT61ANM1A","status_code":206},"filename":"D:\\a\\xet-core\\xet-core\\xet_client\\src\\common\\http_client.rs","line_number":288}
{"timestamp":"2026-09-07T13:49:29.981810Z","level":"INFO","fields":{"message":"Request Success: s3::get_range api call succeeded (request id 01M1Y233NCWTMK8V9JT61ANM1A)."},"filename":"D:\\a\\xet-core\\xet-core\\xet_client\\src\\cas_client\\retry_wrapper.rs","line_number":237}
{"timestamp":"2026-09-07T13:49:30.615042Z","level":"INFO","fields":{"message":"Received CAS response","request_id":"01M1Y234X95CAVXH8YEYNQEMCP","status_code":206},"filename":"D:\\a\\xet-core\\xet-core\\xet_client\\src\\common\\http_client.rs","line_number":288}
{"timestamp":"2026-09-07T13:49:30.615080Z","level":"INFO","fields":{"message":"Request Success: s3::get_range api call succeeded (request id 01M1Y234X95CAVXH8YEYNQEMCP)."},"filename":"D:\\a\\xet-core\\xet-core\\xet_client\\src\\cas_client\\retry_wrapper.rs","line_number":237}
{"timestamp":"2026-09-07T13:49:30.680955Z","level":"INFO","fields":{"message":"Received CAS response","request_id":"01M1Y234ZWNMYS5HXF7J073GBX","status_code":206},"filename":"D:\\a\\xet-core\\xet-core\\xet_client\\src\\common\\http_client.rs","line_number":288}
{"timestamp":"2026-09-07T13:49:30.681018Z","level":"INFO","fields":{"message":"Request Success: s3::get_range api call succeeded (request id 01M1Y234ZWNMYS5HXF7J073GBX)."},"filename":"D:\\a\\xet-core\\xet-core\\xet_client\\src\\cas_client\\retry_wrapper.rs","line_number":237}
{"timestamp":"2026-09-07T13:49:32.634670Z","level":"INFO","fields":{"message":"Concurrency control for download: Current concurrency = 10; predicted bandwidth = 254309; success_ratio = 1.000; reference_size = 61.0MB; observed bytes sent so far = 589212467; completed transmissions = 24"},"filename":"D:\\a\\xet-core\\xet-core\\xet_client\\src\\cas_client\\adaptive_concurrency\\controller.rs","line_number":602}
{"timestamp":"2026-09-07T13:49:32.937003Z","level":"INFO","fields":{"message":"Received CAS response","request_id":"01M1Y236KXSD1TH97D1299H1F5","status_code":206},"filename":"D:\\a\\xet-core\\xet-core\\xet_client\\src\\common\\http_client.rs","line_number":288}
{"timestamp":"2026-09-07T13:49:32.937023Z","level":"INFO","fields":{"message":"Request Success: s3::get_range api call succeeded (request id 01M1Y236KXSD1TH97D1299H1F5)."},"filename":"D:\\a\\xet-core\\xet-core\\xet_client\\src\\cas_client\\retry_wrapper.rs","line_number":237}
{"timestamp":"2026-09-07T13:49:42.871007Z","level":"INFO","fields":{"message":"Concurrency control for download: Current concurrency = 10; predicted bandwidth = 395443; success_ratio = 1.000; reference_size = 61.0MB; observed bytes sent so far = 595459847; completed transmissions = 24"},"filename":"D:\\a\\xet-core\\xet-core\\xet_client\\src\\cas_client\\adaptive_concurrency\\controller.rs","line_number":602}
{"timestamp":"2026-09-07T13:49:53.079617Z","level":"INFO","fields":{"message":"Concurrency control for download: Current concurrency = 10; predicted bandwidth = 419558; success_ratio = 1.000; reference_size = 61.0MB; observed bytes sent so far = 599097095; completed transmissions = 24"},"filename":"D:\\a\\xet-core\\xet-core\\xet_client\\src\\cas_client\\adaptive_concurrency\\controller.rs","line_number":602}
{"timestamp":"2026-09-07T13:50:03.111972Z","level":"INFO","fields":{"message":"Concurrency control for download: Current concurrency = 10; predicted bandwidth = 357529; success_ratio = 1.000; reference_size = 61.0MB; observed bytes sent so far = 608059143; completed transmissions = 24"},"filename":"D:\\a\\xet-core\\xet-core\\xet_client\\src\\cas_client\\adaptive_concurrency\\controller.rs","line_number":602}
{"timestamp":"2026-09-07T13:50:13.173158Z","level":"INFO","fields":{"message":"Concurrency control for download: Current concurrency = 10; predicted bandwidth = 274616; success_ratio = 1.000; reference_size = 61.0MB; observed bytes sent so far = 614285063; completed transmissions = 24"},"filename":"D:\\a\\xet-core\\xet-core\\xet_client\\src\\cas_client\\adaptive_concurrency\\controller.rs","line_number":602}
{"timestamp":"2026-09-07T13:50:23.639380Z","level":"INFO","fields":{"message":"Concurrency control for download: Current concurrency = 10; predicted bandwidth = 218964; success_ratio = 1.000; reference_size = 61.0MB; observed bytes sent so far = 619855623; completed transmissions = 24"},"filename":"D:\\a\\xet-core\\xet-core\\xet_client\\src\\cas_client\\adaptive_concurrency\\controller.rs","line_number":602}
{"timestamp":"2026-09-07T13:50:33.799700Z","level":"INFO","fields":{"message":"Concurrency control for download: Current concurrency = 10; predicted bandwidth = 179860; success_ratio = 1.000; reference_size = 61.0MB; observed bytes sent so far = 627621639; completed transmissions = 24"},"filename":"D:\\a\\xet-core\\xet-core\\xet_client\\src\\cas_client\\adaptive_concurrency\\controller.rs","line_number":602}
{"timestamp":"2026-09-07T13:50:43.931164Z","level":"INFO","fields":{"message":"Concurrency control for download: Current concurrency = 10; predicted bandwidth = 150457; success_ratio = 1.000; reference_size = 61.0MB; observed bytes sent so far = 636043015; completed transmissions = 24"},"filename":"D:\\a\\xet-core\\xet-core\\xet_client\\src\\cas_client\\adaptive_concurrency\\controller.rs","line_number":602}
{"timestamp":"2026-09-07T13:50:53.367179Z","level":"INFO","fields":{"message":"Concurrency control for download: Decreased concurrency from 10 to 9; reason: success ratio below threshold (connection struggling) (success_ratio = 1.000, threshold = 0.500)"},"filename":"D:\\a\\xet-core\\xet-core\\xet_client\\src\\cas_client\\adaptive_concurrency\\controller.rs","line_number":586}
{"timestamp":"2026-09-07T13:50:53.953307Z","level":"INFO","fields":{"message":"Concurrency control for download: Decreased concurrency from 9 to 8; reason: success ratio below threshold (connection struggling) (success_ratio = 1.000, threshold = 0.500)"},"filename":"D:\\a\\xet-core\\xet-core\\xet_client\\src\\cas_client\\adaptive_concurrency\\controller.rs","line_number":586}
{"timestamp":"2026-09-07T13:50:53.953360Z","level":"INFO","fields":{"message":"Concurrency control for download: Current concurrency = 8; predicted bandwidth = 130026; success_ratio = 1.000; reference_size = 61.0MB; observed bytes sent so far = 644693767; completed transmissions = 24"},"filename":"D:\\a\\xet-core\\xet-core\\xet_client\\src\\cas_client\\adaptive_concurrency\\controller.rs","line_number":602}
{"timestamp":"2026-09-07T13:50:54.458597Z","level":"INFO","fields":{"message":"Concurrency control for download: Decreased concurrency from 8 to 7; reason: success ratio below threshold (connection struggling) (success_ratio = 1.000, threshold = 0.500)"},"filename":"D:\\a\\xet-core\\xet-core\\xet_client\\src\\cas_client\\adaptive_concurrency\\controller.rs","line_number":586}
{"timestamp":"2026-09-07T13:50:55.065697Z","level":"INFO","fields":{"message":"Concurrency control for download: Decreased concurrency from 7 to 6; reason: success ratio below threshold (connection struggling) (success_ratio = 1.000, threshold = 0.500)"},"filename":"D:\\a\\xet-core\\xet-core\\xet_client\\src\\cas_client\\adaptive_concurrency\\controller.rs","line_number":586}
{"timestamp":"2026-09-07T13:50:55.621435Z","level":"INFO","fields":{"message":"Concurrency control for download: Decreased concurrency from 6 to 5; reason: success ratio below threshold (connection struggling) (success_ratio = 1.000, threshold = 0.500)"},"filename":"D:\\a\\xet-core\\xet-core\\xet_client\\src\\cas_client\\adaptive_concurrency\\controller.rs","line_number":586}
{"timestamp":"2026-09-07T13:50:56.191913Z","level":"INFO","fields":{"message":"Concurrency control for download: Decreased concurrency from 5 to 4; reason: success ratio below threshold (connection struggling) (success_ratio = 1.000, threshold = 0.500)"},"filename":"D:\\a\\xet-core\\xet-core\\xet_client\\src\\cas_client\\adaptive_concurrency\\controller.rs","line_number":586}
{"timestamp":"2026-09-07T13:50:56.855574Z","level":"INFO","fields":{"message":"Concurrency control for download: Decreased concurrency from 4 to 3; reason: success ratio below threshold (connection struggling) (success_ratio = 1.000, threshold = 0.500)"},"filename":"D:\\a\\xet-core\\xet-core\\xet_client\\src\\cas_client\\adaptive_concurrency\\controller.rs","line_number":586}
{"timestamp":"2026-09-07T13:50:57.406563Z","level":"INFO","fields":{"message":"Concurrency control for download: Decreased concurrency from 3 to 2; reason: success ratio below threshold (connection struggling) (success_ratio = 1.000, threshold = 0.500)"},"filename":"D:\\a\\xet-core\\xet-core\\xet_client\\src\\cas_client\\adaptive_concurrency\\controller.rs","line_number":586}
{"timestamp":"2026-09-07T13:50:58.105220Z","level":"INFO","fields":{"message":"Concurrency control for download: Decreased concurrency from 2 to 1; reason: success ratio below threshold (connection struggling) (success_ratio = 1.000, threshold = 0.500)"},"filename":"D:\\a\\xet-core\\xet-core\\xet_client\\src\\cas_client\\adaptive_concurrency\\controller.rs","line_number":586}
{"timestamp":"2026-09-07T13:50:58.715249Z","level":"INFO","fields":{"message":"Concurrency control for download: Decreased concurrency from 1 to 1; reason: success ratio below threshold (connection struggling) (success_ratio = 1.000, threshold = 0.500)"},"filename":"D:\\a\\xet-core\\xet-core\\xet_client\\src\\cas_client\\adaptive_concurrency\\controller.rs","line_number":586}
{"timestamp":"2026-09-07T13:50:59.238968Z","level":"INFO","fields":{"message":"Concurrency control for download: Decreased concurrency from 1 to 1; reason: success ratio below threshold (connection struggling) (success_ratio = 1.000, threshold = 0.500)"},"filename":"D:\\a\\xet-core\\xet-core\\xet_client\\src\\cas_client\\adaptive_concurrency\\controller.rs","line_number":586}
{"timestamp":"2026-09-07T13:50:59.802975Z","level":"INFO","fields":{"message":"Concurrency control for download: Decreased concurrency from 1 to 1; reason: success ratio below threshold (connection struggling) (success_ratio = 1.000, threshold = 0.500)"},"filename":"D:\\a\\xet-core\\xet-core\\xet_client\\src\\cas_client\\adaptive_concurrency\\controller.rs","line_number":586}
{"timestamp":"2026-09-07T13:51:00.333052Z","level":"INFO","fields":{"message":"Concurrency control for download: Decreased concurrency from 1 to 1; reason: success ratio below threshold (connection struggling) (success_ratio = 1.000, threshold = 0.500)"},"filename":"D:\\a\\xet-core\\xet-core\\xet_client\\src\\cas_client\\adaptive_concurrency\\controller.rs","line_number":586}
{"timestamp":"2026-09-07T13:51:00.865181Z","level":"INFO","fields":{"message":"Concurrency control for download: Decreased concurrency from 1 to 1; reason: success ratio below threshold (connection struggling) (success_ratio = 1.000, threshold = 0.500)"},"filename":"D:\\a\\xet-core\\xet-core\\xet_client\\src\\cas_client\\adaptive_concurrency\\controller.rs","line_number":586}
{"timestamp":"2026-09-07T13:51:01.639976Z","level":"INFO","fields":{"message":"Concurrency control for download: Decreased concurrency from 1 to 1; reason: success ratio below threshold (connection struggling) (success_ratio = 1.000, threshold = 0.500)"},"filename":"D:\\a\\xet-core\\xet-core\\xet_client\\src\\cas_client\\adaptive_concurrency\\controller.rs","line_number":586}
{"timestamp":"2026-09-07T13:51:02.200352Z","level":"INFO","fields":{"message":"Concurrency control for download: Decreased concurrency from 1 to 1; reason: success ratio below threshold (connection struggling) (success_ratio = 1.000, threshold = 0.500)"},"filename":"D:\\a\\xet-core\\xet-core\\xet_client\\src\\cas_client\\adaptive_concurrency\\controller.rs","line_number":586}
{"timestamp":"2026-09-07T13:51:02.836380Z","level":"INFO","fields":{"message":"Concurrency control for download: Decreased concurrency from 1 to 1; reason: success ratio below threshold (connection struggling) (success_ratio = 1.000, threshold = 0.500)"},"filename":"D:\\a\\xet-core\\xet-core\\xet_client\\src\\cas_client\\adaptive_concurrency\\controller.rs","line_number":586}
{"timestamp":"2026-09-07T13:51:03.349192Z","level":"INFO","fields":{"message":"Concurrency control for download: Decreased concurrency from 1 to 1; reason: success ratio below threshold (connection struggling) (success_ratio = 1.000, threshold = 0.500)"},"filename":"D:\\a\\xet-core\\xet-core\\xet_client\\src\\cas_client\\adaptive_concurrency\\controller.rs","line_number":586}
{"timestamp":"2026-09-07T13:51:03.855102Z","level":"INFO","fields":{"message":"Concurrency control for download: Decreased concurrency from 1 to 1; reason: success ratio below threshold (connection struggling) (success_ratio = 1.000, threshold = 0.500)"},"filename":"D:\\a\\xet-core\\xet-core\\xet_client\\src\\cas_client\\adaptive_concurrency\\controller.rs","line_number":586}
{"timestamp":"2026-09-07T13:51:03.994554Z","level":"INFO","fields":{"message":"Concurrency control for download: Current concurrency = 1; predicted bandwidth = 115255; success_ratio = 1.000; reference_size = 61.0MB; observed bytes sent so far = 652852999; completed transmissions = 24"},"filename":"D:\\a\\xet-core\\xet-core\\xet_client\\src\\cas_client\\adaptive_concurrency\\controller.rs","line_number":602}
{"timestamp":"2026-09-07T13:51:04.442493Z","level":"INFO","fields":{"message":"Concurrency control for download: Decreased concurrency from 1 to 1; reason: success ratio below threshold (connection struggling) (success_ratio = 1.000, threshold = 0.500)"},"filename":"D:\\a\\xet-core\\xet-core\\xet_client\\src\\cas_client\\adaptive_concurrency\\controller.rs","line_number":586}
{"timestamp":"2026-09-07T13:51:05.039125Z","level":"INFO","fields":{"message":"Concurrency control for download: Decreased concurrency from 1 to 1; reason: success ratio below threshold (connection struggling) (success_ratio = 1.000, threshold = 0.500)"},"filename":"D:\\a\\xet-core\\xet-core\\xet_client\\src\\cas_client\\adaptive_concurrency\\controller.rs","line_number":586}
{"timestamp":"2026-09-07T13:51:05.609147Z","level":"INFO","fields":{"message":"Concurrency control for download: Decreased concurrency from 1 to 1; reason: success ratio below threshold (connection struggling) (success_ratio = 1.000, threshold = 0.500)"},"filename":"D:\\a\\xet-core\\xet-core\\xet_client\\src\\cas_client\\adaptive_concurrency\\controller.rs","line_number":586}
{"timestamp":"2026-09-07T13:51:06.120357Z","level":"INFO","fields":{"message":"Concurrency control for download: Decreased concurrency from 1 to 1; reason: success ratio below threshold (connection struggling) (success_ratio = 1.000, threshold = 0.500)"},"filename":"D:\\a\\xet-core\\xet-core\\xet_client\\src\\cas_client\\adaptive_concurrency\\controller.rs","line_number":586}
{"timestamp":"2026-09-07T13:51:06.658007Z","level":"INFO","fields":{"message":"Concurrency control for download: Decreased concurrency from 1 to 1; reason: success ratio below threshold (connection struggling) (success_ratio = 1.000, threshold = 0.500)"},"filename":"D:\\a\\xet-core\\xet-core\\xet_client\\src\\cas_client\\adaptive_concurrency\\controller.rs","line_number":586}
{"timestamp":"2026-09-07T13:51:07.182045Z","level":"INFO","fields":{"message":"Concurrency control for download: Decreased concurrency from 1 to 1; reason: success ratio below threshold (connection struggling) (success_ratio = 1.000, threshold = 0.500)"},"filename":"D:\\a\\xet-core\\xet-core\\xet_client\\src\\cas_client\\adaptive_concurrency\\controller.rs","line_number":586}
{"timestamp":"2026-09-07T13:51:07.738872Z","level":"INFO","fields":{"message":"Concurrency control for download: Decreased concurrency from 1 to 1; reason: success ratio below threshold (connection struggling) (success_ratio = 1.000, threshold = 0.500)"},"filename":"D:\\a\\xet-core\\xet-core\\xet_client\\src\\cas_client\\adaptive_concurrency\\controller.rs","line_number":586}
{"timestamp":"2026-09-07T13:51:08.438229Z","level":"INFO","fields":{"message":"Concurrency control for download: Decreased concurrency from 1 to 1; reason: success ratio below threshold (connection struggling) (success_ratio = 1.000, threshold = 0.500)"},"filename":"D:\\a\\xet-core\\xet-core\\xet_client\\src\\cas_client\\adaptive_concurrency\\controller.rs","line_number":586}
{"timestamp":"2026-09-07T13:51:09.064197Z","level":"INFO","fields":{"message":"Concurrency control for download: Decreased concurrency from 1 to 1; reason: success ratio below threshold (connection struggling) (success_ratio = 1.000, threshold = 0.500)"},"filename":"D:\\a\\xet-core\\xet-core\\xet_client\\src\\cas_client\\adaptive_concurrency\\controller.rs","line_number":586}
{"timestamp":"2026-09-07T13:51:09.601749Z","level":"INFO","fields":{"message":"Concurrency control for download: Decreased concurrency from 1 to 1; reason: success ratio below threshold (connection struggling) (success_ratio = 1.000, threshold = 0.500)"},"filename":"D:\\a\\xet-core\\xet-core\\xet_client\\src\\cas_client\\adaptive_concurrency\\controller.rs","line_number":586}
{"timestamp":"2026-09-07T13:51:10.124127Z","level":"INFO","fields":{"message":"Concurrency control for download: Decreased concurrency from 1 to 1; reason: success ratio below threshold (connection struggling) (success_ratio = 1.000, threshold = 0.500)"},"filename":"D:\\a\\xet-core\\xet-core\\xet_client\\src\\cas_client\\adaptive_concurrency\\controller.rs","line_number":586}
{"timestamp":"2026-09-07T13:51:10.629511Z","level":"INFO","fields":{"message":"Concurrency control for download: Decreased concurrency from 1 to 1; reason: success ratio below threshold (connection struggling) (success_ratio = 1.000, threshold = 0.500)"},"filename":"D:\\a\\xet-core\\xet-core\\xet_client\\src\\cas_client\\adaptive_concurrency\\controller.rs","line_number":586}
{"timestamp":"2026-09-07T13:51:11.192124Z","level":"INFO","fields":{"message":"Concurrency control for download: Decreased concurrency from 1 to 1; reason: success ratio below threshold (connection struggling) (success_ratio = 1.000, threshold = 0.500)"},"filename":"D:\\a\\xet-core\\xet-core\\xet_client\\src\\cas_client\\adaptive_concurrency\\controller.rs","line_number":586}
{"timestamp":"2026-09-07T13:51:11.799159Z","level":"INFO","fields":{"message":"Concurrency control for download: Decreased concurrency from 1 to 1; reason: success ratio below threshold (connection struggling) (success_ratio = 1.000, threshold = 0.500)"},"filename":"D:\\a\\xet-core\\xet-core\\xet_client\\src\\cas_client\\adaptive_concurrency\\controller.rs","line_number":586}
{"timestamp":"2026-09-07T13:51:12.314185Z","level":"INFO","fields":{"message":"Concurrency control for download: Decreased concurrency from 1 to 1; reason: success ratio below threshold (connection struggling) (success_ratio = 1.000, threshold = 0.500)"},"filename":"D:\\a\\xet-core\\xet-core\\xet_client\\src\\cas_client\\adaptive_concurrency\\controller.rs","line_number":586}
{"timestamp":"2026-09-07T13:51:12.942150Z","level":"INFO","fields":{"message":"Concurrency control for download: Decreased concurrency from 1 to 1; reason: success ratio below threshold (connection struggling) (success_ratio = 1.000, threshold = 0.500)"},"filename":"D:\\a\\xet-core\\xet-core\\xet_client\\src\\cas_client\\adaptive_concurrency\\controller.rs","line_number":586}
{"timestamp":"2026-09-07T13:51:13.652095Z","level":"INFO","fields":{"message":"Concurrency control for download: Decreased concurrency from 1 to 1; reason: success ratio below threshold (connection struggling) (success_ratio = 1.000, threshold = 0.500)"},"filename":"D:\\a\\xet-core\\xet-core\\xet_client\\src\\cas_client\\adaptive_concurrency\\controller.rs","line_number":586}
{"timestamp":"2026-09-07T13:51:14.186504Z","level":"INFO","fields":{"message":"Concurrency control for download: Decreased concurrency from 1 to 1; reason: success ratio below threshold (connection struggling) (success_ratio = 1.000, threshold = 0.500)"},"filename":"D:\\a\\xet-core\\xet-core\\xet_client\\src\\cas_client\\adaptive_concurrency\\controller.rs","line_number":586}
{"timestamp":"2026-09-07T13:51:14.186541Z","level":"INFO","fields":{"message":"Concurrency control for download: Current concurrency = 1; predicted bandwidth = 103897; success_ratio = 1.000; reference_size = 61.0MB; observed bytes sent so far = 661372679; completed transmissions = 24"},"filename":"D:\\a\\xet-core\\xet-core\\xet_client\\src\\cas_client\\adaptive_concurrency\\controller.rs","line_number":602}
{"timestamp":"2026-09-07T13:51:14.758684Z","level":"INFO","fields":{"message":"Concurrency control for download: Decreased concurrency from 1 to 1; reason: success ratio below threshold (connection struggling) (success_ratio = 1.000, threshold = 0.500)"},"filename":"D:\\a\\xet-core\\xet-core\\xet_client\\src\\cas_client\\adaptive_concurrency\\controller.rs","line_number":586}
{"timestamp":"2026-09-07T13:51:15.334364Z","level":"INFO","fields":{"message":"Concurrency control for download: Decreased concurrency from 1 to 1; reason: success ratio below threshold (connection struggling) (success_ratio = 1.000, threshold = 0.500)"},"filename":"D:\\a\\xet-core\\xet-core\\xet_client\\src\\cas_client\\adaptive_concurrency\\controller.rs","line_number":586}
{"timestamp":"2026-09-07T13:51:15.856565Z","level":"INFO","fields":{"message":"Concurrency control for download: Decreased concurrency from 1 to 1; reason: success ratio below threshold (connection struggling) (success_ratio = 1.000, threshold = 0.500)"},"filename":"D:\\a\\xet-core\\xet-core\\xet_client\\src\\cas_client\\adaptive_concurrency\\controller.rs","line_number":586}
{"timestamp":"2026-09-07T13:51:16.509766Z","level":"INFO","fields":{"message":"Concurrency control for download: Decreased concurrency from 1 to 1; reason: success ratio below threshold (connection struggling) (success_ratio = 1.000, threshold = 0.500)"},"filename":"D:\\a\\xet-core\\xet-core\\xet_client\\src\\cas_client\\adaptive_concurrency\\controller.rs","line_number":586}
{"timestamp":"2026-09-07T13:51:17.022421Z","level":"INFO","fields":{"message":"Concurrency control for download: Decreased concurrency from 1 to 1; reason: success ratio below threshold (connection struggling) (success_ratio = 1.000, threshold = 0.500)"},"filename":"D:\\a\\xet-core\\xet-core\\xet_client\\src\\cas_client\\adaptive_concurrency\\controller.rs","line_number":586}
{"timestamp":"2026-09-07T13:51:17.570063Z","level":"INFO","fields":{"message":"Concurrency control for download: Decreased concurrency from 1 to 1; reason: success ratio below threshold (connection struggling) (success_ratio = 1.000, threshold = 0.500)"},"filename":"D:\\a\\xet-core\\xet-core\\xet_client\\src\\cas_client\\adaptive_concurrency\\controller.rs","line_number":586}
{"timestamp":"2026-09-07T13:51:18.080505Z","level":"INFO","fields":{"message":"Concurrency control for download: Decreased concurrency from 1 to 1; reason: success ratio below threshold (connection struggling) (success_ratio = 1.000, threshold = 0.500)"},"filename":"D:\\a\\xet-core\\xet-core\\xet_client\\src\\cas_client\\adaptive_concurrency\\controller.rs","line_number":586}
{"timestamp":"2026-09-07T13:51:18.647343Z","level":"INFO","fields":{"message":"Concurrency control for download: Decreased concurrency from 1 to 1; reason: success ratio below threshold (connection struggling) (success_ratio = 1.000, threshold = 0.500)"},"filename":"D:\\a\\xet-core\\xet-core\\xet_client\\src\\cas_client\\adaptive_concurrency\\controller.rs","line_number":586}
{"timestamp":"2026-09-07T13:51:19.215168Z","level":"INFO","fields":{"message":"Concurrency control for download: Decreased concurrency from 1 to 1; reason: success ratio below threshold (connection struggling) (success_ratio = 1.000, threshold = 0.500)"},"filename":"D:\\a\\xet-core\\xet-core\\xet_client\\src\\cas_client\\adaptive_concurrency\\controller.rs","line_number":586}
{"timestamp":"2026-09-07T13:51:19.785792Z","level":"INFO","fields":{"message":"Concurrency control for download: Decreased concurrency from 1 to 1; reason: success ratio below threshold (connection struggling) (success_ratio = 1.000, threshold = 0.500)"},"filename":"D:\\a\\xet-core\\xet-core\\xet_client\\src\\cas_client\\adaptive_concurrency\\controller.rs","line_number":586}
{"timestamp":"2026-09-07T13:51:20.307111Z","level":"INFO","fields":{"message":"Concurrency control for download: Decreased concurrency from 1 to 1; reason: success ratio below threshold (connection struggling) (success_ratio = 1.000, threshold = 0.500)"},"filename":"D:\\a\\xet-core\\xet-core\\xet_client\\src\\cas_client\\adaptive_concurrency\\controller.rs","line_number":586}
{"timestamp":"2026-09-07T13:51:20.910293Z","level":"INFO","fields":{"message":"Concurrency control for download: Decreased concurrency from 1 to 1; reason: success ratio below threshold (connection struggling) (success_ratio = 1.000, threshold = 0.500)"},"filename":"D:\\a\\xet-core\\xet-core\\xet_client\\src\\cas_client\\adaptive_concurrency\\controller.rs","line_number":586}
{"timestamp":"2026-09-07T13:51:21.429194Z","level":"INFO","fields":{"message":"Concurrency control for download: Decreased concurrency from 1 to 1; reason: success ratio below threshold (connection struggling) (success_ratio = 1.000, threshold = 0.500)"},"filename":"D:\\a\\xet-core\\xet-core\\xet_client\\src\\cas_client\\adaptive_concurrency\\controller.rs","line_number":586}
{"timestamp":"2026-09-07T13:51:21.946899Z","level":"INFO","fields":{"message":"Concurrency control for download: Decreased concurrency from 1 to 1; reason: success ratio below threshold (connection struggling) (success_ratio = 1.000, threshold = 0.500)"},"filename":"D:\\a\\xet-core\\xet-core\\xet_client\\src\\cas_client\\adaptive_concurrency\\controller.rs","line_number":586}
{"timestamp":"2026-09-07T13:51:22.460608Z","level":"INFO","fields":{"message":"Concurrency control for download: Decreased concurrency from 1 to 1; reason: success ratio below threshold (connection struggling) (success_ratio = 1.000, threshold = 0.500)"},"filename":"D:\\a\\xet-core\\xet-core\\xet_client\\src\\cas_client\\adaptive_concurrency\\controller.rs","line_number":586}
{"timestamp":"2026-09-07T13:51:23.401548Z","level":"INFO","fields":{"message":"Concurrency control for download: Decreased concurrency from 1 to 1; reason: success ratio below threshold (connection struggling) (success_ratio = 1.000, threshold = 0.500)"},"filename":"D:\\a\\xet-core\\xet-core\\xet_client\\src\\cas_client\\adaptive_concurrency\\controller.rs","line_number":586}
{"timestamp":"2026-09-07T13:51:23.907775Z","level":"INFO","fields":{"message":"Concurrency control for download: Decreased concurrency from 1 to 1; reason: success ratio below threshold (connection struggling) (success_ratio = 1.000, threshold = 0.500)"},"filename":"D:\\a\\xet-core\\xet-core\\xet_client\\src\\cas_client\\adaptive_concurrency\\controller.rs","line_number":586}
{"timestamp":"2026-09-07T13:51:24.227867Z","level":"INFO","fields":{"message":"Concurrency control for download: Current concurrency = 1; predicted bandwidth = 92744; success_ratio = 1.000; reference_size = 61.0MB; observed bytes sent so far = 669564679; completed transmissions = 24"},"filename":"D:\\a\\xet-core\\xet-core\\xet_client\\src\\cas_client\\adaptive_concurrency\\controller.rs","line_number":602}
{"timestamp":"2026-09-07T13:51:24.416376Z","level":"INFO","fields":{"message":"Concurrency control for download: Decreased concurrency from 1 to 1; reason: success ratio below threshold (connection struggling) (success_ratio = 1.000, threshold = 0.500)"},"filename":"D:\\a\\xet-core\\xet-core\\xet_client\\src\\cas_client\\adaptive_concurrency\\controller.rs","line_number":586}
{"timestamp":"2026-09-07T13:51:24.948113Z","level":"INFO","fields":{"message":"Concurrency control for download: Decreased concurrency from 1 to 1; reason: success ratio below threshold (connection struggling) (success_ratio = 1.000, threshold = 0.500)"},"filename":"D:\\a\\xet-core\\xet-core\\xet_client\\src\\cas_client\\adaptive_concurrency\\controller.rs","line_number":586}
{"timestamp":"2026-09-07T13:51:25.525465Z","level":"INFO","fields":{"message":"Concurrency control for download: Decreased concurrency from 1 to 1; reason: success ratio below threshold (connection struggling) (success_ratio = 1.000, threshold = 0.500)"},"filename":"D:\\a\\xet-core\\xet-core\\xet_client\\src\\cas_client\\adaptive_concurrency\\controller.rs","line_number":586}
{"timestamp":"2026-09-07T13:51:26.078888Z","level":"INFO","fields":{"message":"Concurrency control for download: Decreased concurrency from 1 to 1; reason: success ratio below threshold (connection struggling) (success_ratio = 1.000, threshold = 0.500)"},"filename":"D:\\a\\xet-core\\xet-core\\xet_client\\src\\cas_client\\adaptive_concurrency\\controller.rs","line_number":586}
{"timestamp":"2026-09-07T13:51:26.594741Z","level":"INFO","fields":{"message":"Concurrency control for download: Decreased concurrency from 1 to 1; reason: success ratio below threshold (connection struggling) (success_ratio = 1.000, threshold = 0.500)"},"filename":"D:\\a\\xet-core\\xet-core\\xet_client\\src\\cas_client\\adaptive_concurrency\\controller.rs","line_number":586}
{"timestamp":"2026-09-07T13:51:27.163444Z","level":"INFO","fields":{"message":"Concurrency control for download: Decreased concurrency from 1 to 1; reason: success ratio below threshold (connection struggling) (success_ratio = 1.000, threshold = 0.500)"},"filename":"D:\\a\\xet-core\\xet-core\\xet_client\\src\\cas_client\\adaptive_concurrency\\controller.rs","line_number":586}
{"timestamp":"2026-09-07T13:51:27.733643Z","level":"INFO","fields":{"message":"Concurrency control for download: Decreased concurrency from 1 to 1; reason: success ratio below threshold (connection struggling) (success_ratio = 1.000, threshold = 0.500)"},"filename":"D:\\a\\xet-core\\xet-core\\xet_client\\src\\cas_client\\adaptive_concurrency\\controller.rs","line_number":586}
{"timestamp":"2026-09-07T13:51:28.454801Z","level":"INFO","fields":{"message":"Concurrency control for download: Decreased concurrency from 1 to 1; reason: success ratio below threshold (connection struggling) (success_ratio = 1.000, threshold = 0.500)"},"filename":"D:\\a\\xet-core\\xet-core\\xet_client\\src\\cas_client\\adaptive_concurrency\\controller.rs","line_number":586}
{"timestamp":"2026-09-07T13:51:29.065659Z","level":"INFO","fields":{"message":"Concurrency control for download: Decreased concurrency from 1 to 1; reason: success ratio below threshold (connection struggling) (success_ratio = 1.000, threshold = 0.500)"},"filename":"D:\\a\\xet-core\\xet-core\\xet_client\\src\\cas_client\\adaptive_concurrency\\controller.rs","line_number":586}
{"timestamp":"2026-09-07T13:51:29.689181Z","level":"INFO","fields":{"message":"Concurrency control for download: Decreased concurrency from 1 to 1; reason: success ratio below threshold (connection struggling) (success_ratio = 1.000, threshold = 0.500)"},"filename":"D:\\a\\xet-core\\xet-core\\xet_client\\src\\cas_client\\adaptive_concurrency\\controller.rs","line_number":586}
{"timestamp":"2026-09-07T13:51:30.550420Z","level":"INFO","fields":{"message":"Concurrency control for download: Decreased concurrency from 1 to 1; reason: success ratio below threshold (connection struggling) (success_ratio = 1.000, threshold = 0.500)"},"filename":"D:\\a\\xet-core\\xet-core\\xet_client\\src\\cas_client\\adaptive_concurrency\\controller.rs","line_number":586}
{"timestamp":"2026-09-07T13:51:31.067455Z","level":"INFO","fields":{"message":"Concurrency control for download: Decreased concurrency from 1 to 1; reason: success ratio below threshold (connection struggling) (success_ratio = 1.000, threshold = 0.500)"},"filename":"D:\\a\\xet-core\\xet-core\\xet_client\\src\\cas_client\\adaptive_concurrency\\controller.rs","line_number":586}
{"timestamp":"2026-09-07T13:51:31.747897Z","level":"INFO","fields":{"message":"Concurrency control for download: Decreased concurrency from 1 to 1; reason: success ratio below threshold (connection struggling) (success_ratio = 1.000, threshold = 0.500)"},"filename":"D:\\a\\xet-core\\xet-core\\xet_client\\src\\cas_client\\adaptive_concurrency\\controller.rs","line_number":586}
{"timestamp":"2026-09-07T13:51:32.385250Z","level":"INFO","fields":{"message":"Concurrency control for download: Decreased concurrency from 1 to 1; reason: success ratio below threshold (connection struggling) (success_ratio = 1.000, threshold = 0.500)"},"filename":"D:\\a\\xet-core\\xet-core\\xet_client\\src\\cas_client\\adaptive_concurrency\\controller.rs","line_number":586}
{"timestamp":"2026-09-07T13:51:33.806998Z","level":"INFO","fields":{"message":"Concurrency control for download: Decreased concurrency from 1 to 1; reason: success ratio below threshold (connection struggling) (success_ratio = 1.000, threshold = 0.500)"},"filename":"D:\\a\\xet-core\\xet-core\\xet_client\\src\\cas_client\\adaptive_concurrency\\controller.rs","line_number":586}
{"timestamp":"2026-09-07T13:51:34.341189Z","level":"INFO","fields":{"message":"Concurrency control for download: Decreased concurrency from 1 to 1; reason: success ratio below threshold (connection struggling) (success_ratio = 1.000, threshold = 0.500)"},"filename":"D:\\a\\xet-core\\xet-core\\xet_client\\src\\cas_client\\adaptive_concurrency\\controller.rs","line_number":586}
{"timestamp":"2026-09-07T13:51:34.341235Z","level":"INFO","fields":{"message":"Concurrency control for download: Current concurrency = 1; predicted bandwidth = 86633; success_ratio = 1.000; reference_size = 61.0MB; observed bytes sent so far = 676695165; completed transmissions = 24"},"filename":"D:\\a\\xet-core\\xet-core\\xet_client\\src\\cas_client\\adaptive_concurrency\\controller.rs","line_number":602}
{"timestamp":"2026-09-07T13:51:34.856978Z","level":"INFO","fields":{"message":"Concurrency control for download: Decreased concurrency from 1 to 1; reason: success ratio below threshold (connection struggling) (success_ratio = 1.000, threshold = 0.500)"},"filename":"D:\\a\\xet-core\\xet-core\\xet_client\\src\\cas_client\\adaptive_concurrency\\controller.rs","line_number":586}
{"timestamp":"2026-09-07T13:51:35.805286Z","level":"INFO","fields":{"message":"Concurrency control for download: Decreased concurrency from 1 to 1; reason: success ratio below threshold (connection struggling) (success_ratio = 1.000, threshold = 0.500)"},"filename":"D:\\a\\xet-core\\xet-core\\xet_client\\src\\cas_client\\adaptive_concurrency\\controller.rs","line_number":586}
{"timestamp":"2026-09-07T13:51:36.364806Z","level":"INFO","fields":{"message":"Concurrency control for download: Decreased concurrency from 1 to 1; reason: success ratio below threshold (connection struggling) (success_ratio = 1.000, threshold = 0.500)"},"filename":"D:\\a\\xet-core\\xet-core\\xet_client\\src\\cas_client\\adaptive_concurrency\\controller.rs","line_number":586}
{"timestamp":"2026-09-07T13:51:36.895169Z","level":"INFO","fields":{"message":"Concurrency control for download: Decreased concurrency from 1 to 1; reason: success ratio below threshold (connection struggling) (success_ratio = 1.000, threshold = 0.500)"},"filename":"D:\\a\\xet-core\\xet-core\\xet_client\\src\\cas_client\\adaptive_concurrency\\controller.rs","line_number":586}
{"timestamp":"2026-09-07T13:51:37.501273Z","level":"INFO","fields":{"message":"Concurrency control for download: Decreased concurrency from 1 to 1; reason: success ratio below threshold (connection struggling) (success_ratio = 1.000, threshold = 0.500)"},"filename":"D:\\a\\xet-core\\xet-core\\xet_client\\src\\cas_client\\adaptive_concurrency\\controller.rs","line_number":586}
{"timestamp":"2026-09-07T13:51:38.204482Z","level":"INFO","fields":{"message":"Concurrency control for download: Decreased concurrency from 1 to 1; reason: success ratio below threshold (connection struggling) (success_ratio = 1.000, threshold = 0.500)"},"filename":"D:\\a\\xet-core\\xet-core\\xet_client\\src\\cas_client\\adaptive_concurrency\\controller.rs","line_number":586}
{"timestamp":"2026-09-07T13:51:39.249157Z","level":"INFO","fields":{"message":"Concurrency control for download: Decreased concurrency from 1 to 1; reason: success ratio below threshold (connection struggling) (success_ratio = 1.000, threshold = 0.500)"},"filename":"D:\\a\\xet-core\\xet-core\\xet_client\\src\\cas_client\\adaptive_concurrency\\controller.rs","line_number":586}
{"timestamp":"2026-09-07T13:51:39.891670Z","level":"INFO","fields":{"message":"Concurrency control for download: Decreased concurrency from 1 to 1; reason: success ratio below threshold (connection struggling) (success_ratio = 1.000, threshold = 0.500)"},"filename":"D:\\a\\xet-core\\xet-core\\xet_client\\src\\cas_client\\adaptive_concurrency\\controller.rs","line_number":586}
{"timestamp":"2026-09-07T13:51:40.474724Z","level":"INFO","fields":{"message":"Concurrency control for download: Decreased concurrency from 1 to 1; reason: success ratio below threshold (connection struggling) (success_ratio = 1.000, threshold = 0.500)"},"filename":"D:\\a\\xet-core\\xet-core\\xet_client\\src\\cas_client\\adaptive_concurrency\\controller.rs","line_number":586}
{"timestamp":"2026-09-07T13:51:41.038321Z","level":"INFO","fields":{"message":"Concurrency control for download: Decreased concurrency from 1 to 1; reason: success ratio below threshold (connection struggling) (success_ratio = 1.000, threshold = 0.500)"},"filename":"D:\\a\\xet-core\\xet-core\\xet_client\\src\\cas_client\\adaptive_concurrency\\controller.rs","line_number":586}
{"timestamp":"2026-09-07T13:51:41.585238Z","level":"INFO","fields":{"message":"Concurrency control for download: Decreased concurrency from 1 to 1; reason: success ratio below threshold (connection struggling) (success_ratio = 1.000, threshold = 0.500)"},"filename":"D:\\a\\xet-core\\xet-core\\xet_client\\src\\cas_client\\adaptive_concurrency\\controller.rs","line_number":586}
{"timestamp":"2026-09-07T13:51:42.188393Z","level":"INFO","fields":{"message":"Concurrency control for download: Decreased concurrency from 1 to 1; reason: success ratio below threshold (connection struggling) (success_ratio = 1.000, threshold = 0.500)"},"filename":"D:\\a\\xet-core\\xet-core\\xet_client\\src\\cas_client\\adaptive_concurrency\\controller.rs","line_number":586}
{"timestamp":"2026-09-07T13:51:42.695099Z","level":"INFO","fields":{"message":"Concurrency control for download: Decreased concurrency from 1 to 1; reason: success ratio below threshold (connection struggling) (success_ratio = 1.000, threshold = 0.500)"},"filename":"D:\\a\\xet-core\\xet-core\\xet_client\\src\\cas_client\\adaptive_concurrency\\controller.rs","line_number":586}
{"timestamp":"2026-09-07T13:51:43.198392Z","level":"INFO","fields":{"message":"Concurrency control for download: Decreased concurrency from 1 to 1; reason: success ratio below threshold (connection struggling) (success_ratio = 1.000, threshold = 0.500)"},"filename":"D:\\a\\xet-core\\xet-core\\xet_client\\src\\cas_client\\adaptive_concurrency\\controller.rs","line_number":586}
{"timestamp":"2026-09-07T13:51:43.758383Z","level":"INFO","fields":{"message":"Concurrency control for download: Decreased concurrency from 1 to 1; reason: success ratio below threshold (connection struggling) (success_ratio = 1.000, threshold = 0.500)"},"filename":"D:\\a\\xet-core\\xet-core\\xet_client\\src\\cas_client\\adaptive_concurrency\\controller.rs","line_number":586}
{"timestamp":"2026-09-07T13:51:44.264887Z","level":"INFO","fields":{"message":"Concurrency control for download: Decreased concurrency from 1 to 1; reason: success ratio below threshold (connection struggling) (success_ratio = 1.000, threshold = 0.500)"},"filename":"D:\\a\\xet-core\\xet-core\\xet_client\\src\\cas_client\\adaptive_concurrency\\controller.rs","line_number":586}
{"timestamp":"2026-09-07T13:51:44.353982Z","level":"INFO","fields":{"message":"Concurrency control for download: Current concurrency = 1; predicted bandwidth = 77962; success_ratio = 1.000; reference_size = 61.0MB; observed bytes sent so far = 681667379; completed transmissions = 24"},"filename":"D:\\a\\xet-core\\xet-core\\xet_client\\src\\cas_client\\adaptive_concurrency\\controller.rs","line_number":602}
{"timestamp":"2026-09-07T13:51:44.839235Z","level":"INFO","fields":{"message":"Concurrency control for download: Decreased concurrency from 1 to 1; reason: success ratio below threshold (connection struggling) (success_ratio = 1.000, threshold = 0.500)"},"filename":"D:\\a\\xet-core\\xet-core\\xet_client\\src\\cas_client\\adaptive_concurrency\\controller.rs","line_number":586}
{"timestamp":"2026-09-07T13:51:45.347036Z","level":"INFO","fields":{"message":"Concurrency control for download: Decreased concurrency from 1 to 1; reason: success ratio below threshold (connection struggling) (success_ratio = 1.000, threshold = 0.500)"},"filename":"D:\\a\\xet-core\\xet-core\\xet_client\\src\\cas_client\\adaptive_concurrency\\controller.rs","line_number":586}
{"timestamp":"2026-09-07T13:51:45.994972Z","level":"INFO","fields":{"message":"Concurrency control for download: Decreased concurrency from 1 to 1; reason: success ratio below threshold (connection struggling) (success_ratio = 1.000, threshold = 0.500)"},"filename":"D:\\a\\xet-core\\xet-core\\xet_client\\src\\cas_client\\adaptive_concurrency\\controller.rs","line_number":586}
{"timestamp":"2026-09-07T13:51:46.726641Z","level":"INFO","fields":{"message":"Concurrency control for download: Decreased concurrency from 1 to 1; reason: success ratio below threshold (connection struggling) (success_ratio = 1.000, threshold = 0.500)"},"filename":"D:\\a\\xet-core\\xet-core\\xet_client\\src\\cas_client\\adaptive_concurrency\\controller.rs","line_number":586}
{"timestamp":"2026-09-07T13:51:47.248242Z","level":"INFO","fields":{"message":"Concurrency control for download: Decreased concurrency from 1 to 1; reason: success ratio below threshold (connection struggling) (success_ratio = 1.000, threshold = 0.500)"},"filename":"D:\\a\\xet-core\\xet-core\\xet_client\\src\\cas_client\\adaptive_concurrency\\controller.rs","line_number":586}
{"timestamp":"2026-09-07T13:51:47.859852Z","level":"INFO","fields":{"message":"Concurrency control for download: Decreased concurrency from 1 to 1; reason: success ratio below threshold (connection struggling) (success_ratio = 1.000, threshold = 0.500)"},"filename":"D:\\a\\xet-core\\xet-core\\xet_client\\src\\cas_client\\adaptive_concurrency\\controller.rs","line_number":586}
{"timestamp":"2026-09-07T13:51:48.360895Z","level":"INFO","fields":{"message":"Concurrency control for download: Decreased concurrency from 1 to 1; reason: success ratio below threshold (connection struggling) (success_ratio = 1.000, threshold = 0.500)"},"filename":"D:\\a\\xet-core\\xet-core\\xet_client\\src\\cas_client\\adaptive_concurrency\\controller.rs","line_number":586}
{"timestamp":"2026-09-07T13:51:49.555758Z","level":"INFO","fields":{"message":"Concurrency control for download: Decreased concurrency from 1 to 1; reason: success ratio below threshold (connection struggling) (success_ratio = 1.000, threshold = 0.500)"},"filename":"D:\\a\\xet-core\\xet-core\\xet_client\\src\\cas_client\\adaptive_concurrency\\controller.rs","line_number":586}
{"timestamp":"2026-09-07T13:51:50.103086Z","level":"INFO","fields":{"message":"Concurrency control for download: Decreased concurrency from 1 to 1; reason: success ratio below threshold (connection struggling) (success_ratio = 1.000, threshold = 0.500)"},"filename":"D:\\a\\xet-core\\xet-core\\xet_client\\src\\cas_client\\adaptive_concurrency\\controller.rs","line_number":586}
{"timestamp":"2026-09-07T13:51:50.644237Z","level":"INFO","fields":{"message":"Concurrency control for download: Decreased concurrency from 1 to 1; reason: success ratio below threshold (connection struggling) (success_ratio = 1.000, threshold = 0.500)"},"filename":"D:\\a\\xet-core\\xet-core\\xet_client\\src\\cas_client\\adaptive_concurrency\\controller.rs","line_number":586}
{"timestamp":"2026-09-07T13:51:51.163671Z","level":"INFO","fields":{"message":"Concurrency control for download: Decreased concurrency from 1 to 1; reason: success ratio below threshold (connection struggling) (success_ratio = 1.000, threshold = 0.500)"},"filename":"D:\\a\\xet-core\\xet-core\\xet_client\\src\\cas_client\\adaptive_concurrency\\controller.rs","line_number":586}
{"timestamp":"2026-09-07T13:51:51.679071Z","level":"INFO","fields":{"message":"Concurrency control for download: Decreased concurrency from 1 to 1; reason: success ratio below threshold (connection struggling) (success_ratio = 1.000, threshold = 0.500)"},"filename":"D:\\a\\xet-core\\xet-core\\xet_client\\src\\cas_client\\adaptive_concurrency\\controller.rs","line_number":586}
{"timestamp":"2026-09-07T13:51:52.217177Z","level":"INFO","fields":{"message":"Concurrency control for download: Decreased concurrency from 1 to 1; reason: success ratio below threshold (connection struggling) (success_ratio = 1.000, threshold = 0.500)"},"filename":"D:\\a\\xet-core\\xet-core\\xet_client\\src\\cas_client\\adaptive_concurrency\\controller.rs","line_number":586}
{"timestamp":"2026-09-07T13:51:52.729250Z","level":"INFO","fields":{"message":"Concurrency control for download: Decreased concurrency from 1 to 1; reason: success ratio below threshold (connection struggling) (success_ratio = 1.000, threshold = 0.500)"},"filename":"D:\\a\\xet-core\\xet-core\\xet_client\\src\\cas_client\\adaptive_concurrency\\controller.rs","line_number":586}
{"timestamp":"2026-09-07T13:51:53.268335Z","level":"INFO","fields":{"message":"Concurrency control for download: Decreased concurrency from 1 to 1; reason: success ratio below threshold (connection struggling) (success_ratio = 1.000, threshold = 0.500)"},"filename":"D:\\a\\xet-core\\xet-core\\xet_client\\src\\cas_client\\adaptive_concurrency\\controller.rs","line_number":586}
{"timestamp":"2026-09-07T13:51:53.768767Z","level":"INFO","fields":{"message":"Concurrency control for download: Decreased concurrency from 1 to 1; reason: success ratio below threshold (connection struggling) (success_ratio = 1.000, threshold = 0.500)"},"filename":"D:\\a\\xet-core\\xet-core\\xet_client\\src\\cas_client\\adaptive_concurrency\\controller.rs","line_number":586}
{"timestamp":"2026-09-07T13:51:54.426085Z","level":"INFO","fields":{"message":"Concurrency control for download: Decreased concurrency from 1 to 1; reason: success ratio below threshold (connection struggling) (success_ratio = 1.000, threshold = 0.500)"},"filename":"D:\\a\\xet-core\\xet-core\\xet_client\\src\\cas_client\\adaptive_concurrency\\controller.rs","line_number":586}
{"timestamp":"2026-09-07T13:51:54.426101Z","level":"INFO","fields":{"message":"Concurrency control for download: Current concurrency = 1; predicted bandwidth = 73204; success_ratio = 1.000; reference_size = 61.0MB; observed bytes sent so far = 688352051; completed transmissions = 24"},"filename":"D:\\a\\xet-core\\xet-core\\xet_client\\src\\cas_client\\adaptive_concurrency\\controller.rs","line_number":602}
{"timestamp":"2026-09-07T13:51:54.936043Z","level":"INFO","fields":{"message":"Concurrency control for download: Decreased concurrency from 1 to 1; reason: success ratio below threshold (connection struggling) (success_ratio = 1.000, threshold = 0.500)"},"filename":"D:\\a\\xet-core\\xet-core\\xet_client\\src\\cas_client\\adaptive_concurrency\\controller.rs","line_number":586}
{"timestamp":"2026-09-07T13:51:55.451161Z","level":"INFO","fields":{"message":"Concurrency control for download: Decreased concurrency from 1 to 1; reason: success ratio below threshold (connection struggling) (success_ratio = 1.000, threshold = 0.500)"},"filename":"D:\\a\\xet-core\\xet-core\\xet_client\\src\\cas_client\\adaptive_concurrency\\controller.rs","line_number":586}
{"timestamp":"2026-09-07T13:51:56.033284Z","level":"INFO","fields":{"message":"Concurrency control for download: Decreased concurrency from 1 to 1; reason: success ratio below threshold (connection struggling) (success_ratio = 1.000, threshold = 0.500)"},"filename":"D:\\a\\xet-core\\xet-core\\xet_client\\src\\cas_client\\adaptive_concurrency\\controller.rs","line_number":586}
{"timestamp":"2026-09-07T13:51:56.620859Z","level":"INFO","fields":{"message":"Concurrency control for download: Decreased concurrency from 1 to 1; reason: success ratio below threshold (connection struggling) (success_ratio = 1.000, threshold = 0.500)"},"filename":"D:\\a\\xet-core\\xet-core\\xet_client\\src\\cas_client\\adaptive_concurrency\\controller.rs","line_number":586}
{"timestamp":"2026-09-07T13:51:57.284519Z","level":"INFO","fields":{"message":"Concurrency control for download: Decreased concurrency from 1 to 1; reason: success ratio below threshold (connection struggling) (success_ratio = 1.000, threshold = 0.500)"},"filename":"D:\\a\\xet-core\\xet-core\\xet_client\\src\\cas_client\\adaptive_concurrency\\controller.rs","line_number":586}
{"timestamp":"2026-09-07T13:51:57.799143Z","level":"INFO","fields":{"message":"Concurrency control for download: Decreased concurrency from 1 to 1; reason: success ratio below threshold (connection struggling) (success_ratio = 1.000, threshold = 0.500)"},"filename":"D:\\a\\xet-core\\xet-core\\xet_client\\src\\cas_client\\adaptive_concurrency\\controller.rs","line_number":586}
{"timestamp":"2026-09-07T13:51:58.395090Z","level":"INFO","fields":{"message":"Concurrency control for download: Decreased concurrency from 1 to 1; reason: success ratio below threshold (connection struggling) (success_ratio = 1.000, threshold = 0.500)"},"filename":"D:\\a\\xet-core\\xet-core\\xet_client\\src\\cas_client\\adaptive_concurrency\\controller.rs","line_number":586}
{"timestamp":"2026-09-07T13:51:58.915208Z","level":"INFO","fields":{"message":"Concurrency control for download: Decreased concurrency from 1 to 1; reason: success ratio below threshold (connection struggling) (success_ratio = 1.000, threshold = 0.500)"},"filename":"D:\\a\\xet-core\\xet-core\\xet_client\\src\\cas_client\\adaptive_concurrency\\controller.rs","line_number":586}
{"timestamp":"2026-09-07T13:51:59.680368Z","level":"INFO","fields":{"message":"Concurrency control for download: Decreased concurrency from 1 to 1; reason: success ratio below threshold (connection struggling) (success_ratio = 1.000, threshold = 0.500)"},"filename":"D:\\a\\xet-core\\xet-core\\xet_client\\src\\cas_client\\adaptive_concurrency\\controller.rs","line_number":586}
{"timestamp":"2026-09-07T13:52:00.041751Z","level":"INFO","fields":{"message":"Received CAS response","request_id":"01M1Y27PWXWYEY2HCX4YWC4WPD","status_code":206},"filename":"D:\\a\\xet-core\\xet-core\\xet_client\\src\\common\\http_client.rs","line_number":288}
{"timestamp":"2026-09-07T13:52:00.041772Z","level":"INFO","fields":{"message":"Request Success: s3::get_range api call succeeded (request id 01M1Y27PWXWYEY2HCX4YWC4WPD, retry 1)."},"filename":"D:\\a\\xet-core\\xet-core\\xet_client\\src\\cas_client\\retry_wrapper.rs","line_number":237}
{"timestamp":"2026-09-07T13:52:00.352029Z","level":"INFO","fields":{"message":"Concurrency control for download: Decreased concurrency from 1 to 1; reason: success ratio below threshold (connection struggling) (success_ratio = 1.000, threshold = 0.500)"},"filename":"D:\\a\\xet-core\\xet-core\\xet_client\\src\\cas_client\\adaptive_concurrency\\controller.rs","line_number":586}
{"timestamp":"2026-09-07T13:52:01.015489Z","level":"INFO","fields":{"message":"Concurrency control for download: Decreased concurrency from 1 to 1; reason: success ratio below threshold (connection struggling) (success_ratio = 1.000, threshold = 0.500)"},"filename":"D:\\a\\xet-core\\xet-core\\xet_client\\src\\cas_client\\adaptive_concurrency\\controller.rs","line_number":586}
{"timestamp":"2026-09-07T13:52:01.521486Z","level":"INFO","fields":{"message":"Concurrency control for download: Decreased concurrency from 1 to 1; reason: success ratio below threshold (connection struggling) (success_ratio = 1.000, threshold = 0.500)"},"filename":"D:\\a\\xet-core\\xet-core\\xet_client\\src\\cas_client\\adaptive_concurrency\\controller.rs","line_number":586}
{"timestamp":"2026-09-07T13:52:02.199564Z","level":"INFO","fields":{"message":"Concurrency control for download: Decreased concurrency from 1 to 1; reason: success ratio below threshold (connection struggling) (success_ratio = 1.000, threshold = 0.500)"},"filename":"D:\\a\\xet-core\\xet-core\\xet_client\\src\\cas_client\\adaptive_concurrency\\controller.rs","line_number":586}
{"timestamp":"2026-09-07T13:52:02.770942Z","level":"INFO","fields":{"message":"Concurrency control for download: Decreased concurrency from 1 to 1; reason: success ratio below threshold (connection struggling) (success_ratio = 1.000, threshold = 0.500)"},"filename":"D:\\a\\xet-core\\xet-core\\xet_client\\src\\cas_client\\adaptive_concurrency\\controller.rs","line_number":586}
{"timestamp":"2026-09-07T13:52:03.299655Z","level":"INFO","fields":{"message":"Concurrency control for download: Decreased concurrency from 1 to 1; reason: success ratio below threshold (connection struggling) (success_ratio = 1.000, threshold = 0.500)"},"filename":"D:\\a\\xet-core\\xet-core\\xet_client\\src\\cas_client\\adaptive_concurrency\\controller.rs","line_number":586}
{"timestamp":"2026-09-07T13:52:03.971226Z","level":"INFO","fields":{"message":"Concurrency control for download: Decreased concurrency from 1 to 1; reason: success ratio below threshold (connection struggling) (success_ratio = 1.000, threshold = 0.500)"},"filename":"D:\\a\\xet-core\\xet-core\\xet_client\\src\\cas_client\\adaptive_concurrency\\controller.rs","line_number":586}
{"timestamp":"2026-09-07T13:52:04.537805Z","level":"INFO","fields":{"message":"Concurrency control for download: Decreased concurrency from 1 to 1; reason: success ratio below threshold (connection struggling) (success_ratio = 1.000, threshold = 0.500)"},"filename":"D:\\a\\xet-core\\xet-core\\xet_client\\src\\cas_client\\adaptive_concurrency\\controller.rs","line_number":586}
{"timestamp":"2026-09-07T13:52:04.537843Z","level":"INFO","fields":{"message":"Concurrency control for download: Current concurrency = 1; predicted bandwidth = 69776; success_ratio = 1.000; reference_size = 61.0MB; observed bytes sent so far = 695905075; completed transmissions = 25"},"filename":"D:\\a\\xet-core\\xet-core\\xet_client\\src\\cas_client\\adaptive_concurrency\\controller.rs","line_number":602}
{"timestamp":"2026-09-07T13:52:05.142982Z","level":"INFO","fields":{"message":"Concurrency control for download: Decreased concurrency from 1 to 1; reason: success ratio below threshold (connection struggling) (success_ratio = 1.000, threshold = 0.500)"},"filename":"D:\\a\\xet-core\\xet-core\\xet_client\\src\\cas_client\\adaptive_concurrency\\controller.rs","line_number":586}
{"timestamp":"2026-09-07T13:52:05.772994Z","level":"INFO","fields":{"message":"Concurrency control for download: Decreased concurrency from 1 to 1; reason: success ratio below threshold (connection struggling) (success_ratio = 1.000, threshold = 0.500)"},"filename":"D:\\a\\xet-core\\xet-core\\xet_client\\src\\cas_client\\adaptive_concurrency\\controller.rs","line_number":586}
{"timestamp":"2026-09-07T13:52:06.545903Z","level":"INFO","fields":{"message":"Concurrency control for download: Decreased concurrency from 1 to 1; reason: success ratio below threshold (connection struggling) (success_ratio = 1.000, threshold = 0.500)"},"filename":"D:\\a\\xet-core\\xet-core\\xet_client\\src\\cas_client\\adaptive_concurrency\\controller.rs","line_number":586}
{"timestamp":"2026-09-07T13:52:07.058101Z","level":"INFO","fields":{"message":"Concurrency control for download: Decreased concurrency from 1 to 1; reason: success ratio below threshold (connection struggling) (success_ratio = 1.000, threshold = 0.500)"},"filename":"D:\\a\\xet-core\\xet-core\\xet_client\\src\\cas_client\\adaptive_concurrency\\controller.rs","line_number":586}
{"timestamp":"2026-09-07T13:52:07.703700Z","level":"INFO","fields":{"message":"Concurrency control for download: Decreased concurrency from 1 to 1; reason: success ratio below threshold (connection struggling) (success_ratio = 1.000, threshold = 0.500)"},"filename":"D:\\a\\xet-core\\xet-core\\xet_client\\src\\cas_client\\adaptive_concurrency\\controller.rs","line_number":586}
{"timestamp":"2026-09-07T13:52:08.219998Z","level":"INFO","fields":{"message":"Concurrency control for download: Decreased concurrency from 1 to 1; reason: success ratio below threshold (connection struggling) (success_ratio = 1.000, threshold = 0.500)"},"filename":"D:\\a\\xet-core\\xet-core\\xet_client\\src\\cas_client\\adaptive_concurrency\\controller.rs","line_number":586}
{"timestamp":"2026-09-07T13:52:08.988672Z","level":"INFO","fields":{"message":"Concurrency control for download: Decreased concurrency from 1 to 1; reason: success ratio below threshold (connection struggling) (success_ratio = 1.000, threshold = 0.500)"},"filename":"D:\\a\\xet-core\\xet-core\\xet_client\\src\\cas_client\\adaptive_concurrency\\controller.rs","line_number":586}
{"timestamp":"2026-09-07T13:52:09.568403Z","level":"INFO","fields":{"message":"Concurrency control for download: Decreased concurrency from 1 to 1; reason: success ratio below threshold (connection struggling) (success_ratio = 1.000, threshold = 0.500)"},"filename":"D:\\a\\xet-core\\xet-core\\xet_client\\src\\cas_client\\adaptive_concurrency\\controller.rs","line_number":586}
{"timestamp":"2026-09-07T13:52:10.073677Z","level":"INFO","fields":{"message":"Concurrency control for download: Decreased concurrency from 1 to 1; reason: success ratio below threshold (connection struggling) (success_ratio = 1.000, threshold = 0.500)"},"filename":"D:\\a\\xet-core\\xet-core\\xet_client\\src\\cas_client\\adaptive_concurrency\\controller.rs","line_number":586}
{"timestamp":"2026-09-07T13:52:10.641075Z","level":"INFO","fields":{"message":"Concurrency control for download: Decreased concurrency from 1 to 1; reason: success ratio below threshold (connection struggling) (success_ratio = 1.000, threshold = 0.500)"},"filename":"D:\\a\\xet-core\\xet-core\\xet_client\\src\\cas_client\\adaptive_concurrency\\controller.rs","line_number":586}
{"timestamp":"2026-09-07T13:52:11.176152Z","level":"INFO","fields":{"message":"Concurrency control for download: Decreased concurrency from 1 to 1; reason: success ratio below threshold (connection struggling) (success_ratio = 1.000, threshold = 0.500)"},"filename":"D:\\a\\xet-core\\xet-core\\xet_client\\src\\cas_client\\adaptive_concurrency\\controller.rs","line_number":586}
{"timestamp":"2026-09-07T13:52:11.781560Z","level":"INFO","fields":{"message":"Concurrency control for download: Decreased concurrency from 1 to 1; reason: success ratio below threshold (connection struggling) (success_ratio = 1.000, threshold = 0.500)"},"filename":"D:\\a\\xet-core\\xet-core\\xet_client\\src\\cas_client\\adaptive_concurrency\\controller.rs","line_number":586}
{"timestamp":"2026-09-07T13:52:12.392001Z","level":"INFO","fields":{"message":"Concurrency control for download: Decreased concurrency from 1 to 1; reason: success ratio below threshold (connection struggling) (success_ratio = 1.000, threshold = 0.500)"},"filename":"D:\\a\\xet-core\\xet-core\\xet_client\\src\\cas_client\\adaptive_concurrency\\controller.rs","line_number":586}
{"timestamp":"2026-09-07T13:52:12.975770Z","level":"INFO","fields":{"message":"Concurrency control for download: Decreased concurrency from 1 to 1; reason: success ratio below threshold (connection struggling) (success_ratio = 1.000, threshold = 0.500)"},"filename":"D:\\a\\xet-core\\xet-core\\xet_client\\src\\cas_client\\adaptive_concurrency\\controller.rs","line_number":586}
{"timestamp":"2026-09-07T13:52:13.506080Z","level":"INFO","fields":{"message":"Concurrency control for download: Decreased concurrency from 1 to 1; reason: success ratio below threshold (connection struggling) (success_ratio = 1.000, threshold = 0.500)"},"filename":"D:\\a\\xet-core\\xet-core\\xet_client\\src\\cas_client\\adaptive_concurrency\\controller.rs","line_number":586}
{"timestamp":"2026-09-07T13:52:14.033594Z","level":"INFO","fields":{"message":"Concurrency control for download: Decreased concurrency from 1 to 1; reason: success ratio below threshold (connection struggling) (success_ratio = 1.000, threshold = 0.500)"},"filename":"D:\\a\\xet-core\\xet-core\\xet_client\\src\\cas_client\\adaptive_concurrency\\controller.rs","line_number":586}
{"timestamp":"2026-09-07T13:52:14.538290Z","level":"INFO","fields":{"message":"Concurrency control for download: Decreased concurrency from 1 to 1; reason: success ratio below threshold (connection struggling) (success_ratio = 1.000, threshold = 0.500)"},"filename":"D:\\a\\xet-core\\xet-core\\xet_client\\src\\cas_client\\adaptive_concurrency\\controller.rs","line_number":586}
{"timestamp":"2026-09-07T13:52:14.538323Z","level":"INFO","fields":{"message":"Concurrency control for download: Current concurrency = 1; predicted bandwidth = 65662; success_ratio = 1.000; reference_size = 61.0MB; observed bytes sent so far = 703212339; completed transmissions = 25"},"filename":"D:\\a\\xet-core\\xet-core\\xet_client\\src\\cas_client\\adaptive_concurrency\\controller.rs","line_number":602}
{"timestamp":"2026-09-07T13:52:15.044728Z","level":"INFO","fields":{"message":"Concurrency control for download: Decreased concurrency from 1 to 1; reason: success ratio below threshold (connection struggling) (success_ratio = 1.000, threshold = 0.500)"},"filename":"D:\\a\\xet-core\\xet-core\\xet_client\\src\\cas_client\\adaptive_concurrency\\controller.rs","line_number":586}
{"timestamp":"2026-09-07T13:52:15.578795Z","level":"INFO","fields":{"message":"Concurrency control for download: Decreased concurrency from 1 to 1; reason: success ratio below threshold (connection struggling) (success_ratio = 1.000, threshold = 0.500)"},"filename":"D:\\a\\xet-core\\xet-core\\xet_client\\src\\cas_client\\adaptive_concurrency\\controller.rs","line_number":586}
{"timestamp":"2026-09-07T13:52:16.091957Z","level":"INFO","fields":{"message":"Concurrency control for download: Decreased concurrency from 1 to 1; reason: success ratio below threshold (connection struggling) (success_ratio = 1.000, threshold = 0.500)"},"filename":"D:\\a\\xet-core\\xet-core\\xet_client\\src\\cas_client\\adaptive_concurrency\\controller.rs","line_number":586}
{"timestamp":"2026-09-07T13:52:16.628425Z","level":"INFO","fields":{"message":"Concurrency control for download: Decreased concurrency from 1 to 1; reason: success ratio below threshold (connection struggling) (success_ratio = 1.000, threshold = 0.500)"},"filename":"D:\\a\\xet-core\\xet-core\\xet_client\\src\\cas_client\\adaptive_concurrency\\controller.rs","line_number":586}
{"timestamp":"2026-09-07T13:52:17.139840Z","level":"INFO","fields":{"message":"Concurrency control for download: Decreased concurrency from 1 to 1; reason: success ratio below threshold (connection struggling) (success_ratio = 1.000, threshold = 0.500)"},"filename":"D:\\a\\xet-core\\xet-core\\xet_client\\src\\cas_client\\adaptive_concurrency\\controller.rs","line_number":586}
{"timestamp":"2026-09-07T13:52:17.656346Z","level":"INFO","fields":{"message":"Concurrency control for download: Decreased concurrency from 1 to 1; reason: success ratio below threshold (connection struggling) (success_ratio = 1.000, threshold = 0.500)"},"filename":"D:\\a\\xet-core\\xet-core\\xet_client\\src\\cas_client\\adaptive_concurrency\\controller.rs","line_number":586}
{"timestamp":"2026-09-07T13:52:18.157627Z","level":"INFO","fields":{"message":"Concurrency control for download: Decreased concurrency from 1 to 1; reason: success ratio below threshold (connection struggling) (success_ratio = 1.000, threshold = 0.500)"},"filename":"D:\\a\\xet-core\\xet-core\\xet_client\\src\\cas_client\\adaptive_concurrency\\controller.rs","line_number":586}
{"timestamp":"2026-09-07T13:52:18.719446Z","level":"INFO","fields":{"message":"Concurrency control for download: Decreased concurrency from 1 to 1; reason: success ratio below threshold (connection struggling) (success_ratio = 1.000, threshold = 0.500)"},"filename":"D:\\a\\xet-core\\xet-core\\xet_client\\src\\cas_client\\adaptive_concurrency\\controller.rs","line_number":586}
{"timestamp":"2026-09-07T13:52:19.220315Z","level":"INFO","fields":{"message":"Concurrency control for download: Decreased concurrency from 1 to 1; reason: success ratio below threshold (connection struggling) (success_ratio = 1.000, threshold = 0.500)"},"filename":"D:\\a\\xet-core\\xet-core\\xet_client\\src\\cas_client\\adaptive_concurrency\\controller.rs","line_number":586}
{"timestamp":"2026-09-07T13:52:19.728784Z","level":"INFO","fields":{"message":"Concurrency control for download: Decreased concurrency from 1 to 1; reason: success ratio below threshold (connection struggling) (success_ratio = 1.000, threshold = 0.500)"},"filename":"D:\\a\\xet-core\\xet-core\\xet_client\\src\\cas_client\\adaptive_concurrency\\controller.rs","line_number":586}
{"timestamp":"2026-09-07T13:52:20.270640Z","level":"INFO","fields":{"message":"Concurrency control for download: Decreased concurrency from 1 to 1; reason: success ratio below threshold (connection struggling) (success_ratio = 1.000, threshold = 0.500)"},"filename":"D:\\a\\xet-core\\xet-core\\xet_client\\src\\cas_client\\adaptive_concurrency\\controller.rs","line_number":586}
{"timestamp":"2026-09-07T13:52:20.891890Z","level":"INFO","fields":{"message":"Concurrency control for download: Decreased concurrency from 1 to 1; reason: success ratio below threshold (connection struggling) (success_ratio = 1.000, threshold = 0.500)"},"filename":"D:\\a\\xet-core\\xet-core\\xet_client\\src\\cas_client\\adaptive_concurrency\\controller.rs","line_number":586}
{"timestamp":"2026-09-07T13:52:21.444169Z","level":"INFO","fields":{"message":"Concurrency control for download: Decreased concurrency from 1 to 1; reason: success ratio below threshold (connection struggling) (success_ratio = 1.000, threshold = 0.500)"},"filename":"D:\\a\\xet-core\\xet-core\\xet_client\\src\\cas_client\\adaptive_concurrency\\controller.rs","line_number":586}
{"timestamp":"2026-09-07T13:52:21.947105Z","level":"INFO","fields":{"message":"Concurrency control for download: Decreased concurrency from 1 to 1; reason: success ratio below threshold (connection struggling) (success_ratio = 1.000, threshold = 0.500)"},"filename":"D:\\a\\xet-core\\xet-core\\xet_client\\src\\cas_client\\adaptive_concurrency\\controller.rs","line_number":586}
{"timestamp":"2026-09-07T13:52:22.484237Z","level":"INFO","fields":{"message":"Concurrency control for download: Decreased concurrency from 1 to 1; reason: success ratio below threshold (connection struggling) (success_ratio = 1.000, threshold = 0.500)"},"filename":"D:\\a\\xet-core\\xet-core\\xet_client\\src\\cas_client\\adaptive_concurrency\\controller.rs","line_number":586}
{"timestamp":"2026-09-07T13:52:23.372838Z","level":"INFO","fields":{"message":"Concurrency control for download: Decreased concurrency from 1 to 1; reason: success ratio below threshold (connection struggling) (success_ratio = 1.000, threshold = 0.500)"},"filename":"D:\\a\\xet-core\\xet-core\\xet_client\\src\\cas_client\\adaptive_concurrency\\controller.rs","line_number":586}
{"timestamp":"2026-09-07T13:52:23.915435Z","level":"INFO","fields":{"message":"Concurrency control for download: Decreased concurrency from 1 to 1; reason: success ratio below threshold (connection struggling) (success_ratio = 1.000, threshold = 0.500)"},"filename":"D:\\a\\xet-core\\xet-core\\xet_client\\src\\cas_client\\adaptive_concurrency\\controller.rs","line_number":586}
{"timestamp":"2026-09-07T13:52:24.513896Z","level":"INFO","fields":{"message":"Concurrency control for download: Decreased concurrency from 1 to 1; reason: success ratio below threshold (connection struggling) (success_ratio = 1.000, threshold = 0.500)"},"filename":"D:\\a\\xet-core\\xet-core\\xet_client\\src\\cas_client\\adaptive_concurrency\\controller.rs","line_number":586}
{"timestamp":"2026-09-07T13:52:24.565219Z","level":"INFO","fields":{"message":"Concurrency control for download: Current concurrency = 1; predicted bandwidth = 62938; success_ratio = 1.000; reference_size = 61.0MB; observed bytes sent so far = 710552371; completed transmissions = 25"},"filename":"D:\\a\\xet-core\\xet-core\\xet_client\\src\\cas_client\\adaptive_concurrency\\controller.rs","line_number":602}
{"timestamp":"2026-09-07T13:52:25.050766Z","level":"INFO","fields":{"message":"Concurrency control for download: Decreased concurrency from 1 to 1; reason: success ratio below threshold (connection struggling) (success_ratio = 1.000, threshold = 0.500)"},"filename":"D:\\a\\xet-core\\xet-core\\xet_client\\src\\cas_client\\adaptive_concurrency\\controller.rs","line_number":586}
{"timestamp":"2026-09-07T13:52:25.605801Z","level":"INFO","fields":{"message":"Concurrency control for download: Decreased concurrency from 1 to 1; reason: success ratio below threshold (connection struggling) (success_ratio = 1.000, threshold = 0.500)"},"filename":"D:\\a\\xet-core\\xet-core\\xet_client\\src\\cas_client\\adaptive_concurrency\\controller.rs","line_number":586}
{"timestamp":"2026-09-07T13:52:26.174837Z","level":"INFO","fields":{"message":"Concurrency control for download: Decreased concurrency from 1 to 1; reason: success ratio below threshold (connection struggling) (success_ratio = 1.000, threshold = 0.500)"},"filename":"D:\\a\\xet-core\\xet-core\\xet_client\\src\\cas_client\\adaptive_concurrency\\controller.rs","line_number":586}
{"timestamp":"2026-09-07T13:52:26.711007Z","level":"INFO","fields":{"message":"Concurrency control for download: Decreased concurrency from 1 to 1; reason: success ratio below threshold (connection struggling) (success_ratio = 1.000, threshold = 0.500)"},"filename":"D:\\a\\xet-core\\xet-core\\xet_client\\src\\cas_client\\adaptive_concurrency\\controller.rs","line_number":586}
{"timestamp":"2026-09-07T13:52:27.246188Z","level":"INFO","fields":{"message":"Concurrency control for download: Decreased concurrency from 1 to 1; reason: success ratio below threshold (connection struggling) (success_ratio = 1.000, threshold = 0.500)"},"filename":"D:\\a\\xet-core\\xet-core\\xet_client\\src\\cas_client\\adaptive_concurrency\\controller.rs","line_number":586}
{"timestamp":"2026-09-07T13:52:27.794527Z","level":"INFO","fields":{"message":"Concurrency control for download: Decreased concurrency from 1 to 1; reason: success ratio below threshold (connection struggling) (success_ratio = 1.000, threshold = 0.500)"},"filename":"D:\\a\\xet-core\\xet-core\\xet_client\\src\\cas_client\\adaptive_concurrency\\controller.rs","line_number":586}
{"timestamp":"2026-09-07T13:52:28.326048Z","level":"INFO","fields":{"message":"Concurrency control for download: Decreased concurrency from 1 to 1; reason: success ratio below threshold (connection struggling) (success_ratio = 1.000, threshold = 0.500)"},"filename":"D:\\a\\xet-core\\xet-core\\xet_client\\src\\cas_client\\adaptive_concurrency\\controller.rs","line_number":586}
{"timestamp":"2026-09-07T13:52:28.834642Z","level":"INFO","fields":{"message":"Concurrency control for download: Decreased concurrency from 1 to 1; reason: success ratio below threshold (connection struggling) (success_ratio = 1.000, threshold = 0.500)"},"filename":"D:\\a\\xet-core\\xet-core\\xet_client\\src\\cas_client\\adaptive_concurrency\\controller.rs","line_number":586}
{"timestamp":"2026-09-07T13:52:29.484802Z","level":"INFO","fields":{"message":"Concurrency control for download: Decreased concurrency from 1 to 1; reason: success ratio below threshold (connection struggling) (success_ratio = 1.000, threshold = 0.500)"},"filename":"D:\\a\\xet-core\\xet-core\\xet_client\\src\\cas_client\\adaptive_concurrency\\controller.rs","line_number":586}
{"timestamp":"2026-09-07T13:52:30.088517Z","level":"INFO","fields":{"message":"Concurrency control for download: Decreased concurrency from 1 to 1; reason: success ratio below threshold (connection struggling) (success_ratio = 1.000, threshold = 0.500)"},"filename":"D:\\a\\xet-core\\xet-core\\xet_client\\src\\cas_client\\adaptive_concurrency\\controller.rs","line_number":586}
{"timestamp":"2026-09-07T13:52:30.979530Z","level":"INFO","fields":{"message":"Concurrency control for download: Decreased concurrency from 1 to 1; reason: success ratio below threshold (connection struggling) (success_ratio = 1.000, threshold = 0.500)"},"filename":"D:\\a\\xet-core\\xet-core\\xet_client\\src\\cas_client\\adaptive_concurrency\\controller.rs","line_number":586}
{"timestamp":"2026-09-07T13:52:31.745978Z","level":"INFO","fields":{"message":"Concurrency control for download: Decreased concurrency from 1 to 1; reason: success ratio below threshold (connection struggling) (success_ratio = 1.000, threshold = 0.500)"},"filename":"D:\\a\\xet-core\\xet-core\\xet_client\\src\\cas_client\\adaptive_concurrency\\controller.rs","line_number":586}
{"timestamp":"2026-09-07T13:52:32.255701Z","level":"INFO","fields":{"message":"Concurrency control for download: Decreased concurrency from 1 to 1; reason: success ratio below threshold (connection struggling) (success_ratio = 1.000, threshold = 0.500)"},"filename":"D:\\a\\xet-core\\xet-core\\xet_client\\src\\cas_client\\adaptive_concurrency\\controller.rs","line_number":586}
{"timestamp":"2026-09-07T13:52:32.771752Z","level":"INFO","fields":{"message":"Concurrency control for download: Decreased concurrency from 1 to 1; reason: success ratio below threshold (connection struggling) (success_ratio = 1.000, threshold = 0.500)"},"filename":"D:\\a\\xet-core\\xet-core\\xet_client\\src\\cas_client\\adaptive_concurrency\\controller.rs","line_number":586}
{"timestamp":"2026-09-07T13:52:33.914406Z","level":"INFO","fields":{"message":"Concurrency control for download: Decreased concurrency from 1 to 1; reason: success ratio below threshold (connection struggling) (success_ratio = 1.000, threshold = 0.500)"},"filename":"D:\\a\\xet-core\\xet-core\\xet_client\\src\\cas_client\\adaptive_concurrency\\controller.rs","line_number":586}
{"timestamp":"2026-09-07T13:52:34.422576Z","level":"INFO","fields":{"message":"Concurrency control for download: Decreased concurrency from 1 to 1; reason: success ratio below threshold (connection struggling) (success_ratio = 1.000, threshold = 0.500)"},"filename":"D:\\a\\xet-core\\xet-core\\xet_client\\src\\cas_client\\adaptive_concurrency\\controller.rs","line_number":586}
{"timestamp":"2026-09-07T13:52:34.639602Z","level":"INFO","fields":{"message":"Concurrency control for download: Current concurrency = 1; predicted bandwidth = 58729; success_ratio = 1.000; reference_size = 61.0MB; observed bytes sent so far = 716876595; completed transmissions = 25"},"filename":"D:\\a\\xet-core\\xet-core\\xet_client\\src\\cas_client\\adaptive_concurrency\\controller.rs","line_number":602}
{"timestamp":"2026-09-07T13:52:34.973920Z","level":"INFO","fields":{"message":"Concurrency control for download: Decreased concurrency from 1 to 1; reason: success ratio below threshold (connection struggling) (success_ratio = 1.000, threshold = 0.500)"},"filename":"D:\\a\\xet-core\\xet-core\\xet_client\\src\\cas_client\\adaptive_concurrency\\controller.rs","line_number":586}
{"timestamp":"2026-09-07T13:52:35.506965Z","level":"INFO","fields":{"message":"Concurrency control for download: Decreased concurrency from 1 to 1; reason: success ratio below threshold (connection struggling) (success_ratio = 1.000, threshold = 0.500)"},"filename":"D:\\a\\xet-core\\xet-core\\xet_client\\src\\cas_client\\adaptive_concurrency\\controller.rs","line_number":586}
{"timestamp":"2026-09-07T13:52:36.041257Z","level":"INFO","fields":{"message":"Concurrency control for download: Decreased concurrency from 1 to 1; reason: success ratio below threshold (connection struggling) (success_ratio = 1.000, threshold = 0.500)"},"filename":"D:\\a\\xet-core\\xet-core\\xet_client\\src\\cas_client\\adaptive_concurrency\\controller.rs","line_number":586}
{"timestamp":"2026-09-07T13:52:36.595219Z","level":"INFO","fields":{"message":"Concurrency control for download: Decreased concurrency from 1 to 1; reason: success ratio below threshold (connection struggling) (success_ratio = 1.000, threshold = 0.500)"},"filename":"D:\\a\\xet-core\\xet-core\\xet_client\\src\\cas_client\\adaptive_concurrency\\controller.rs","line_number":586}
{"timestamp":"2026-09-07T13:52:37.293001Z","level":"INFO","fields":{"message":"Concurrency control for download: Decreased concurrency from 1 to 1; reason: success ratio below threshold (connection struggling) (success_ratio = 1.000, threshold = 0.500)"},"filename":"D:\\a\\xet-core\\xet-core\\xet_client\\src\\cas_client\\adaptive_concurrency\\controller.rs","line_number":586}
{"timestamp":"2026-09-07T13:52:37.820662Z","level":"INFO","fields":{"message":"Concurrency control for download: Decreased concurrency from 1 to 1; reason: success ratio below threshold (connection struggling) (success_ratio = 1.000, threshold = 0.500)"},"filename":"D:\\a\\xet-core\\xet-core\\xet_client\\src\\cas_client\\adaptive_concurrency\\controller.rs","line_number":586}
{"timestamp":"2026-09-07T13:52:38.382694Z","level":"INFO","fields":{"message":"Concurrency control for download: Decreased concurrency from 1 to 1; reason: success ratio below threshold (connection struggling) (success_ratio = 1.000, threshold = 0.500)"},"filename":"D:\\a\\xet-core\\xet-core\\xet_client\\src\\cas_client\\adaptive_concurrency\\controller.rs","line_number":586}
{"timestamp":"2026-09-07T13:52:39.323859Z","level":"INFO","fields":{"message":"Concurrency control for download: Decreased concurrency from 1 to 1; reason: success ratio below threshold (connection struggling) (success_ratio = 1.000, threshold = 0.500)"},"filename":"D:\\a\\xet-core\\xet-core\\xet_client\\src\\cas_client\\adaptive_concurrency\\controller.rs","line_number":586}
{"timestamp":"2026-09-07T13:52:39.824408Z","level":"INFO","fields":{"message":"Concurrency control for download: Decreased concurrency from 1 to 1; reason: success ratio below threshold (connection struggling) (success_ratio = 1.000, threshold = 0.500)"},"filename":"D:\\a\\xet-core\\xet-core\\xet_client\\src\\cas_client\\adaptive_concurrency\\controller.rs","line_number":586}
{"timestamp":"2026-09-07T13:52:40.504795Z","level":"INFO","fields":{"message":"Concurrency control for download: Decreased concurrency from 1 to 1; reason: success ratio below threshold (connection struggling) (success_ratio = 1.000, threshold = 0.500)"},"filename":"D:\\a\\xet-core\\xet-core\\xet_client\\src\\cas_client\\adaptive_concurrency\\controller.rs","line_number":586}
{"timestamp":"2026-09-07T13:52:41.200279Z","level":"INFO","fields":{"message":"Concurrency control for download: Decreased concurrency from 1 to 1; reason: success ratio below threshold (connection struggling) (success_ratio = 1.000, threshold = 0.500)"},"filename":"D:\\a\\xet-core\\xet-core\\xet_client\\src\\cas_client\\adaptive_concurrency\\controller.rs","line_number":586}
{"timestamp":"2026-09-07T13:52:41.720885Z","level":"INFO","fields":{"message":"Concurrency control for download: Decreased concurrency from 1 to 1; reason: success ratio below threshold (connection struggling) (success_ratio = 1.000, threshold = 0.500)"},"filename":"D:\\a\\xet-core\\xet-core\\xet_client\\src\\cas_client\\adaptive_concurrency\\controller.rs","line_number":586}
{"timestamp":"2026-09-07T13:52:42.264638Z","level":"INFO","fields":{"message":"Concurrency control for download: Decreased concurrency from 1 to 1; reason: success ratio below threshold (connection struggling) (success_ratio = 1.000, threshold = 0.500)"},"filename":"D:\\a\\xet-core\\xet-core\\xet_client\\src\\cas_client\\adaptive_concurrency\\controller.rs","line_number":586}
{"timestamp":"2026-09-07T13:52:42.852643Z","level":"INFO","fields":{"message":"Concurrency control for download: Decreased concurrency from 1 to 1; reason: success ratio below threshold (connection struggling) (success_ratio = 1.000, threshold = 0.500)"},"filename":"D:\\a\\xet-core\\xet-core\\xet_client\\src\\cas_client\\adaptive_concurrency\\controller.rs","line_number":586}
{"timestamp":"2026-09-07T13:52:43.433727Z","level":"INFO","fields":{"message":"Concurrency control for download: Decreased concurrency from 1 to 1; reason: success ratio below threshold (connection struggling) (success_ratio = 1.000, threshold = 0.500)"},"filename":"D:\\a\\xet-core\\xet-core\\xet_client\\src\\cas_client\\adaptive_concurrency\\controller.rs","line_number":586}
{"timestamp":"2026-09-07T13:52:43.939566Z","level":"INFO","fields":{"message":"Concurrency control for download: Decreased concurrency from 1 to 1; reason: success ratio below threshold (connection struggling) (success_ratio = 1.000, threshold = 0.500)"},"filename":"D:\\a\\xet-core\\xet-core\\xet_client\\src\\cas_client\\adaptive_concurrency\\controller.rs","line_number":586}
{"timestamp":"2026-09-07T13:52:44.467661Z","level":"INFO","fields":{"message":"Concurrency control for download: Decreased concurrency from 1 to 1; reason: success ratio below threshold (connection struggling) (success_ratio = 1.000, threshold = 0.500)"},"filename":"D:\\a\\xet-core\\xet-core\\xet_client\\src\\cas_client\\adaptive_concurrency\\controller.rs","line_number":586}
{"timestamp":"2026-09-07T13:52:44.714853Z","level":"INFO","fields":{"message":"Concurrency control for download: Current concurrency = 1; predicted bandwidth = 55585; success_ratio = 1.000; reference_size = 61.0MB; observed bytes sent so far = 723839795; completed transmissions = 25"},"filename":"D:\\a\\xet-core\\xet-core\\xet_client\\src\\cas_client\\adaptive_concurrency\\controller.rs","line_number":602}
{"timestamp":"2026-09-07T13:52:44.979588Z","level":"INFO","fields":{"message":"Concurrency control for download: Decreased concurrency from 1 to 1; reason: success ratio below threshold (connection struggling) (success_ratio = 1.000, threshold = 0.500)"},"filename":"D:\\a\\xet-core\\xet-core\\xet_client\\src\\cas_client\\adaptive_concurrency\\controller.rs","line_number":586}
{"timestamp":"2026-09-07T13:52:45.659558Z","level":"INFO","fields":{"message":"Concurrency control for download: Decreased concurrency from 1 to 1; reason: success ratio below threshold (connection struggling) (success_ratio = 1.000, threshold = 0.500)"},"filename":"D:\\a\\xet-core\\xet-core\\xet_client\\src\\cas_client\\adaptive_concurrency\\controller.rs","line_number":586}
{"timestamp":"2026-09-07T13:52:46.187595Z","level":"INFO","fields":{"message":"Concurrency control for download: Decreased concurrency from 1 to 1; reason: success ratio below threshold (connection struggling) (success_ratio = 1.000, threshold = 0.500)"},"filename":"D:\\a\\xet-core\\xet-core\\xet_client\\src\\cas_client\\adaptive_concurrency\\controller.rs","line_number":586}
{"timestamp":"2026-09-07T13:52:46.709759Z","level":"INFO","fields":{"message":"Concurrency control for download: Decreased concurrency from 1 to 1; reason: success ratio below threshold (connection struggling) (success_ratio = 1.000, threshold = 0.500)"},"filename":"D:\\a\\xet-core\\xet-core\\xet_client\\src\\cas_client\\adaptive_concurrency\\controller.rs","line_number":586}
{"timestamp":"2026-09-07T13:52:47.234596Z","level":"INFO","fields":{"message":"Concurrency control for download: Decreased concurrency from 1 to 1; reason: success ratio below threshold (connection struggling) (success_ratio = 1.000, threshold = 0.500)"},"filename":"D:\\a\\xet-core\\xet-core\\xet_client\\src\\cas_client\\adaptive_concurrency\\controller.rs","line_number":586}
{"timestamp":"2026-09-07T13:52:47.851343Z","level":"INFO","fields":{"message":"Concurrency control for download: Decreased concurrency from 1 to 1; reason: success ratio below threshold (connection struggling) (success_ratio = 1.000, threshold = 0.500)"},"filename":"D:\\a\\xet-core\\xet-core\\xet_client\\src\\cas_client\\adaptive_concurrency\\controller.rs","line_number":586}
{"timestamp":"2026-09-07T13:52:48.530904Z","level":"INFO","fields":{"message":"Concurrency control for download: Decreased concurrency from 1 to 1; reason: success ratio below threshold (connection struggling) (success_ratio = 1.000, threshold = 0.500)"},"filename":"D:\\a\\xet-core\\xet-core\\xet_client\\src\\cas_client\\adaptive_concurrency\\controller.rs","line_number":586}
{"timestamp":"2026-09-07T13:52:49.035009Z","level":"INFO","fields":{"message":"Concurrency control for download: Decreased concurrency from 1 to 1; reason: success ratio below threshold (connection struggling) (success_ratio = 1.000, threshold = 0.500)"},"filename":"D:\\a\\xet-core\\xet-core\\xet_client\\src\\cas_client\\adaptive_concurrency\\controller.rs","line_number":586}
{"timestamp":"2026-09-07T13:52:49.608648Z","level":"INFO","fields":{"message":"Concurrency control for download: Decreased concurrency from 1 to 1; reason: success ratio below threshold (connection struggling) (success_ratio = 1.000, threshold = 0.500)"},"filename":"D:\\a\\xet-core\\xet-core\\xet_client\\src\\cas_client\\adaptive_concurrency\\controller.rs","line_number":586}
{"timestamp":"2026-09-07T13:52:50.154140Z","level":"INFO","fields":{"message":"Concurrency control for download: Decreased concurrency from 1 to 1; reason: success ratio below threshold (connection struggling) (success_ratio = 1.000, threshold = 0.500)"},"filename":"D:\\a\\xet-core\\xet-core\\xet_client\\src\\cas_client\\adaptive_concurrency\\controller.rs","line_number":586}
{"timestamp":"2026-09-07T13:52:50.660502Z","level":"INFO","fields":{"message":"Concurrency control for download: Decreased concurrency from 1 to 1; reason: success ratio below threshold (connection struggling) (success_ratio = 1.000, threshold = 0.500)"},"filename":"D:\\a\\xet-core\\xet-core\\xet_client\\src\\cas_client\\adaptive_concurrency\\controller.rs","line_number":586}
{"timestamp":"2026-09-07T13:52:51.203870Z","level":"INFO","fields":{"message":"Concurrency control for download: Decreased concurrency from 1 to 1; reason: success ratio below threshold (connection struggling) (success_ratio = 1.000, threshold = 0.500)"},"filename":"D:\\a\\xet-core\\xet-core\\xet_client\\src\\cas_client\\adaptive_concurrency\\controller.rs","line_number":586}
{"timestamp":"2026-09-07T13:52:51.723495Z","level":"INFO","fields":{"message":"Concurrency control for download: Decreased concurrency from 1 to 1; reason: success ratio below threshold (connection struggling) (success_ratio = 1.000, threshold = 0.500)"},"filename":"D:\\a\\xet-core\\xet-core\\xet_client\\src\\cas_client\\adaptive_concurrency\\controller.rs","line_number":586}
{"timestamp":"2026-09-07T13:52:52.280639Z","level":"INFO","fields":{"message":"Concurrency control for download: Decreased concurrency from 1 to 1; reason: success ratio below threshold (connection struggling) (success_ratio = 1.000, threshold = 0.500)"},"filename":"D:\\a\\xet-core\\xet-core\\xet_client\\src\\cas_client\\adaptive_concurrency\\controller.rs","line_number":586}
{"timestamp":"2026-09-07T13:52:52.919575Z","level":"INFO","fields":{"message":"Concurrency control for download: Decreased concurrency from 1 to 1; reason: success ratio below threshold (connection struggling) (success_ratio = 1.000, threshold = 0.500)"},"filename":"D:\\a\\xet-core\\xet-core\\xet_client\\src\\cas_client\\adaptive_concurrency\\controller.rs","line_number":586}
{"timestamp":"2026-09-07T13:52:53.543419Z","level":"INFO","fields":{"message":"Concurrency control for download: Decreased concurrency from 1 to 1; reason: success ratio below threshold (connection struggling) (success_ratio = 1.000, threshold = 0.500)"},"filename":"D:\\a\\xet-core\\xet-core\\xet_client\\src\\cas_client\\adaptive_concurrency\\controller.rs","line_number":586}
{"timestamp":"2026-09-07T13:52:54.046571Z","level":"INFO","fields":{"message":"Concurrency control for download: Decreased concurrency from 1 to 1; reason: success ratio below threshold (connection struggling) (success_ratio = 1.000, threshold = 0.500)"},"filename":"D:\\a\\xet-core\\xet-core\\xet_client\\src\\cas_client\\adaptive_concurrency\\controller.rs","line_number":586}
{"timestamp":"2026-09-07T13:52:54.549550Z","level":"INFO","fields":{"message":"Concurrency control for download: Decreased concurrency from 1 to 1; reason: success ratio below threshold (connection struggling) (success_ratio = 1.000, threshold = 0.500)"},"filename":"D:\\a\\xet-core\\xet-core\\xet_client\\src\\cas_client\\adaptive_concurrency\\controller.rs","line_number":586}
{"timestamp":"2026-09-07T13:52:54.760552Z","level":"INFO","fields":{"message":"Concurrency control for download: Current concurrency = 1; predicted bandwidth = 52712; success_ratio = 1.000; reference_size = 61.0MB; observed bytes sent so far = 731035817; completed transmissions = 25"},"filename":"D:\\a\\xet-core\\xet-core\\xet_client\\src\\cas_client\\adaptive_concurrency\\controller.rs","line_number":602}
{"timestamp":"2026-09-07T13:52:55.082958Z","level":"INFO","fields":{"message":"Concurrency control for download: Decreased concurrency from 1 to 1; reason: success ratio below threshold (connection struggling) (success_ratio = 1.000, threshold = 0.500)"},"filename":"D:\\a\\xet-core\\xet-core\\xet_client\\src\\cas_client\\adaptive_concurrency\\controller.rs","line_number":586}
{"timestamp":"2026-09-07T13:52:55.591875Z","level":"INFO","fields":{"message":"Concurrency control for download: Decreased concurrency from 1 to 1; reason: success ratio below threshold (connection struggling) (success_ratio = 1.000, threshold = 0.500)"},"filename":"D:\\a\\xet-core\\xet-core\\xet_client\\src\\cas_client\\adaptive_concurrency\\controller.rs","line_number":586}
{"timestamp":"2026-09-07T13:52:56.096959Z","level":"INFO","fields":{"message":"Concurrency control for download: Decreased concurrency from 1 to 1; reason: success ratio below threshold (connection struggling) (success_ratio = 1.000, threshold = 0.500)"},"filename":"D:\\a\\xet-core\\xet-core\\xet_client\\src\\cas_client\\adaptive_concurrency\\controller.rs","line_number":586}
{"timestamp":"2026-09-07T13:52:56.693555Z","level":"INFO","fields":{"message":"Concurrency control for download: Decreased concurrency from 1 to 1; reason: success ratio below threshold (connection struggling) (success_ratio = 1.000, threshold = 0.500)"},"filename":"D:\\a\\xet-core\\xet-core\\xet_client\\src\\cas_client\\adaptive_concurrency\\controller.rs","line_number":586}
{"timestamp":"2026-09-07T13:52:57.260801Z","level":"INFO","fields":{"message":"Concurrency control for download: Decreased concurrency from 1 to 1; reason: success ratio below threshold (connection struggling) (success_ratio = 1.000, threshold = 0.500)"},"filename":"D:\\a\\xet-core\\xet-core\\xet_client\\src\\cas_client\\adaptive_concurrency\\controller.rs","line_number":586}
{"timestamp":"2026-09-07T13:52:57.843752Z","level":"INFO","fields":{"message":"Concurrency control for download: Decreased concurrency from 1 to 1; reason: success ratio below threshold (connection struggling) (success_ratio = 1.000, threshold = 0.500)"},"filename":"D:\\a\\xet-core\\xet-core\\xet_client\\src\\cas_client\\adaptive_concurrency\\controller.rs","line_number":586}
{"timestamp":"2026-09-07T13:52:58.459634Z","level":"INFO","fields":{"message":"Concurrency control for download: Decreased concurrency from 1 to 1; reason: success ratio below threshold (connection struggling) (success_ratio = 1.000, threshold = 0.500)"},"filename":"D:\\a\\xet-core\\xet-core\\xet_client\\src\\cas_client\\adaptive_concurrency\\controller.rs","line_number":586}
{"timestamp":"2026-09-07T13:52:59.270608Z","level":"INFO","fields":{"message":"Concurrency control for download: Decreased concurrency from 1 to 1; reason: success ratio below threshold (connection struggling) (success_ratio = 1.000, threshold = 0.500)"},"filename":"D:\\a\\xet-core\\xet-core\\xet_client\\src\\cas_client\\adaptive_concurrency\\controller.rs","line_number":586}
{"timestamp":"2026-09-07T13:52:59.801542Z","level":"INFO","fields":{"message":"Concurrency control for download: Decreased concurrency from 1 to 1; reason: success ratio below threshold (connection struggling) (success_ratio = 1.000, threshold = 0.500)"},"filename":"D:\\a\\xet-core\\xet-core\\xet_client\\src\\cas_client\\adaptive_concurrency\\controller.rs","line_number":586}
{"timestamp":"2026-09-07T13:53:00.306275Z","level":"INFO","fields":{"message":"Concurrency control for download: Decreased concurrency from 1 to 1; reason: success ratio below threshold (connection struggling) (success_ratio = 1.000, threshold = 0.500)"},"filename":"D:\\a\\xet-core\\xet-core\\xet_client\\src\\cas_client\\adaptive_concurrency\\controller.rs","line_number":586}
{"timestamp":"2026-09-07T13:53:00.869925Z","level":"INFO","fields":{"message":"Concurrency control for download: Decreased concurrency from 1 to 1; reason: success ratio below threshold (connection struggling) (success_ratio = 1.000, threshold = 0.500)"},"filename":"D:\\a\\xet-core\\xet-core\\xet_client\\src\\cas_client\\adaptive_concurrency\\controller.rs","line_number":586}
{"timestamp":"2026-09-07T13:53:01.584196Z","level":"INFO","fields":{"message":"Concurrency control for download: Decreased concurrency from 1 to 1; reason: success ratio below threshold (connection struggling) (success_ratio = 1.000, threshold = 0.500)"},"filename":"D:\\a\\xet-core\\xet-core\\xet_client\\src\\cas_client\\adaptive_concurrency\\controller.rs","line_number":586}
{"timestamp":"2026-09-07T13:53:02.333719Z","level":"INFO","fields":{"message":"Concurrency control for download: Decreased concurrency from 1 to 1; reason: success ratio below threshold (connection struggling) (success_ratio = 1.000, threshold = 0.500)"},"filename":"D:\\a\\xet-core\\xet-core\\xet_client\\src\\cas_client\\adaptive_concurrency\\controller.rs","line_number":586}
{"timestamp":"2026-09-07T13:53:02.979569Z","level":"INFO","fields":{"message":"Concurrency control for download: Decreased concurrency from 1 to 1; reason: success ratio below threshold (connection struggling) (success_ratio = 1.000, threshold = 0.500)"},"filename":"D:\\a\\xet-core\\xet-core\\xet_client\\src\\cas_client\\adaptive_concurrency\\controller.rs","line_number":586}
{"timestamp":"2026-09-07T13:53:03.489509Z","level":"INFO","fields":{"message":"Concurrency control for download: Decreased concurrency from 1 to 1; reason: success ratio below threshold (connection struggling) (success_ratio = 1.000, threshold = 0.500)"},"filename":"D:\\a\\xet-core\\xet-core\\xet_client\\src\\cas_client\\adaptive_concurrency\\controller.rs","line_number":586}
{"timestamp":"2026-09-07T13:53:04.020935Z","level":"INFO","fields":{"message":"Concurrency control for download: Decreased concurrency from 1 to 1; reason: success ratio below threshold (connection struggling) (success_ratio = 1.000, threshold = 0.500)"},"filename":"D:\\a\\xet-core\\xet-core\\xet_client\\src\\cas_client\\adaptive_concurrency\\controller.rs","line_number":586}
{"timestamp":"2026-09-07T13:53:04.645718Z","level":"INFO","fields":{"message":"Concurrency control for download: Decreased concurrency from 1 to 1; reason: success ratio below threshold (connection struggling) (success_ratio = 1.000, threshold = 0.500)"},"filename":"D:\\a\\xet-core\\xet-core\\xet_client\\src\\cas_client\\adaptive_concurrency\\controller.rs","line_number":586}
{"timestamp":"2026-09-07T13:53:05.064626Z","level":"INFO","fields":{"message":"Concurrency control for download: Current concurrency = 1; predicted bandwidth = 50468; success_ratio = 1.000; reference_size = 61.0MB; observed bytes sent so far = 736711573; completed transmissions = 25"},"filename":"D:\\a\\xet-core\\xet-core\\xet_client\\src\\cas_client\\adaptive_concurrency\\controller.rs","line_number":602}
{"timestamp":"2026-09-07T13:53:05.216546Z","level":"INFO","fields":{"message":"Concurrency control for download: Decreased concurrency from 1 to 1; reason: success ratio below threshold (connection struggling) (success_ratio = 1.000, threshold = 0.500)"},"filename":"D:\\a\\xet-core\\xet-core\\xet_client\\src\\cas_client\\adaptive_concurrency\\controller.rs","line_number":586}
{"timestamp":"2026-09-07T13:53:05.864159Z","level":"INFO","fields":{"message":"Concurrency control for download: Decreased concurrency from 1 to 1; reason: success ratio below threshold (connection struggling) (success_ratio = 1.000, threshold = 0.500)"},"filename":"D:\\a\\xet-core\\xet-core\\xet_client\\src\\cas_client\\adaptive_concurrency\\controller.rs","line_number":586}
{"timestamp":"2026-09-07T13:53:06.387967Z","level":"INFO","fields":{"message":"Concurrency control for download: Decreased concurrency from 1 to 1; reason: success ratio below threshold (connection struggling) (success_ratio = 1.000, threshold = 0.500)"},"filename":"D:\\a\\xet-core\\xet-core\\xet_client\\src\\cas_client\\adaptive_concurrency\\controller.rs","line_number":586}
{"timestamp":"2026-09-07T13:53:07.242094Z","level":"INFO","fields":{"message":"Concurrency control for download: Decreased concurrency from 1 to 1; reason: success ratio below threshold (connection struggling) (success_ratio = 1.000, threshold = 0.500)"},"filename":"D:\\a\\xet-core\\xet-core\\xet_client\\src\\cas_client\\adaptive_concurrency\\controller.rs","line_number":586}
{"timestamp":"2026-09-07T13:53:07.915395Z","level":"INFO","fields":{"message":"Concurrency control for download: Decreased concurrency from 1 to 1; reason: success ratio below threshold (connection struggling) (success_ratio = 1.000, threshold = 0.500)"},"filename":"D:\\a\\xet-core\\xet-core\\xet_client\\src\\cas_client\\adaptive_concurrency\\controller.rs","line_number":586}
{"timestamp":"2026-09-07T13:53:08.543703Z","level":"INFO","fields":{"message":"Concurrency control for download: Decreased concurrency from 1 to 1; reason: success ratio below threshold (connection struggling) (success_ratio = 1.000, threshold = 0.500)"},"filename":"D:\\a\\xet-core\\xet-core\\xet_client\\src\\cas_client\\adaptive_concurrency\\controller.rs","line_number":586}
{"timestamp":"2026-09-07T13:53:09.054552Z","level":"INFO","fields":{"message":"Concurrency control for download: Decreased concurrency from 1 to 1; reason: success ratio below threshold (connection struggling) (success_ratio = 1.000, threshold = 0.500)"},"filename":"D:\\a\\xet-core\\xet-core\\xet_client\\src\\cas_client\\adaptive_concurrency\\controller.rs","line_number":586}
{"timestamp":"2026-09-07T13:53:09.570445Z","level":"INFO","fields":{"message":"Concurrency control for download: Decreased concurrency from 1 to 1; reason: success ratio below threshold (connection struggling) (success_ratio = 1.000, threshold = 0.500)"},"filename":"D:\\a\\xet-core\\xet-core\\xet_client\\src\\cas_client\\adaptive_concurrency\\controller.rs","line_number":586}
{"timestamp":"2026-09-07T13:53:10.118581Z","level":"INFO","fields":{"message":"Concurrency control for download: Decreased concurrency from 1 to 1; reason: success ratio below threshold (connection struggling) (success_ratio = 1.000, threshold = 0.500)"},"filename":"D:\\a\\xet-core\\xet-core\\xet_client\\src\\cas_client\\adaptive_concurrency\\controller.rs","line_number":586}
{"timestamp":"2026-09-07T13:53:10.644531Z","level":"INFO","fields":{"message":"Concurrency control for download: Decreased concurrency from 1 to 1; reason: success ratio below threshold (connection struggling) (success_ratio = 1.000, threshold = 0.500)"},"filename":"D:\\a\\xet-core\\xet-core\\xet_client\\src\\cas_client\\adaptive_concurrency\\controller.rs","line_number":586}
{"timestamp":"2026-09-07T13:53:11.218593Z","level":"INFO","fields":{"message":"Concurrency control for download: Decreased concurrency from 1 to 1; reason: success ratio below threshold (connection struggling) (success_ratio = 1.000, threshold = 0.500)"},"filename":"D:\\a\\xet-core\\xet-core\\xet_client\\src\\cas_client\\adaptive_concurrency\\controller.rs","line_number":586}
{"timestamp":"2026-09-07T13:53:11.735899Z","level":"INFO","fields":{"message":"Concurrency control for download: Decreased concurrency from 1 to 1; reason: success ratio below threshold (connection struggling) (success_ratio = 1.000, threshold = 0.500)"},"filename":"D:\\a\\xet-core\\xet-core\\xet_client\\src\\cas_client\\adaptive_concurrency\\controller.rs","line_number":586}
{"timestamp":"2026-09-07T13:53:12.359413Z","level":"INFO","fields":{"message":"Concurrency control for download: Decreased concurrency from 1 to 1; reason: success ratio below threshold (connection struggling) (success_ratio = 1.000, threshold = 0.500)"},"filename":"D:\\a\\xet-core\\xet-core\\xet_client\\src\\cas_client\\adaptive_concurrency\\controller.rs","line_number":586}
{"timestamp":"2026-09-07T13:53:13.429838Z","level":"INFO","fields":{"message":"Concurrency control for download: Decreased concurrency from 1 to 1; reason: success ratio below threshold (connection struggling) (success_ratio = 1.000, threshold = 0.500)"},"filename":"D:\\a\\xet-core\\xet-core\\xet_client\\src\\cas_client\\adaptive_concurrency\\controller.rs","line_number":586}
{"timestamp":"2026-09-07T13:53:14.070904Z","level":"INFO","fields":{"message":"Concurrency control for download: Decreased concurrency from 1 to 1; reason: success ratio below threshold (connection struggling) (success_ratio = 1.000, threshold = 0.500)"},"filename":"D:\\a\\xet-core\\xet-core\\xet_client\\src\\cas_client\\adaptive_concurrency\\controller.rs","line_number":586}
{"timestamp":"2026-09-07T13:53:14.667871Z","level":"INFO","fields":{"message":"Concurrency control for download: Decreased concurrency from 1 to 1; reason: success ratio below threshold (connection struggling) (success_ratio = 1.000, threshold = 0.500)"},"filename":"D:\\a\\xet-core\\xet-core\\xet_client\\src\\cas_client\\adaptive_concurrency\\controller.rs","line_number":586}
{"timestamp":"2026-09-07T13:53:15.104898Z","level":"INFO","fields":{"message":"Concurrency control for download: Current concurrency = 1; predicted bandwidth = 48113; success_ratio = 1.000; reference_size = 61.0MB; observed bytes sent so far = 741750829; completed transmissions = 25"},"filename":"D:\\a\\xet-core\\xet-core\\xet_client\\src\\cas_client\\adaptive_concurrency\\controller.rs","line_number":602}
{"timestamp":"2026-09-07T13:53:15.319840Z","level":"INFO","fields":{"message":"Concurrency control for download: Decreased concurrency from 1 to 1; reason: success ratio below threshold (connection struggling) (success_ratio = 1.000, threshold = 0.500)"},"filename":"D:\\a\\xet-core\\xet-core\\xet_client\\src\\cas_client\\adaptive_concurrency\\controller.rs","line_number":586}
{"timestamp":"2026-09-07T13:53:15.823274Z","level":"INFO","fields":{"message":"Concurrency control for download: Decreased concurrency from 1 to 1; reason: success ratio below threshold (connection struggling) (success_ratio = 1.000, threshold = 0.500)"},"filename":"D:\\a\\xet-core\\xet-core\\xet_client\\src\\cas_client\\adaptive_concurrency\\controller.rs","line_number":586}
{"timestamp":"2026-09-07T13:53:16.346601Z","level":"INFO","fields":{"message":"Concurrency control for download: Decreased concurrency from 1 to 1; reason: success ratio below threshold (connection struggling) (success_ratio = 1.000, threshold = 0.500)"},"filename":"D:\\a\\xet-core\\xet-core\\xet_client\\src\\cas_client\\adaptive_concurrency\\controller.rs","line_number":586}
{"timestamp":"2026-09-07T13:53:16.907789Z","level":"INFO","fields":{"message":"Concurrency control for download: Decreased concurrency from 1 to 1; reason: success ratio below threshold (connection struggling) (success_ratio = 1.000, threshold = 0.500)"},"filename":"D:\\a\\xet-core\\xet-core\\xet_client\\src\\cas_client\\adaptive_concurrency\\controller.rs","line_number":586}
{"timestamp":"2026-09-07T13:53:17.430155Z","level":"INFO","fields":{"message":"Concurrency control for download: Decreased concurrency from 1 to 1; reason: success ratio below threshold (connection struggling) (success_ratio = 1.000, threshold = 0.500)"},"filename":"D:\\a\\xet-core\\xet-core\\xet_client\\src\\cas_client\\adaptive_concurrency\\controller.rs","line_number":586}
{"timestamp":"2026-09-07T13:53:18.018626Z","level":"INFO","fields":{"message":"Concurrency control for download: Decreased concurrency from 1 to 1; reason: success ratio below threshold (connection struggling) (success_ratio = 1.000, threshold = 0.500)"},"filename":"D:\\a\\xet-core\\xet-core\\xet_client\\src\\cas_client\\adaptive_concurrency\\controller.rs","line_number":586}
{"timestamp":"2026-09-07T13:53:18.580817Z","level":"INFO","fields":{"message":"Concurrency control for download: Decreased concurrency from 1 to 1; reason: success ratio below threshold (connection struggling) (success_ratio = 1.000, threshold = 0.500)"},"filename":"D:\\a\\xet-core\\xet-core\\xet_client\\src\\cas_client\\adaptive_concurrency\\controller.rs","line_number":586}
{"timestamp":"2026-09-07T13:53:19.110947Z","level":"INFO","fields":{"message":"Concurrency control for download: Decreased concurrency from 1 to 1; reason: success ratio below threshold (connection struggling) (success_ratio = 1.000, threshold = 0.500)"},"filename":"D:\\a\\xet-core\\xet-core\\xet_client\\src\\cas_client\\adaptive_concurrency\\controller.rs","line_number":586}
{"timestamp":"2026-09-07T13:53:19.633155Z","level":"INFO","fields":{"message":"Concurrency control for download: Decreased concurrency from 1 to 1; reason: success ratio below threshold (connection struggling) (success_ratio = 1.000, threshold = 0.500)"},"filename":"D:\\a\\xet-core\\xet-core\\xet_client\\src\\cas_client\\adaptive_concurrency\\controller.rs","line_number":586}
{"timestamp":"2026-09-07T13:53:20.247836Z","level":"INFO","fields":{"message":"Concurrency control for download: Decreased concurrency from 1 to 1; reason: success ratio below threshold (connection struggling) (success_ratio = 1.000, threshold = 0.500)"},"filename":"D:\\a\\xet-core\\xet-core\\xet_client\\src\\cas_client\\adaptive_concurrency\\controller.rs","line_number":586}
{"timestamp":"2026-09-07T13:53:20.760820Z","level":"INFO","fields":{"message":"Concurrency control for download: Decreased concurrency from 1 to 1; reason: success ratio below threshold (connection struggling) (success_ratio = 1.000, threshold = 0.500)"},"filename":"D:\\a\\xet-core\\xet-core\\xet_client\\src\\cas_client\\adaptive_concurrency\\controller.rs","line_number":586}
{"timestamp":"2026-09-07T13:53:21.311833Z","level":"INFO","fields":{"message":"Concurrency control for download: Decreased concurrency from 1 to 1; reason: success ratio below threshold (connection struggling) (success_ratio = 1.000, threshold = 0.500)"},"filename":"D:\\a\\xet-core\\xet-core\\xet_client\\src\\cas_client\\adaptive_concurrency\\controller.rs","line_number":586}
{"timestamp":"2026-09-07T13:53:21.863657Z","level":"INFO","fields":{"message":"Concurrency control for download: Decreased concurrency from 1 to 1; reason: success ratio below threshold (connection struggling) (success_ratio = 1.000, threshold = 0.500)"},"filename":"D:\\a\\xet-core\\xet-core\\xet_client\\src\\cas_client\\adaptive_concurrency\\controller.rs","line_number":586}
{"timestamp":"2026-09-07T13:53:22.423452Z","level":"INFO","fields":{"message":"Concurrency control for download: Decreased concurrency from 1 to 1; reason: success ratio below threshold (connection struggling) (success_ratio = 1.000, threshold = 0.500)"},"filename":"D:\\a\\xet-core\\xet-core\\xet_client\\src\\cas_client\\adaptive_concurrency\\controller.rs","line_number":586}
{"timestamp":"2026-09-07T13:53:22.993489Z","level":"INFO","fields":{"message":"Concurrency control for download: Decreased concurrency from 1 to 1; reason: success ratio below threshold (connection struggling) (success_ratio = 1.000, threshold = 0.500)"},"filename":"D:\\a\\xet-core\\xet-core\\xet_client\\src\\cas_client\\adaptive_concurrency\\controller.rs","line_number":586}
{"timestamp":"2026-09-07T13:53:23.519904Z","level":"INFO","fields":{"message":"Concurrency control for download: Decreased concurrency from 1 to 1; reason: success ratio below threshold (connection struggling) (success_ratio = 1.000, threshold = 0.500)"},"filename":"D:\\a\\xet-core\\xet-core\\xet_client\\src\\cas_client\\adaptive_concurrency\\controller.rs","line_number":586}
{"timestamp":"2026-09-07T13:53:24.114415Z","level":"INFO","fields":{"message":"Concurrency control for download: Decreased concurrency from 1 to 1; reason: success ratio below threshold (connection struggling) (success_ratio = 1.000, threshold = 0.500)"},"filename":"D:\\a\\xet-core\\xet-core\\xet_client\\src\\cas_client\\adaptive_concurrency\\controller.rs","line_number":586}
{"timestamp":"2026-09-07T13:53:24.697365Z","level":"INFO","fields":{"message":"Concurrency control for download: Decreased concurrency from 1 to 1; reason: success ratio below threshold (connection struggling) (success_ratio = 1.000, threshold = 0.500)"},"filename":"D:\\a\\xet-core\\xet-core\\xet_client\\src\\cas_client\\adaptive_concurrency\\controller.rs","line_number":586}
{"timestamp":"2026-09-07T13:53:25.311309Z","level":"INFO","fields":{"message":"Concurrency control for download: Decreased concurrency from 1 to 1; reason: success ratio below threshold (connection struggling) (success_ratio = 1.000, threshold = 0.500)"},"filename":"D:\\a\\xet-core\\xet-core\\xet_client\\src\\cas_client\\adaptive_concurrency\\controller.rs","line_number":586}
{"timestamp":"2026-09-07T13:53:25.311377Z","level":"INFO","fields":{"message":"Concurrency control for download: Current concurrency = 1; predicted bandwidth = 45631; success_ratio = 1.000; reference_size = 61.0MB; observed bytes sent so far = 749120307; completed transmissions = 25"},"filename":"D:\\a\\xet-core\\xet-core\\xet_client\\src\\cas_client\\adaptive_concurrency\\controller.rs","line_number":602}
{"timestamp":"2026-09-07T13:53:25.840667Z","level":"INFO","fields":{"message":"Concurrency control for download: Decreased concurrency from 1 to 1; reason: success ratio below threshold (connection struggling) (success_ratio = 1.000, threshold = 0.500)"},"filename":"D:\\a\\xet-core\\xet-core\\xet_client\\src\\cas_client\\adaptive_concurrency\\controller.rs","line_number":586}
{"timestamp":"2026-09-07T13:53:26.553278Z","level":"INFO","fields":{"message":"Concurrency control for download: Decreased concurrency from 1 to 1; reason: success ratio below threshold (connection struggling) (success_ratio = 1.000, threshold = 0.500)"},"filename":"D:\\a\\xet-core\\xet-core\\xet_client\\src\\cas_client\\adaptive_concurrency\\controller.rs","line_number":586}
{"timestamp":"2026-09-07T13:53:27.105838Z","level":"INFO","fields":{"message":"Concurrency control for download: Decreased concurrency from 1 to 1; reason: success ratio below threshold (connection struggling) (success_ratio = 1.000, threshold = 0.500)"},"filename":"D:\\a\\xet-core\\xet-core\\xet_client\\src\\cas_client\\adaptive_concurrency\\controller.rs","line_number":586}
{"timestamp":"2026-09-07T13:53:27.627092Z","level":"INFO","fields":{"message":"Concurrency control for download: Decreased concurrency from 1 to 1; reason: success ratio below threshold (connection struggling) (success_ratio = 1.000, threshold = 0.500)"},"filename":"D:\\a\\xet-core\\xet-core\\xet_client\\src\\cas_client\\adaptive_concurrency\\controller.rs","line_number":586}
{"timestamp":"2026-09-07T13:53:28.160947Z","level":"INFO","fields":{"message":"Concurrency control for download: Decreased concurrency from 1 to 1; reason: success ratio below threshold (connection struggling) (success_ratio = 1.000, threshold = 0.500)"},"filename":"D:\\a\\xet-core\\xet-core\\xet_client\\src\\cas_client\\adaptive_concurrency\\controller.rs","line_number":586}
{"timestamp":"2026-09-07T13:53:28.703373Z","level":"INFO","fields":{"message":"Concurrency control for download: Decreased concurrency from 1 to 1; reason: success ratio below threshold (connection struggling) (success_ratio = 1.000, threshold = 0.500)"},"filename":"D:\\a\\xet-core\\xet-core\\xet_client\\src\\cas_client\\adaptive_concurrency\\controller.rs","line_number":586}
{"timestamp":"2026-09-07T13:53:29.307193Z","level":"INFO","fields":{"message":"Concurrency control for download: Decreased concurrency from 1 to 1; reason: success ratio below threshold (connection struggling) (success_ratio = 1.000, threshold = 0.500)"},"filename":"D:\\a\\xet-core\\xet-core\\xet_client\\src\\cas_client\\adaptive_concurrency\\controller.rs","line_number":586}
{"timestamp":"2026-09-07T13:53:29.853349Z","level":"INFO","fields":{"message":"Concurrency control for download: Decreased concurrency from 1 to 1; reason: success ratio below threshold (connection struggling) (success_ratio = 1.000, threshold = 0.500)"},"filename":"D:\\a\\xet-core\\xet-core\\xet_client\\src\\cas_client\\adaptive_concurrency\\controller.rs","line_number":586}
{"timestamp":"2026-09-07T13:53:30.552628Z","level":"INFO","fields":{"message":"Concurrency control for download: Decreased concurrency from 1 to 1; reason: success ratio below threshold (connection struggling) (success_ratio = 1.000, threshold = 0.500)"},"filename":"D:\\a\\xet-core\\xet-core\\xet_client\\src\\cas_client\\adaptive_concurrency\\controller.rs","line_number":586}
{"timestamp":"2026-09-07T13:53:31.222113Z","level":"INFO","fields":{"message":"Concurrency control for download: Decreased concurrency from 1 to 1; reason: success ratio below threshold (connection struggling) (success_ratio = 1.000, threshold = 0.500)"},"filename":"D:\\a\\xet-core\\xet-core\\xet_client\\src\\cas_client\\adaptive_concurrency\\controller.rs","line_number":586}
{"timestamp":"2026-09-07T13:53:31.733310Z","level":"INFO","fields":{"message":"Concurrency control for download: Decreased concurrency from 1 to 1; reason: success ratio below threshold (connection struggling) (success_ratio = 1.000, threshold = 0.500)"},"filename":"D:\\a\\xet-core\\xet-core\\xet_client\\src\\cas_client\\adaptive_concurrency\\controller.rs","line_number":586}
{"timestamp":"2026-09-07T13:53:32.387695Z","level":"INFO","fields":{"message":"Concurrency control for download: Decreased concurrency from 1 to 1; reason: success ratio below threshold (connection struggling) (success_ratio = 1.000, threshold = 0.500)"},"filename":"D:\\a\\xet-core\\xet-core\\xet_client\\src\\cas_client\\adaptive_concurrency\\controller.rs","line_number":586}
{"timestamp":"2026-09-07T13:53:33.139148Z","level":"INFO","fields":{"message":"Concurrency control for download: Decreased concurrency from 1 to 1; reason: success ratio below threshold (connection struggling) (success_ratio = 1.000, threshold = 0.500)"},"filename":"D:\\a\\xet-core\\xet-core\\xet_client\\src\\cas_client\\adaptive_concurrency\\controller.rs","line_number":586}
{"timestamp":"2026-09-07T13:53:33.684075Z","level":"INFO","fields":{"message":"Concurrency control for download: Decreased concurrency from 1 to 1; reason: success ratio below threshold (connection struggling) (success_ratio = 1.000, threshold = 0.500)"},"filename":"D:\\a\\xet-core\\xet-core\\xet_client\\src\\cas_client\\adaptive_concurrency\\controller.rs","line_number":586}
{"timestamp":"2026-09-07T13:53:34.306399Z","level":"INFO","fields":{"message":"Concurrency control for download: Decreased concurrency from 1 to 1; reason: success ratio below threshold (connection struggling) (success_ratio = 1.000, threshold = 0.500)"},"filename":"D:\\a\\xet-core\\xet-core\\xet_client\\src\\cas_client\\adaptive_concurrency\\controller.rs","line_number":586}
{"timestamp":"2026-09-07T13:53:34.817643Z","level":"INFO","fields":{"message":"Concurrency control for download: Decreased concurrency from 1 to 1; reason: success ratio below threshold (connection struggling) (success_ratio = 1.000, threshold = 0.500)"},"filename":"D:\\a\\xet-core\\xet-core\\xet_client\\src\\cas_client\\adaptive_concurrency\\controller.rs","line_number":586}
{"timestamp":"2026-09-07T13:53:35.433024Z","level":"INFO","fields":{"message":"Concurrency control for download: Decreased concurrency from 1 to 1; reason: success ratio below threshold (connection struggling) (success_ratio = 1.000, threshold = 0.500)"},"filename":"D:\\a\\xet-core\\xet-core\\xet_client\\src\\cas_client\\adaptive_concurrency\\controller.rs","line_number":586}
{"timestamp":"2026-09-07T13:53:35.433048Z","level":"INFO","fields":{"message":"Concurrency control for download: Current concurrency = 1; predicted bandwidth = 43730; success_ratio = 1.000; reference_size = 61.0MB; observed bytes sent so far = 756165427; completed transmissions = 25"},"filename":"D:\\a\\xet-core\\xet-core\\xet_client\\src\\cas_client\\adaptive_concurrency\\controller.rs","line_number":602}
{"timestamp":"2026-09-07T13:53:35.976543Z","level":"INFO","fields":{"message":"Concurrency control for download: Decreased concurrency from 1 to 1; reason: success ratio below threshold (connection struggling) (success_ratio = 1.000, threshold = 0.500)"},"filename":"D:\\a\\xet-core\\xet-core\\xet_client\\src\\cas_client\\adaptive_concurrency\\controller.rs","line_number":586}
{"timestamp":"2026-09-07T13:53:36.520318Z","level":"INFO","fields":{"message":"Concurrency control for download: Decreased concurrency from 1 to 1; reason: success ratio below threshold (connection struggling) (success_ratio = 1.000, threshold = 0.500)"},"filename":"D:\\a\\xet-core\\xet-core\\xet_client\\src\\cas_client\\adaptive_concurrency\\controller.rs","line_number":586}
{"timestamp":"2026-09-07T13:53:37.174295Z","level":"INFO","fields":{"message":"Concurrency control for download: Decreased concurrency from 1 to 1; reason: success ratio below threshold (connection struggling) (success_ratio = 1.000, threshold = 0.500)"},"filename":"D:\\a\\xet-core\\xet-core\\xet_client\\src\\cas_client\\adaptive_concurrency\\controller.rs","line_number":586}
{"timestamp":"2026-09-07T13:53:37.877049Z","level":"INFO","fields":{"message":"Concurrency control for download: Decreased concurrency from 1 to 1; reason: success ratio below threshold (connection struggling) (success_ratio = 1.000, threshold = 0.500)"},"filename":"D:\\a\\xet-core\\xet-core\\xet_client\\src\\cas_client\\adaptive_concurrency\\controller.rs","line_number":586}
{"timestamp":"2026-09-07T13:53:38.379975Z","level":"INFO","fields":{"message":"Concurrency control for download: Decreased concurrency from 1 to 1; reason: success ratio below threshold (connection struggling) (success_ratio = 1.000, threshold = 0.500)"},"filename":"D:\\a\\xet-core\\xet-core\\xet_client\\src\\cas_client\\adaptive_concurrency\\controller.rs","line_number":586}
{"timestamp":"2026-09-07T13:53:38.996049Z","level":"INFO","fields":{"message":"Concurrency control for download: Decreased concurrency from 1 to 1; reason: success ratio below threshold (connection struggling) (success_ratio = 1.000, threshold = 0.500)"},"filename":"D:\\a\\xet-core\\xet-core\\xet_client\\src\\cas_client\\adaptive_concurrency\\controller.rs","line_number":586}
{"timestamp":"2026-09-07T13:53:39.502106Z","level":"INFO","fields":{"message":"Concurrency control for download: Decreased concurrency from 1 to 1; reason: success ratio below threshold (connection struggling) (success_ratio = 1.000, threshold = 0.500)"},"filename":"D:\\a\\xet-core\\xet-core\\xet_client\\src\\cas_client\\adaptive_concurrency\\controller.rs","line_number":586}
{"timestamp":"2026-09-07T13:53:40.062099Z","level":"INFO","fields":{"message":"Concurrency control for download: Decreased concurrency from 1 to 1; reason: success ratio below threshold (connection struggling) (success_ratio = 1.000, threshold = 0.500)"},"filename":"D:\\a\\xet-core\\xet-core\\xet_client\\src\\cas_client\\adaptive_concurrency\\controller.rs","line_number":586}
{"timestamp":"2026-09-07T13:53:41.024493Z","level":"INFO","fields":{"message":"Concurrency control for download: Decreased concurrency from 1 to 1; reason: success ratio below threshold (connection struggling) (success_ratio = 1.000, threshold = 0.500)"},"filename":"D:\\a\\xet-core\\xet-core\\xet_client\\src\\cas_client\\adaptive_concurrency\\controller.rs","line_number":586}
{"timestamp":"2026-09-07T13:53:41.540170Z","level":"INFO","fields":{"message":"Concurrency control for download: Decreased concurrency from 1 to 1; reason: success ratio below threshold (connection struggling) (success_ratio = 1.000, threshold = 0.500)"},"filename":"D:\\a\\xet-core\\xet-core\\xet_client\\src\\cas_client\\adaptive_concurrency\\controller.rs","line_number":586}
{"timestamp":"2026-09-07T13:53:42.093761Z","level":"INFO","fields":{"message":"Concurrency control for download: Decreased concurrency from 1 to 1; reason: success ratio below threshold (connection struggling) (success_ratio = 1.000, threshold = 0.500)"},"filename":"D:\\a\\xet-core\\xet-core\\xet_client\\src\\cas_client\\adaptive_concurrency\\controller.rs","line_number":586}
{"timestamp":"2026-09-07T13:53:42.615383Z","level":"INFO","fields":{"message":"Concurrency control for download: Decreased concurrency from 1 to 1; reason: success ratio below threshold (connection struggling) (success_ratio = 1.000, threshold = 0.500)"},"filename":"D:\\a\\xet-core\\xet-core\\xet_client\\src\\cas_client\\adaptive_concurrency\\controller.rs","line_number":586}
{"timestamp":"2026-09-07T13:53:43.246818Z","level":"INFO","fields":{"message":"Concurrency control for download: Decreased concurrency from 1 to 1; reason: success ratio below threshold (connection struggling) (success_ratio = 1.000, threshold = 0.500)"},"filename":"D:\\a\\xet-core\\xet-core\\xet_client\\src\\cas_client\\adaptive_concurrency\\controller.rs","line_number":586}
{"timestamp":"2026-09-07T13:53:44.013654Z","level":"INFO","fields":{"message":"Concurrency control for download: Decreased concurrency from 1 to 1; reason: success ratio below threshold (connection struggling) (success_ratio = 1.000, threshold = 0.500)"},"filename":"D:\\a\\xet-core\\xet-core\\xet_client\\src\\cas_client\\adaptive_concurrency\\controller.rs","line_number":586}
{"timestamp":"2026-09-07T13:53:44.607059Z","level":"INFO","fields":{"message":"Concurrency control for download: Decreased concurrency from 1 to 1; reason: success ratio below threshold (connection struggling) (success_ratio = 1.000, threshold = 0.500)"},"filename":"D:\\a\\xet-core\\xet-core\\xet_client\\src\\cas_client\\adaptive_concurrency\\controller.rs","line_number":586}
{"timestamp":"2026-09-07T13:53:45.521048Z","level":"INFO","fields":{"message":"Concurrency control for download: Decreased concurrency from 1 to 1; reason: success ratio below threshold (connection struggling) (success_ratio = 1.000, threshold = 0.500)"},"filename":"D:\\a\\xet-core\\xet-core\\xet_client\\src\\cas_client\\adaptive_concurrency\\controller.rs","line_number":586}
{"timestamp":"2026-09-07T13:53:45.521121Z","level":"INFO","fields":{"message":"Concurrency control for download: Current concurrency = 1; predicted bandwidth = 43549; success_ratio = 1.000; reference_size = 61.0MB; observed bytes sent so far = 762489651; completed transmissions = 25"},"filename":"D:\\a\\xet-core\\xet-core\\xet_client\\src\\cas_client\\adaptive_concurrency\\controller.rs","line_number":602}
{"timestamp":"2026-09-07T13:53:46.031220Z","level":"INFO","fields":{"message":"Concurrency control for download: Decreased concurrency from 1 to 1; reason: success ratio below threshold (connection struggling) (success_ratio = 1.000, threshold = 0.500)"},"filename":"D:\\a\\xet-core\\xet-core\\xet_client\\src\\cas_client\\adaptive_concurrency\\controller.rs","line_number":586}
{"timestamp":"2026-09-07T13:53:46.603837Z","level":"INFO","fields":{"message":"Concurrency control for download: Decreased concurrency from 1 to 1; reason: success ratio below threshold (connection struggling) (success_ratio = 1.000, threshold = 0.500)"},"filename":"D:\\a\\xet-core\\xet-core\\xet_client\\src\\cas_client\\adaptive_concurrency\\controller.rs","line_number":586}
{"timestamp":"2026-09-07T13:53:47.376658Z","level":"INFO","fields":{"message":"Concurrency control for download: Decreased concurrency from 1 to 1; reason: success ratio below threshold (connection struggling) (success_ratio = 1.000, threshold = 0.500)"},"filename":"D:\\a\\xet-core\\xet-core\\xet_client\\src\\cas_client\\adaptive_concurrency\\controller.rs","line_number":586}
{"timestamp":"2026-09-07T13:53:47.974892Z","level":"INFO","fields":{"message":"Concurrency control for download: Decreased concurrency from 1 to 1; reason: success ratio below threshold (connection struggling) (success_ratio = 1.000, threshold = 0.500)"},"filename":"D:\\a\\xet-core\\xet-core\\xet_client\\src\\cas_client\\adaptive_concurrency\\controller.rs","line_number":586}
{"timestamp":"2026-09-07T13:53:48.514093Z","level":"INFO","fields":{"message":"Concurrency control for download: Decreased concurrency from 1 to 1; reason: success ratio below threshold (connection struggling) (success_ratio = 1.000, threshold = 0.500)"},"filename":"D:\\a\\xet-core\\xet-core\\xet_client\\src\\cas_client\\adaptive_concurrency\\controller.rs","line_number":586}
{"timestamp":"2026-09-07T13:53:49.046070Z","level":"INFO","fields":{"message":"Concurrency control for download: Decreased concurrency from 1 to 1; reason: success ratio below threshold (connection struggling) (success_ratio = 1.000, threshold = 0.500)"},"filename":"D:\\a\\xet-core\\xet-core\\xet_client\\src\\cas_client\\adaptive_concurrency\\controller.rs","line_number":586}
{"timestamp":"2026-09-07T13:53:49.674316Z","level":"INFO","fields":{"message":"Concurrency control for download: Decreased concurrency from 1 to 1; reason: success ratio below threshold (connection struggling) (success_ratio = 1.000, threshold = 0.500)"},"filename":"D:\\a\\xet-core\\xet-core\\xet_client\\src\\cas_client\\adaptive_concurrency\\controller.rs","line_number":586}
{"timestamp":"2026-09-07T13:53:50.383141Z","level":"INFO","fields":{"message":"Concurrency control for download: Decreased concurrency from 1 to 1; reason: success ratio below threshold (connection struggling) (success_ratio = 1.000, threshold = 0.500)"},"filename":"D:\\a\\xet-core\\xet-core\\xet_client\\src\\cas_client\\adaptive_concurrency\\controller.rs","line_number":586}
{"timestamp":"2026-09-07T13:53:50.999537Z","level":"INFO","fields":{"message":"Concurrency control for download: Decreased concurrency from 1 to 1; reason: success ratio below threshold (connection struggling) (success_ratio = 1.000, threshold = 0.500)"},"filename":"D:\\a\\xet-core\\xet-core\\xet_client\\src\\cas_client\\adaptive_concurrency\\controller.rs","line_number":586}
{"timestamp":"2026-09-07T13:53:51.501604Z","level":"INFO","fields":{"message":"Concurrency control for download: Decreased concurrency from 1 to 1; reason: success ratio below threshold (connection struggling) (success_ratio = 1.000, threshold = 0.500)"},"filename":"D:\\a\\xet-core\\xet-core\\xet_client\\src\\cas_client\\adaptive_concurrency\\controller.rs","line_number":586}
{"timestamp":"2026-09-07T13:53:52.236214Z","level":"INFO","fields":{"message":"Concurrency control for download: Decreased concurrency from 1 to 1; reason: success ratio below threshold (connection struggling) (success_ratio = 1.000, threshold = 0.500)"},"filename":"D:\\a\\xet-core\\xet-core\\xet_client\\src\\cas_client\\adaptive_concurrency\\controller.rs","line_number":586}
{"timestamp":"2026-09-07T13:53:52.850754Z","level":"INFO","fields":{"message":"Concurrency control for download: Decreased concurrency from 1 to 1; reason: success ratio below threshold (connection struggling) (success_ratio = 1.000, threshold = 0.500)"},"filename":"D:\\a\\xet-core\\xet-core\\xet_client\\src\\cas_client\\adaptive_concurrency\\controller.rs","line_number":586}
{"timestamp":"2026-09-07T13:53:53.383736Z","level":"INFO","fields":{"message":"Concurrency control for download: Decreased concurrency from 1 to 1; reason: success ratio below threshold (connection struggling) (success_ratio = 1.000, threshold = 0.500)"},"filename":"D:\\a\\xet-core\\xet-core\\xet_client\\src\\cas_client\\adaptive_concurrency\\controller.rs","line_number":586}
{"timestamp":"2026-09-07T13:53:53.938909Z","level":"INFO","fields":{"message":"Concurrency control for download: Decreased concurrency from 1 to 1; reason: success ratio below threshold (connection struggling) (success_ratio = 1.000, threshold = 0.500)"},"filename":"D:\\a\\xet-core\\xet-core\\xet_client\\src\\cas_client\\adaptive_concurrency\\controller.rs","line_number":586}
{"timestamp":"2026-09-07T13:53:54.466108Z","level":"INFO","fields":{"message":"Concurrency control for download: Decreased concurrency from 1 to 1; reason: success ratio below threshold (connection struggling) (success_ratio = 1.000, threshold = 0.500)"},"filename":"D:\\a\\xet-core\\xet-core\\xet_client\\src\\cas_client\\adaptive_concurrency\\controller.rs","line_number":586}
{"timestamp":"2026-09-07T13:53:55.029679Z","level":"INFO","fields":{"message":"Concurrency control for download: Decreased concurrency from 1 to 1; reason: success ratio below threshold (connection struggling) (success_ratio = 1.000, threshold = 0.500)"},"filename":"D:\\a\\xet-core\\xet-core\\xet_client\\src\\cas_client\\adaptive_concurrency\\controller.rs","line_number":586}
{"timestamp":"2026-09-07T13:53:55.549297Z","level":"INFO","fields":{"message":"Concurrency control for download: Decreased concurrency from 1 to 1; reason: success ratio below threshold (connection struggling) (success_ratio = 1.000, threshold = 0.500)"},"filename":"D:\\a\\xet-core\\xet-core\\xet_client\\src\\cas_client\\adaptive_concurrency\\controller.rs","line_number":586}
{"timestamp":"2026-09-07T13:53:55.549361Z","level":"INFO","fields":{"message":"Concurrency control for download: Current concurrency = 1; predicted bandwidth = 39784; success_ratio = 1.000; reference_size = 61.0MB; observed bytes sent so far = 770266005; completed transmissions = 25"},"filename":"D:\\a\\xet-core\\xet-core\\xet_client\\src\\cas_client\\adaptive_concurrency\\controller.rs","line_number":602}
{"timestamp":"2026-09-07T13:53:56.475644Z","level":"INFO","fields":{"message":"Concurrency control for download: Decreased concurrency from 1 to 1; reason: success ratio below threshold (connection struggling) (success_ratio = 1.000, threshold = 0.500)"},"filename":"D:\\a\\xet-core\\xet-core\\xet_client\\src\\cas_client\\adaptive_concurrency\\controller.rs","line_number":586}
{"timestamp":"2026-09-07T13:53:57.024781Z","level":"INFO","fields":{"message":"Concurrency control for download: Decreased concurrency from 1 to 1; reason: success ratio below threshold (connection struggling) (success_ratio = 1.000, threshold = 0.500)"},"filename":"D:\\a\\xet-core\\xet-core\\xet_client\\src\\cas_client\\adaptive_concurrency\\controller.rs","line_number":586}
{"timestamp":"2026-09-07T13:53:57.623907Z","level":"INFO","fields":{"message":"Concurrency control for download: Decreased concurrency from 1 to 1; reason: success ratio below threshold (connection struggling) (success_ratio = 1.000, threshold = 0.500)"},"filename":"D:\\a\\xet-core\\xet-core\\xet_client\\src\\cas_client\\adaptive_concurrency\\controller.rs","line_number":586}
{"timestamp":"2026-09-07T13:53:58.377908Z","level":"INFO","fields":{"message":"Concurrency control for download: Decreased concurrency from 1 to 1; reason: success ratio below threshold (connection struggling) (success_ratio = 1.000, threshold = 0.500)"},"filename":"D:\\a\\xet-core\\xet-core\\xet_client\\src\\cas_client\\adaptive_concurrency\\controller.rs","line_number":586}
{"timestamp":"2026-09-07T13:53:58.915230Z","level":"INFO","fields":{"message":"Concurrency control for download: Decreased concurrency from 1 to 1; reason: success ratio below threshold (connection struggling) (success_ratio = 1.000, threshold = 0.500)"},"filename":"D:\\a\\xet-core\\xet-core\\xet_client\\src\\cas_client\\adaptive_concurrency\\controller.rs","line_number":586}
{"timestamp":"2026-09-07T13:53:59.473259Z","level":"INFO","fields":{"message":"Concurrency control for download: Decreased concurrency from 1 to 1; reason: success ratio below threshold (connection struggling) (success_ratio = 1.000, threshold = 0.500)"},"filename":"D:\\a\\xet-core\\xet-core\\xet_client\\src\\cas_client\\adaptive_concurrency\\controller.rs","line_number":586}
{"timestamp":"2026-09-07T13:54:00.375194Z","level":"INFO","fields":{"message":"Concurrency control for download: Decreased concurrency from 1 to 1; reason: success ratio below threshold (connection struggling) (success_ratio = 1.000, threshold = 0.500)"},"filename":"D:\\a\\xet-core\\xet-core\\xet_client\\src\\cas_client\\adaptive_concurrency\\controller.rs","line_number":586}
{"timestamp":"2026-09-07T13:54:01.300066Z","level":"INFO","fields":{"message":"Concurrency control for download: Decreased concurrency from 1 to 1; reason: success ratio below threshold (connection struggling) (success_ratio = 1.000, threshold = 0.500)"},"filename":"D:\\a\\xet-core\\xet-core\\xet_client\\src\\cas_client\\adaptive_concurrency\\controller.rs","line_number":586}
{"timestamp":"2026-09-07T13:54:01.801194Z","level":"INFO","fields":{"message":"Concurrency control for download: Decreased concurrency from 1 to 1; reason: success ratio below threshold (connection struggling) (success_ratio = 1.000, threshold = 0.500)"},"filename":"D:\\a\\xet-core\\xet-core\\xet_client\\src\\cas_client\\adaptive_concurrency\\controller.rs","line_number":586}
{"timestamp":"2026-09-07T13:54:02.302134Z","level":"INFO","fields":{"message":"Concurrency control for download: Decreased concurrency from 1 to 1; reason: success ratio below threshold (connection struggling) (success_ratio = 1.000, threshold = 0.500)"},"filename":"D:\\a\\xet-core\\xet-core\\xet_client\\src\\cas_client\\adaptive_concurrency\\controller.rs","line_number":586}
{"timestamp":"2026-09-07T13:54:03.083618Z","level":"INFO","fields":{"message":"Concurrency control for download: Decreased concurrency from 1 to 1; reason: success ratio below threshold (connection struggling) (success_ratio = 1.000, threshold = 0.500)"},"filename":"D:\\a\\xet-core\\xet-core\\xet_client\\src\\cas_client\\adaptive_concurrency\\controller.rs","line_number":586}
{"timestamp":"2026-09-07T13:54:03.795622Z","level":"INFO","fields":{"message":"Concurrency control for download: Decreased concurrency from 1 to 1; reason: success ratio below threshold (connection struggling) (success_ratio = 1.000, threshold = 0.500)"},"filename":"D:\\a\\xet-core\\xet-core\\xet_client\\src\\cas_client\\adaptive_concurrency\\controller.rs","line_number":586}
{"timestamp":"2026-09-07T13:54:04.915568Z","level":"INFO","fields":{"message":"Concurrency control for download: Decreased concurrency from 1 to 1; reason: success ratio below threshold (connection struggling) (success_ratio = 1.000, threshold = 0.500)"},"filename":"D:\\a\\xet-core\\xet-core\\xet_client\\src\\cas_client\\adaptive_concurrency\\controller.rs","line_number":586}
{"timestamp":"2026-09-07T13:54:05.447979Z","level":"INFO","fields":{"message":"Concurrency control for download: Decreased concurrency from 1 to 1; reason: success ratio below threshold (connection struggling) (success_ratio = 1.000, threshold = 0.500)"},"filename":"D:\\a\\xet-core\\xet-core\\xet_client\\src\\cas_client\\adaptive_concurrency\\controller.rs","line_number":586}
{"timestamp":"2026-09-07T13:54:05.603613Z","level":"INFO","fields":{"message":"Concurrency control for download: Current concurrency = 1; predicted bandwidth = 38805; success_ratio = 1.000; reference_size = 61.0MB; observed bytes sent so far = 775990067; completed transmissions = 25"},"filename":"D:\\a\\xet-core\\xet-core\\xet_client\\src\\cas_client\\adaptive_concurrency\\controller.rs","line_number":602}
{"timestamp":"2026-09-07T13:54:06.045041Z","level":"INFO","fields":{"message":"Concurrency control for download: Decreased concurrency from 1 to 1; reason: success ratio below threshold (connection struggling) (success_ratio = 1.000, threshold = 0.500)"},"filename":"D:\\a\\xet-core\\xet-core\\xet_client\\src\\cas_client\\adaptive_concurrency\\controller.rs","line_number":586}
{"timestamp":"2026-09-07T13:54:06.571917Z","level":"INFO","fields":{"message":"Concurrency control for download: Decreased concurrency from 1 to 1; reason: success ratio below threshold (connection struggling) (success_ratio = 1.000, threshold = 0.500)"},"filename":"D:\\a\\xet-core\\xet-core\\xet_client\\src\\cas_client\\adaptive_concurrency\\controller.rs","line_number":586}
{"timestamp":"2026-09-07T13:54:07.084799Z","level":"INFO","fields":{"message":"Concurrency control for download: Decreased concurrency from 1 to 1; reason: success ratio below threshold (connection struggling) (success_ratio = 1.000, threshold = 0.500)"},"filename":"D:\\a\\xet-core\\xet-core\\xet_client\\src\\cas_client\\adaptive_concurrency\\controller.rs","line_number":586}
{"timestamp":"2026-09-07T13:54:07.600094Z","level":"INFO","fields":{"message":"Concurrency control for download: Decreased concurrency from 1 to 1; reason: success ratio below threshold (connection struggling) (success_ratio = 1.000, threshold = 0.500)"},"filename":"D:\\a\\xet-core\\xet-core\\xet_client\\src\\cas_client\\adaptive_concurrency\\controller.rs","line_number":586}
{"timestamp":"2026-09-07T13:54:08.106310Z","level":"INFO","fields":{"message":"Concurrency control for download: Decreased concurrency from 1 to 1; reason: success ratio below threshold (connection struggling) (success_ratio = 1.000, threshold = 0.500)"},"filename":"D:\\a\\xet-core\\xet-core\\xet_client\\src\\cas_client\\adaptive_concurrency\\controller.rs","line_number":586}
{"timestamp":"2026-09-07T13:54:08.637229Z","level":"INFO","fields":{"message":"Concurrency control for download: Decreased concurrency from 1 to 1; reason: success ratio below threshold (connection struggling) (success_ratio = 1.000, threshold = 0.500)"},"filename":"D:\\a\\xet-core\\xet-core\\xet_client\\src\\cas_client\\adaptive_concurrency\\controller.rs","line_number":586}
{"timestamp":"2026-09-07T13:54:09.185941Z","level":"INFO","fields":{"message":"Concurrency control for download: Decreased concurrency from 1 to 1; reason: success ratio below threshold (connection struggling) (success_ratio = 1.000, threshold = 0.500)"},"filename":"D:\\a\\xet-core\\xet-core\\xet_client\\src\\cas_client\\adaptive_concurrency\\controller.rs","line_number":586}
{"timestamp":"2026-09-07T13:54:09.735679Z","level":"INFO","fields":{"message":"Concurrency control for download: Decreased concurrency from 1 to 1; reason: success ratio below threshold (connection struggling) (success_ratio = 1.000, threshold = 0.500)"},"filename":"D:\\a\\xet-core\\xet-core\\xet_client\\src\\cas_client\\adaptive_concurrency\\controller.rs","line_number":586}
{"timestamp":"2026-09-07T13:54:10.382905Z","level":"INFO","fields":{"message":"Concurrency control for download: Decreased concurrency from 1 to 1; reason: success ratio below threshold (connection struggling) (success_ratio = 1.000, threshold = 0.500)"},"filename":"D:\\a\\xet-core\\xet-core\\xet_client\\src\\cas_client\\adaptive_concurrency\\controller.rs","line_number":586}
{"timestamp":"2026-09-07T13:54:10.902998Z","level":"INFO","fields":{"message":"Concurrency control for download: Decreased concurrency from 1 to 1; reason: success ratio below threshold (connection struggling) (success_ratio = 1.000, threshold = 0.500)"},"filename":"D:\\a\\xet-core\\xet-core\\xet_client\\src\\cas_client\\adaptive_concurrency\\controller.rs","line_number":586}
{"timestamp":"2026-09-07T13:54:11.503154Z","level":"INFO","fields":{"message":"Concurrency control for download: Decreased concurrency from 1 to 1; reason: success ratio below threshold (connection struggling) (success_ratio = 1.000, threshold = 0.500)"},"filename":"D:\\a\\xet-core\\xet-core\\xet_client\\src\\cas_client\\adaptive_concurrency\\controller.rs","line_number":586}
{"timestamp":"2026-09-07T13:54:12.138804Z","level":"INFO","fields":{"message":"Concurrency control for download: Decreased concurrency from 1 to 1; reason: success ratio below threshold (connection struggling) (success_ratio = 1.000, threshold = 0.500)"},"filename":"D:\\a\\xet-core\\xet-core\\xet_client\\src\\cas_client\\adaptive_concurrency\\controller.rs","line_number":586}
{"timestamp":"2026-09-07T13:54:12.961241Z","level":"INFO","fields":{"message":"Concurrency control for download: Decreased concurrency from 1 to 1; reason: success ratio below threshold (connection struggling) (success_ratio = 1.000, threshold = 0.500)"},"filename":"D:\\a\\xet-core\\xet-core\\xet_client\\src\\cas_client\\adaptive_concurrency\\controller.rs","line_number":586}
{"timestamp":"2026-09-07T13:54:13.491011Z","level":"INFO","fields":{"message":"Concurrency control for download: Decreased concurrency from 1 to 1; reason: success ratio below threshold (connection struggling) (success_ratio = 1.000, threshold = 0.500)"},"filename":"D:\\a\\xet-core\\xet-core\\xet_client\\src\\cas_client\\adaptive_concurrency\\controller.rs","line_number":586}
{"timestamp":"2026-09-07T13:54:14.004725Z","level":"INFO","fields":{"message":"Concurrency control for download: Decreased concurrency from 1 to 1; reason: success ratio below threshold (connection struggling) (success_ratio = 1.000, threshold = 0.500)"},"filename":"D:\\a\\xet-core\\xet-core\\xet_client\\src\\cas_client\\adaptive_concurrency\\controller.rs","line_number":586}
{"timestamp":"2026-09-07T13:54:14.505523Z","level":"INFO","fields":{"message":"Concurrency control for download: Decreased concurrency from 1 to 1; reason: success ratio below threshold (connection struggling) (success_ratio = 1.000, threshold = 0.500)"},"filename":"D:\\a\\xet-core\\xet-core\\xet_client\\src\\cas_client\\adaptive_concurrency\\controller.rs","line_number":586}
{"timestamp":"2026-09-07T13:54:15.034786Z","level":"INFO","fields":{"message":"Concurrency control for download: Decreased concurrency from 1 to 1; reason: success ratio below threshold (connection struggling) (success_ratio = 1.000, threshold = 0.500)"},"filename":"D:\\a\\xet-core\\xet-core\\xet_client\\src\\cas_client\\adaptive_concurrency\\controller.rs","line_number":586}
{"timestamp":"2026-09-07T13:54:15.633400Z","level":"INFO","fields":{"message":"Concurrency control for download: Decreased concurrency from 1 to 1; reason: success ratio below threshold (connection struggling) (success_ratio = 1.000, threshold = 0.500)"},"filename":"D:\\a\\xet-core\\xet-core\\xet_client\\src\\cas_client\\adaptive_concurrency\\controller.rs","line_number":586}
{"timestamp":"2026-09-07T13:54:15.633430Z","level":"INFO","fields":{"message":"Concurrency control for download: Current concurrency = 1; predicted bandwidth = 55372; success_ratio = 1.000; reference_size = 61.0MB; observed bytes sent so far = 782592819; completed transmissions = 26"},"filename":"D:\\a\\xet-core\\xet-core\\xet_client\\src\\cas_client\\adaptive_concurrency\\controller.rs","line_number":602}
{"timestamp":"2026-09-07T13:54:16.147893Z","level":"INFO","fields":{"message":"Concurrency control for download: Decreased concurrency from 1 to 1; reason: success ratio below threshold (connection struggling) (success_ratio = 1.000, threshold = 0.500)"},"filename":"D:\\a\\xet-core\\xet-core\\xet_client\\src\\cas_client\\adaptive_concurrency\\controller.rs","line_number":586}
{"timestamp":"2026-09-07T13:54:16.780270Z","level":"INFO","fields":{"message":"Concurrency control for download: Decreased concurrency from 1 to 1; reason: success ratio below threshold (connection struggling) (success_ratio = 1.000, threshold = 0.500)"},"filename":"D:\\a\\xet-core\\xet-core\\xet_client\\src\\cas_client\\adaptive_concurrency\\controller.rs","line_number":586}
{"timestamp":"2026-09-07T13:54:17.469730Z","level":"INFO","fields":{"message":"Concurrency control for download: Decreased concurrency from 1 to 1; reason: success ratio below threshold (connection struggling) (success_ratio = 1.000, threshold = 0.500)"},"filename":"D:\\a\\xet-core\\xet-core\\xet_client\\src\\cas_client\\adaptive_concurrency\\controller.rs","line_number":586}
{"timestamp":"2026-09-07T13:54:18.020577Z","level":"INFO","fields":{"message":"Concurrency control for download: Decreased concurrency from 1 to 1; reason: success ratio below threshold (connection struggling) (success_ratio = 1.000, threshold = 0.500)"},"filename":"D:\\a\\xet-core\\xet-core\\xet_client\\src\\cas_client\\adaptive_concurrency\\controller.rs","line_number":586}
{"timestamp":"2026-09-07T13:54:18.520577Z","level":"INFO","fields":{"message":"Concurrency control for download: Decreased concurrency from 1 to 1; reason: success ratio below threshold (connection struggling) (success_ratio = 1.000, threshold = 0.500)"},"filename":"D:\\a\\xet-core\\xet-core\\xet_client\\src\\cas_client\\adaptive_concurrency\\controller.rs","line_number":586}
{"timestamp":"2026-09-07T13:54:19.044094Z","level":"INFO","fields":{"message":"Concurrency control for download: Decreased concurrency from 1 to 1; reason: success ratio below threshold (connection struggling) (success_ratio = 1.000, threshold = 0.500)"},"filename":"D:\\a\\xet-core\\xet-core\\xet_client\\src\\cas_client\\adaptive_concurrency\\controller.rs","line_number":586}
{"timestamp":"2026-09-07T13:54:19.599931Z","level":"INFO","fields":{"message":"Concurrency control for download: Decreased concurrency from 1 to 1; reason: success ratio below threshold (connection struggling) (success_ratio = 1.000, threshold = 0.500)"},"filename":"D:\\a\\xet-core\\xet-core\\xet_client\\src\\cas_client\\adaptive_concurrency\\controller.rs","line_number":586}
{"timestamp":"2026-09-07T13:54:19.897797Z","level":"INFO","fields":{"message":"Received CAS response","request_id":"01M1Y2BZ4XXX4K1BZVBD6YRR8M","status_code":206},"filename":"D:\\a\\xet-core\\xet-core\\xet_client\\src\\common\\http_client.rs","line_number":288}
{"timestamp":"2026-09-07T13:54:19.897815Z","level":"INFO","fields":{"message":"Request Success: s3::get_range api call succeeded (request id 01M1Y2BZ4XXX4K1BZVBD6YRR8M, retry 2)."},"filename":"D:\\a\\xet-core\\xet-core\\xet_client\\src\\cas_client\\retry_wrapper.rs","line_number":237}
{"timestamp":"2026-09-07T13:54:20.114152Z","level":"INFO","fields":{"message":"Concurrency control for download: Decreased concurrency from 1 to 1; reason: success ratio below threshold (connection struggling) (success_ratio = 1.000, threshold = 0.500)"},"filename":"D:\\a\\xet-core\\xet-core\\xet_client\\src\\cas_client\\adaptive_concurrency\\controller.rs","line_number":586}
{"timestamp":"2026-09-07T13:54:20.739466Z","level":"INFO","fields":{"message":"Concurrency control for download: Decreased concurrency from 1 to 1; reason: success ratio below threshold (connection struggling) (success_ratio = 1.000, threshold = 0.500)"},"filename":"D:\\a\\xet-core\\xet-core\\xet_client\\src\\cas_client\\adaptive_concurrency\\controller.rs","line_number":586}
{"timestamp":"2026-09-07T13:54:21.471768Z","level":"INFO","fields":{"message":"Concurrency control for download: Decreased concurrency from 1 to 1; reason: success ratio below threshold (connection struggling) (success_ratio = 1.000, threshold = 0.500)"},"filename":"D:\\a\\xet-core\\xet-core\\xet_client\\src\\cas_client\\adaptive_concurrency\\controller.rs","line_number":586}
{"timestamp":"2026-09-07T13:54:22.035083Z","level":"INFO","fields":{"message":"Concurrency control for download: Decreased concurrency from 1 to 1; reason: success ratio below threshold (connection struggling) (success_ratio = 1.000, threshold = 0.500)"},"filename":"D:\\a\\xet-core\\xet-core\\xet_client\\src\\cas_client\\adaptive_concurrency\\controller.rs","line_number":586}
{"timestamp":"2026-09-07T13:54:22.673654Z","level":"INFO","fields":{"message":"Concurrency control for download: Decreased concurrency from 1 to 1; reason: success ratio below threshold (connection struggling) (success_ratio = 1.000, threshold = 0.500)"},"filename":"D:\\a\\xet-core\\xet-core\\xet_client\\src\\cas_client\\adaptive_concurrency\\controller.rs","line_number":586}
{"timestamp":"2026-09-07T13:54:23.272824Z","level":"INFO","fields":{"message":"Concurrency control for download: Decreased concurrency from 1 to 1; reason: success ratio below threshold (connection struggling) (success_ratio = 1.000, threshold = 0.500)"},"filename":"D:\\a\\xet-core\\xet-core\\xet_client\\src\\cas_client\\adaptive_concurrency\\controller.rs","line_number":586}
{"timestamp":"2026-09-07T13:54:23.843896Z","level":"INFO","fields":{"message":"Concurrency control for download: Decreased concurrency from 1 to 1; reason: success ratio below threshold (connection struggling) (success_ratio = 1.000, threshold = 0.500)"},"filename":"D:\\a\\xet-core\\xet-core\\xet_client\\src\\cas_client\\adaptive_concurrency\\controller.rs","line_number":586}
{"timestamp":"2026-09-07T13:54:24.417558Z","level":"INFO","fields":{"message":"Concurrency control for download: Decreased concurrency from 1 to 1; reason: success ratio below threshold (connection struggling) (success_ratio = 1.000, threshold = 0.500)"},"filename":"D:\\a\\xet-core\\xet-core\\xet_client\\src\\cas_client\\adaptive_concurrency\\controller.rs","line_number":586}
{"timestamp":"2026-09-07T13:54:24.961906Z","level":"INFO","fields":{"message":"Concurrency control for download: Decreased concurrency from 1 to 1; reason: success ratio below threshold (connection struggling) (success_ratio = 1.000, threshold = 0.500)"},"filename":"D:\\a\\xet-core\\xet-core\\xet_client\\src\\cas_client\\adaptive_concurrency\\controller.rs","line_number":586}
{"timestamp":"2026-09-07T13:54:25.512767Z","level":"INFO","fields":{"message":"Concurrency control for download: Decreased concurrency from 1 to 1; reason: success ratio below threshold (connection struggling) (success_ratio = 1.000, threshold = 0.500)"},"filename":"D:\\a\\xet-core\\xet-core\\xet_client\\src\\cas_client\\adaptive_concurrency\\controller.rs","line_number":586}
{"timestamp":"2026-09-07T13:54:25.672405Z","level":"INFO","fields":{"message":"Concurrency control for download: Current concurrency = 1; predicted bandwidth = 38459; success_ratio = 1.000; reference_size = 61.0MB; observed bytes sent so far = 791522099; completed transmissions = 26"},"filename":"D:\\a\\xet-core\\xet-core\\xet_client\\src\\cas_client\\adaptive_concurrency\\controller.rs","line_number":602}
{"timestamp":"2026-09-07T13:54:26.074883Z","level":"INFO","fields":{"message":"Concurrency control for download: Decreased concurrency from 1 to 1; reason: success ratio below threshold (connection struggling) (success_ratio = 1.000, threshold = 0.500)"},"filename":"D:\\a\\xet-core\\xet-core\\xet_client\\src\\cas_client\\adaptive_concurrency\\controller.rs","line_number":586}
{"timestamp":"2026-09-07T13:54:26.581682Z","level":"INFO","fields":{"message":"Concurrency control for download: Decreased concurrency from 1 to 1; reason: success ratio below threshold (connection struggling) (success_ratio = 1.000, threshold = 0.500)"},"filename":"D:\\a\\xet-core\\xet-core\\xet_client\\src\\cas_client\\adaptive_concurrency\\controller.rs","line_number":586}
{"timestamp":"2026-09-07T13:54:27.110127Z","level":"INFO","fields":{"message":"Concurrency control for download: Decreased concurrency from 1 to 1; reason: success ratio below threshold (connection struggling) (success_ratio = 1.000, threshold = 0.500)"},"filename":"D:\\a\\xet-core\\xet-core\\xet_client\\src\\cas_client\\adaptive_concurrency\\controller.rs","line_number":586}
{"timestamp":"2026-09-07T13:54:27.666858Z","level":"INFO","fields":{"message":"Concurrency control for download: Decreased concurrency from 1 to 1; reason: success ratio below threshold (connection struggling) (success_ratio = 1.000, threshold = 0.500)"},"filename":"D:\\a\\xet-core\\xet-core\\xet_client\\src\\cas_client\\adaptive_concurrency\\controller.rs","line_number":586}
{"timestamp":"2026-09-07T13:54:28.278831Z","level":"INFO","fields":{"message":"Concurrency control for download: Decreased concurrency from 1 to 1; reason: success ratio below threshold (connection struggling) (success_ratio = 1.000, threshold = 0.500)"},"filename":"D:\\a\\xet-core\\xet-core\\xet_client\\src\\cas_client\\adaptive_concurrency\\controller.rs","line_number":586}
{"timestamp":"2026-09-07T13:54:28.815042Z","level":"INFO","fields":{"message":"Concurrency control for download: Decreased concurrency from 1 to 1; reason: success ratio below threshold (connection struggling) (success_ratio = 1.000, threshold = 0.500)"},"filename":"D:\\a\\xet-core\\xet-core\\xet_client\\src\\cas_client\\adaptive_concurrency\\controller.rs","line_number":586}
{"timestamp":"2026-09-07T13:54:29.315498Z","level":"INFO","fields":{"message":"Concurrency control for download: Decreased concurrency from 1 to 1; reason: success ratio below threshold (connection struggling) (success_ratio = 1.000, threshold = 0.500)"},"filename":"D:\\a\\xet-core\\xet-core\\xet_client\\src\\cas_client\\adaptive_concurrency\\controller.rs","line_number":586}
{"timestamp":"2026-09-07T13:54:29.842046Z","level":"INFO","fields":{"message":"Concurrency control for download: Decreased concurrency from 1 to 1; reason: success ratio below threshold (connection struggling) (success_ratio = 1.000, threshold = 0.500)"},"filename":"D:\\a\\xet-core\\xet-core\\xet_client\\src\\cas_client\\adaptive_concurrency\\controller.rs","line_number":586}
{"timestamp":"2026-09-07T13:54:30.412794Z","level":"INFO","fields":{"message":"Concurrency control for download: Decreased concurrency from 1 to 1; reason: success ratio below threshold (connection struggling) (success_ratio = 1.000, threshold = 0.500)"},"filename":"D:\\a\\xet-core\\xet-core\\xet_client\\src\\cas_client\\adaptive_concurrency\\controller.rs","line_number":586}
{"timestamp":"2026-09-07T13:54:30.988276Z","level":"INFO","fields":{"message":"Concurrency control for download: Decreased concurrency from 1 to 1; reason: success ratio below threshold (connection struggling) (success_ratio = 1.000, threshold = 0.500)"},"filename":"D:\\a\\xet-core\\xet-core\\xet_client\\src\\cas_client\\adaptive_concurrency\\controller.rs","line_number":586}
{"timestamp":"2026-09-07T13:54:31.595457Z","level":"INFO","fields":{"message":"Concurrency control for download: Decreased concurrency from 1 to 1; reason: success ratio below threshold (connection struggling) (success_ratio = 1.000, threshold = 0.500)"},"filename":"D:\\a\\xet-core\\xet-core\\xet_client\\src\\cas_client\\adaptive_concurrency\\controller.rs","line_number":586}
{"timestamp":"2026-09-07T13:54:32.108804Z","level":"INFO","fields":{"message":"Concurrency control for download: Decreased concurrency from 1 to 1; reason: success ratio below threshold (connection struggling) (success_ratio = 1.000, threshold = 0.500)"},"filename":"D:\\a\\xet-core\\xet-core\\xet_client\\src\\cas_client\\adaptive_concurrency\\controller.rs","line_number":586}
{"timestamp":"2026-09-07T13:54:32.661654Z","level":"INFO","fields":{"message":"Concurrency control for download: Decreased concurrency from 1 to 1; reason: success ratio below threshold (connection struggling) (success_ratio = 1.000, threshold = 0.500)"},"filename":"D:\\a\\xet-core\\xet-core\\xet_client\\src\\cas_client\\adaptive_concurrency\\controller.rs","line_number":586}
{"timestamp":"2026-09-07T13:54:33.191082Z","level":"INFO","fields":{"message":"Concurrency control for download: Decreased concurrency from 1 to 1; reason: success ratio below threshold (connection struggling) (success_ratio = 1.000, threshold = 0.500)"},"filename":"D:\\a\\xet-core\\xet-core\\xet_client\\src\\cas_client\\adaptive_concurrency\\controller.rs","line_number":586}
{"timestamp":"2026-09-07T13:54:33.782050Z","level":"INFO","fields":{"message":"Concurrency control for download: Decreased concurrency from 1 to 1; reason: success ratio below threshold (connection struggling) (success_ratio = 1.000, threshold = 0.500)"},"filename":"D:\\a\\xet-core\\xet-core\\xet_client\\src\\cas_client\\adaptive_concurrency\\controller.rs","line_number":586}
{"timestamp":"2026-09-07T13:54:34.356721Z","level":"INFO","fields":{"message":"Concurrency control for download: Decreased concurrency from 1 to 1; reason: success ratio below threshold (connection struggling) (success_ratio = 1.000, threshold = 0.500)"},"filename":"D:\\a\\xet-core\\xet-core\\xet_client\\src\\cas_client\\adaptive_concurrency\\controller.rs","line_number":586}
{"timestamp":"2026-09-07T13:54:34.943723Z","level":"INFO","fields":{"message":"Concurrency control for download: Decreased concurrency from 1 to 1; reason: success ratio below threshold (connection struggling) (success_ratio = 1.000, threshold = 0.500)"},"filename":"D:\\a\\xet-core\\xet-core\\xet_client\\src\\cas_client\\adaptive_concurrency\\controller.rs","line_number":586}
{"timestamp":"2026-09-07T13:54:35.534143Z","level":"INFO","fields":{"message":"Concurrency control for download: Decreased concurrency from 1 to 1; reason: success ratio below threshold (connection struggling) (success_ratio = 1.000, threshold = 0.500)"},"filename":"D:\\a\\xet-core\\xet-core\\xet_client\\src\\cas_client\\adaptive_concurrency\\controller.rs","line_number":586}
{"timestamp":"2026-09-07T13:54:35.728231Z","level":"INFO","fields":{"message":"Concurrency control for download: Current concurrency = 1; predicted bandwidth = 35259; success_ratio = 1.000; reference_size = 61.0MB; observed bytes sent so far = 798124851; completed transmissions = 26"},"filename":"D:\\a\\xet-core\\xet-core\\xet_client\\src\\cas_client\\adaptive_concurrency\\controller.rs","line_number":602}
{"timestamp":"2026-09-07T13:54:36.047696Z","level":"INFO","fields":{"message":"Concurrency control for download: Decreased concurrency from 1 to 1; reason: success ratio below threshold (connection struggling) (success_ratio = 1.000, threshold = 0.500)"},"filename":"D:\\a\\xet-core\\xet-core\\xet_client\\src\\cas_client\\adaptive_concurrency\\controller.rs","line_number":586}
{"timestamp":"2026-09-07T13:54:36.652642Z","level":"INFO","fields":{"message":"Concurrency control for download: Decreased concurrency from 1 to 1; reason: success ratio below threshold (connection struggling) (success_ratio = 1.000, threshold = 0.500)"},"filename":"D:\\a\\xet-core\\xet-core\\xet_client\\src\\cas_client\\adaptive_concurrency\\controller.rs","line_number":586}
{"timestamp":"2026-09-07T13:54:37.210501Z","level":"INFO","fields":{"message":"Concurrency control for download: Decreased concurrency from 1 to 1; reason: success ratio below threshold (connection struggling) (success_ratio = 1.000, threshold = 0.500)"},"filename":"D:\\a\\xet-core\\xet-core\\xet_client\\src\\cas_client\\adaptive_concurrency\\controller.rs","line_number":586}
{"timestamp":"2026-09-07T13:54:37.756919Z","level":"INFO","fields":{"message":"Concurrency control for download: Decreased concurrency from 1 to 1; reason: success ratio below threshold (connection struggling) (success_ratio = 1.000, threshold = 0.500)"},"filename":"D:\\a\\xet-core\\xet-core\\xet_client\\src\\cas_client\\adaptive_concurrency\\controller.rs","line_number":586}
{"timestamp":"2026-09-07T13:54:38.430221Z","level":"INFO","fields":{"message":"Concurrency control for download: Decreased concurrency from 1 to 1; reason: success ratio below threshold (connection struggling) (success_ratio = 1.000, threshold = 0.500)"},"filename":"D:\\a\\xet-core\\xet-core\\xet_client\\src\\cas_client\\adaptive_concurrency\\controller.rs","line_number":586}
{"timestamp":"2026-09-07T13:54:38.934801Z","level":"INFO","fields":{"message":"Concurrency control for download: Decreased concurrency from 1 to 1; reason: success ratio below threshold (connection struggling) (success_ratio = 1.000, threshold = 0.500)"},"filename":"D:\\a\\xet-core\\xet-core\\xet_client\\src\\cas_client\\adaptive_concurrency\\controller.rs","line_number":586}
{"timestamp":"2026-09-07T13:54:39.535445Z","level":"INFO","fields":{"message":"Concurrency control for download: Decreased concurrency from 1 to 1; reason: success ratio below threshold (connection struggling) (success_ratio = 1.000, threshold = 0.500)"},"filename":"D:\\a\\xet-core\\xet-core\\xet_client\\src\\cas_client\\adaptive_concurrency\\controller.rs","line_number":586}
{"timestamp":"2026-09-07T13:54:40.057265Z","level":"INFO","fields":{"message":"Concurrency control for download: Decreased concurrency from 1 to 1; reason: success ratio below threshold (connection struggling) (success_ratio = 1.000, threshold = 0.500)"},"filename":"D:\\a\\xet-core\\xet-core\\xet_client\\src\\cas_client\\adaptive_concurrency\\controller.rs","line_number":586}
{"timestamp":"2026-09-07T13:54:40.680856Z","level":"INFO","fields":{"message":"Concurrency control for download: Decreased concurrency from 1 to 1; reason: success ratio below threshold (connection struggling) (success_ratio = 1.000, threshold = 0.500)"},"filename":"D:\\a\\xet-core\\xet-core\\xet_client\\src\\cas_client\\adaptive_concurrency\\controller.rs","line_number":586}
{"timestamp":"2026-09-07T13:54:41.189733Z","level":"INFO","fields":{"message":"Concurrency control for download: Decreased concurrency from 1 to 1; reason: success ratio below threshold (connection struggling) (success_ratio = 1.000, threshold = 0.500)"},"filename":"D:\\a\\xet-core\\xet-core\\xet_client\\src\\cas_client\\adaptive_concurrency\\controller.rs","line_number":586}
{"timestamp":"2026-09-07T13:54:41.689870Z","level":"INFO","fields":{"message":"Concurrency control for download: Decreased concurrency from 1 to 1; reason: success ratio below threshold (connection struggling) (success_ratio = 1.000, threshold = 0.500)"},"filename":"D:\\a\\xet-core\\xet-core\\xet_client\\src\\cas_client\\adaptive_concurrency\\controller.rs","line_number":586}
{"timestamp":"2026-09-07T13:54:42.241141Z","level":"INFO","fields":{"message":"Concurrency control for download: Decreased concurrency from 1 to 1; reason: success ratio below threshold (connection struggling) (success_ratio = 1.000, threshold = 0.500)"},"filename":"D:\\a\\xet-core\\xet-core\\xet_client\\src\\cas_client\\adaptive_concurrency\\controller.rs","line_number":586}
{"timestamp":"2026-09-07T13:54:42.847628Z","level":"INFO","fields":{"message":"Concurrency control for download: Decreased concurrency from 1 to 1; reason: success ratio below threshold (connection struggling) (success_ratio = 1.000, threshold = 0.500)"},"filename":"D:\\a\\xet-core\\xet-core\\xet_client\\src\\cas_client\\adaptive_concurrency\\controller.rs","line_number":586}
{"timestamp":"2026-09-07T13:54:43.347727Z","level":"INFO","fields":{"message":"Concurrency control for download: Decreased concurrency from 1 to 1; reason: success ratio below threshold (connection struggling) (success_ratio = 1.000, threshold = 0.500)"},"filename":"D:\\a\\xet-core\\xet-core\\xet_client\\src\\cas_client\\adaptive_concurrency\\controller.rs","line_number":586}
{"timestamp":"2026-09-07T13:54:43.984851Z","level":"INFO","fields":{"message":"Concurrency control for download: Decreased concurrency from 1 to 1; reason: success ratio below threshold (connection struggling) (success_ratio = 1.000, threshold = 0.500)"},"filename":"D:\\a\\xet-core\\xet-core\\xet_client\\src\\cas_client\\adaptive_concurrency\\controller.rs","line_number":586}
{"timestamp":"2026-09-07T13:54:44.784585Z","level":"INFO","fields":{"message":"Concurrency control for download: Decreased concurrency from 1 to 1; reason: success ratio below threshold (connection struggling) (success_ratio = 1.000, threshold = 0.500)"},"filename":"D:\\a\\xet-core\\xet-core\\xet_client\\src\\cas_client\\adaptive_concurrency\\controller.rs","line_number":586}
{"timestamp":"2026-09-07T13:54:45.301887Z","level":"INFO","fields":{"message":"Concurrency control for download: Decreased concurrency from 1 to 1; reason: success ratio below threshold (connection struggling) (success_ratio = 1.000, threshold = 0.500)"},"filename":"D:\\a\\xet-core\\xet-core\\xet_client\\src\\cas_client\\adaptive_concurrency\\controller.rs","line_number":586}
{"timestamp":"2026-09-07T13:54:45.967704Z","level":"INFO","fields":{"message":"Concurrency control for download: Decreased concurrency from 1 to 1; reason: success ratio below threshold (connection struggling) (success_ratio = 1.000, threshold = 0.500)"},"filename":"D:\\a\\xet-core\\xet-core\\xet_client\\src\\cas_client\\adaptive_concurrency\\controller.rs","line_number":586}
{"timestamp":"2026-09-07T13:54:45.967744Z","level":"INFO","fields":{"message":"Concurrency control for download: Current concurrency = 1; predicted bandwidth = 33881; success_ratio = 1.000; reference_size = 61.0MB; observed bytes sent so far = 803944617; completed transmissions = 26"},"filename":"D:\\a\\xet-core\\xet-core\\xet_client\\src\\cas_client\\adaptive_concurrency\\controller.rs","line_number":602}
{"timestamp":"2026-09-07T13:54:46.557100Z","level":"INFO","fields":{"message":"Concurrency control for download: Decreased concurrency from 1 to 1; reason: success ratio below threshold (connection struggling) (success_ratio = 1.000, threshold = 0.500)"},"filename":"D:\\a\\xet-core\\xet-core\\xet_client\\src\\cas_client\\adaptive_concurrency\\controller.rs","line_number":586}
{"timestamp":"2026-09-07T13:54:47.101729Z","level":"INFO","fields":{"message":"Concurrency control for download: Decreased concurrency from 1 to 1; reason: success ratio below threshold (connection struggling) (success_ratio = 1.000, threshold = 0.500)"},"filename":"D:\\a\\xet-core\\xet-core\\xet_client\\src\\cas_client\\adaptive_concurrency\\controller.rs","line_number":586}
{"timestamp":"2026-09-07T13:54:47.693964Z","level":"INFO","fields":{"message":"Concurrency control for download: Decreased concurrency from 1 to 1; reason: success ratio below threshold (connection struggling) (success_ratio = 1.000, threshold = 0.500)"},"filename":"D:\\a\\xet-core\\xet-core\\xet_client\\src\\cas_client\\adaptive_concurrency\\controller.rs","line_number":586}
{"timestamp":"2026-09-07T13:54:48.232785Z","level":"INFO","fields":{"message":"Concurrency control for download: Decreased concurrency from 1 to 1; reason: success ratio below threshold (connection struggling) (success_ratio = 1.000, threshold = 0.500)"},"filename":"D:\\a\\xet-core\\xet-core\\xet_client\\src\\cas_client\\adaptive_concurrency\\controller.rs","line_number":586}
{"timestamp":"2026-09-07T13:54:48.755433Z","level":"INFO","fields":{"message":"Concurrency control for download: Decreased concurrency from 1 to 1; reason: success ratio below threshold (connection struggling) (success_ratio = 1.000, threshold = 0.500)"},"filename":"D:\\a\\xet-core\\xet-core\\xet_client\\src\\cas_client\\adaptive_concurrency\\controller.rs","line_number":586}
{"timestamp":"2026-09-07T13:54:49.260644Z","level":"INFO","fields":{"message":"Concurrency control for download: Decreased concurrency from 1 to 1; reason: success ratio below threshold (connection struggling) (success_ratio = 1.000, threshold = 0.500)"},"filename":"D:\\a\\xet-core\\xet-core\\xet_client\\src\\cas_client\\adaptive_concurrency\\controller.rs","line_number":586}
{"timestamp":"2026-09-07T13:54:49.826245Z","level":"INFO","fields":{"message":"Concurrency control for download: Decreased concurrency from 1 to 1; reason: success ratio below threshold (connection struggling) (success_ratio = 1.000, threshold = 0.500)"},"filename":"D:\\a\\xet-core\\xet-core\\xet_client\\src\\cas_client\\adaptive_concurrency\\controller.rs","line_number":586}
{"timestamp":"2026-09-07T13:54:50.394172Z","level":"INFO","fields":{"message":"Concurrency control for download: Decreased concurrency from 1 to 1; reason: success ratio below threshold (connection struggling) (success_ratio = 1.000, threshold = 0.500)"},"filename":"D:\\a\\xet-core\\xet-core\\xet_client\\src\\cas_client\\adaptive_concurrency\\controller.rs","line_number":586}
{"timestamp":"2026-09-07T13:54:50.956727Z","level":"INFO","fields":{"message":"Concurrency control for download: Decreased concurrency from 1 to 1; reason: success ratio below threshold (connection struggling) (success_ratio = 1.000, threshold = 0.500)"},"filename":"D:\\a\\xet-core\\xet-core\\xet_client\\src\\cas_client\\adaptive_concurrency\\controller.rs","line_number":586}
{"timestamp":"2026-09-07T13:54:51.478702Z","level":"INFO","fields":{"message":"Concurrency control for download: Decreased concurrency from 1 to 1; reason: success ratio below threshold (connection struggling) (success_ratio = 1.000, threshold = 0.500)"},"filename":"D:\\a\\xet-core\\xet-core\\xet_client\\src\\cas_client\\adaptive_concurrency\\controller.rs","line_number":586}
{"timestamp":"2026-09-07T13:54:52.070703Z","level":"INFO","fields":{"message":"Concurrency control for download: Decreased concurrency from 1 to 1; reason: success ratio below threshold (connection struggling) (success_ratio = 1.000, threshold = 0.500)"},"filename":"D:\\a\\xet-core\\xet-core\\xet_client\\src\\cas_client\\adaptive_concurrency\\controller.rs","line_number":586}
{"timestamp":"2026-09-07T13:54:52.592659Z","level":"INFO","fields":{"message":"Concurrency control for download: Decreased concurrency from 1 to 1; reason: success ratio below threshold (connection struggling) (success_ratio = 1.000, threshold = 0.500)"},"filename":"D:\\a\\xet-core\\xet-core\\xet_client\\src\\cas_client\\adaptive_concurrency\\controller.rs","line_number":586}
{"timestamp":"2026-09-07T13:54:53.104416Z","level":"INFO","fields":{"message":"Concurrency control for download: Decreased concurrency from 1 to 1; reason: success ratio below threshold (connection struggling) (success_ratio = 1.000, threshold = 0.500)"},"filename":"D:\\a\\xet-core\\xet-core\\xet_client\\src\\cas_client\\adaptive_concurrency\\controller.rs","line_number":586}
{"timestamp":"2026-09-07T13:54:53.617139Z","level":"INFO","fields":{"message":"Concurrency control for download: Decreased concurrency from 1 to 1; reason: success ratio below threshold (connection struggling) (success_ratio = 1.000, threshold = 0.500)"},"filename":"D:\\a\\xet-core\\xet-core\\xet_client\\src\\cas_client\\adaptive_concurrency\\controller.rs","line_number":586}
{"timestamp":"2026-09-07T13:54:54.216457Z","level":"INFO","fields":{"message":"Concurrency control for download: Decreased concurrency from 1 to 1; reason: success ratio below threshold (connection struggling) (success_ratio = 1.000, threshold = 0.500)"},"filename":"D:\\a\\xet-core\\xet-core\\xet_client\\src\\cas_client\\adaptive_concurrency\\controller.rs","line_number":586}
{"timestamp":"2026-09-07T13:54:54.804766Z","level":"INFO","fields":{"message":"Concurrency control for download: Decreased concurrency from 1 to 1; reason: success ratio below threshold (connection struggling) (success_ratio = 1.000, threshold = 0.500)"},"filename":"D:\\a\\xet-core\\xet-core\\xet_client\\src\\cas_client\\adaptive_concurrency\\controller.rs","line_number":586}
{"timestamp":"2026-09-07T13:54:55.383086Z","level":"INFO","fields":{"message":"Concurrency control for download: Decreased concurrency from 1 to 1; reason: success ratio below threshold (connection struggling) (success_ratio = 1.000, threshold = 0.500)"},"filename":"D:\\a\\xet-core\\xet-core\\xet_client\\src\\cas_client\\adaptive_concurrency\\controller.rs","line_number":586}
{"timestamp":"2026-09-07T13:54:55.965148Z","level":"INFO","fields":{"message":"Concurrency control for download: Decreased concurrency from 1 to 1; reason: success ratio below threshold (connection struggling) (success_ratio = 1.000, threshold = 0.500)"},"filename":"D:\\a\\xet-core\\xet-core\\xet_client\\src\\cas_client\\adaptive_concurrency\\controller.rs","line_number":586}
{"timestamp":"2026-09-07T13:54:55.978984Z","level":"INFO","fields":{"message":"Concurrency control for download: Current concurrency = 1; predicted bandwidth = 32364; success_ratio = 1.000; reference_size = 61.0MB; observed bytes sent so far = 812002099; completed transmissions = 26"},"filename":"D:\\a\\xet-core\\xet-core\\xet_client\\src\\cas_client\\adaptive_concurrency\\controller.rs","line_number":602}
{"timestamp":"2026-09-07T13:54:56.521652Z","level":"INFO","fields":{"message":"Concurrency control for download: Decreased concurrency from 1 to 1; reason: success ratio below threshold (connection struggling) (success_ratio = 1.000, threshold = 0.500)"},"filename":"D:\\a\\xet-core\\xet-core\\xet_client\\src\\cas_client\\adaptive_concurrency\\controller.rs","line_number":586}
{"timestamp":"2026-09-07T13:54:57.055290Z","level":"INFO","fields":{"message":"Concurrency control for download: Decreased concurrency from 1 to 1; reason: success ratio below threshold (connection struggling) (success_ratio = 1.000, threshold = 0.500)"},"filename":"D:\\a\\xet-core\\xet-core\\xet_client\\src\\cas_client\\adaptive_concurrency\\controller.rs","line_number":586}
{"timestamp":"2026-09-07T13:54:57.708583Z","level":"INFO","fields":{"message":"Concurrency control for download: Decreased concurrency from 1 to 1; reason: success ratio below threshold (connection struggling) (success_ratio = 1.000, threshold = 0.500)"},"filename":"D:\\a\\xet-core\\xet-core\\xet_client\\src\\cas_client\\adaptive_concurrency\\controller.rs","line_number":586}
{"timestamp":"2026-09-07T13:54:58.214871Z","level":"INFO","fields":{"message":"Concurrency control for download: Decreased concurrency from 1 to 1; reason: success ratio below threshold (connection struggling) (success_ratio = 1.000, threshold = 0.500)"},"filename":"D:\\a\\xet-core\\xet-core\\xet_client\\src\\cas_client\\adaptive_concurrency\\controller.rs","line_number":586}
{"timestamp":"2026-09-07T13:54:58.743926Z","level":"INFO","fields":{"message":"Concurrency control for download: Decreased concurrency from 1 to 1; reason: success ratio below threshold (connection struggling) (success_ratio = 1.000, threshold = 0.500)"},"filename":"D:\\a\\xet-core\\xet-core\\xet_client\\src\\cas_client\\adaptive_concurrency\\controller.rs","line_number":586}
{"timestamp":"2026-09-07T13:54:59.356689Z","level":"INFO","fields":{"message":"Concurrency control for download: Decreased concurrency from 1 to 1; reason: success ratio below threshold (connection struggling) (success_ratio = 1.000, threshold = 0.500)"},"filename":"D:\\a\\xet-core\\xet-core\\xet_client\\src\\cas_client\\adaptive_concurrency\\controller.rs","line_number":586}
{"timestamp":"2026-09-07T13:54:59.880056Z","level":"INFO","fields":{"message":"Concurrency control for download: Decreased concurrency from 1 to 1; reason: success ratio below threshold (connection struggling) (success_ratio = 1.000, threshold = 0.500)"},"filename":"D:\\a\\xet-core\\xet-core\\xet_client\\src\\cas_client\\adaptive_concurrency\\controller.rs","line_number":586}
{"timestamp":"2026-09-07T13:55:00.425953Z","level":"INFO","fields":{"message":"Concurrency control for download: Decreased concurrency from 1 to 1; reason: success ratio below threshold (connection struggling) (success_ratio = 1.000, threshold = 0.500)"},"filename":"D:\\a\\xet-core\\xet-core\\xet_client\\src\\cas_client\\adaptive_concurrency\\controller.rs","line_number":586}
{"timestamp":"2026-09-07T13:55:00.926818Z","level":"INFO","fields":{"message":"Concurrency control for download: Decreased concurrency from 1 to 1; reason: success ratio below threshold (connection struggling) (success_ratio = 1.000, threshold = 0.500)"},"filename":"D:\\a\\xet-core\\xet-core\\xet_client\\src\\cas_client\\adaptive_concurrency\\controller.rs","line_number":586}
{"timestamp":"2026-09-07T13:55:01.502298Z","level":"INFO","fields":{"message":"Concurrency control for download: Decreased concurrency from 1 to 1; reason: success ratio below threshold (connection struggling) (success_ratio = 1.000, threshold = 0.500)"},"filename":"D:\\a\\xet-core\\xet-core\\xet_client\\src\\cas_client\\adaptive_concurrency\\controller.rs","line_number":586}
{"timestamp":"2026-09-07T13:55:02.155175Z","level":"INFO","fields":{"message":"Concurrency control for download: Decreased concurrency from 1 to 1; reason: success ratio below threshold (connection struggling) (success_ratio = 1.000, threshold = 0.500)"},"filename":"D:\\a\\xet-core\\xet-core\\xet_client\\src\\cas_client\\adaptive_concurrency\\controller.rs","line_number":586}
{"timestamp":"2026-09-07T13:55:02.722083Z","level":"INFO","fields":{"message":"Concurrency control for download: Decreased concurrency from 1 to 1; reason: success ratio below threshold (connection struggling) (success_ratio = 1.000, threshold = 0.500)"},"filename":"D:\\a\\xet-core\\xet-core\\xet_client\\src\\cas_client\\adaptive_concurrency\\controller.rs","line_number":586}
{"timestamp":"2026-09-07T13:55:03.230566Z","level":"INFO","fields":{"message":"Concurrency control for download: Decreased concurrency from 1 to 1; reason: success ratio below threshold (connection struggling) (success_ratio = 1.000, threshold = 0.500)"},"filename":"D:\\a\\xet-core\\xet-core\\xet_client\\src\\cas_client\\adaptive_concurrency\\controller.rs","line_number":586}
{"timestamp":"2026-09-07T13:55:03.756674Z","level":"INFO","fields":{"message":"Concurrency control for download: Decreased concurrency from 1 to 1; reason: success ratio below threshold (connection struggling) (success_ratio = 1.000, threshold = 0.500)"},"filename":"D:\\a\\xet-core\\xet-core\\xet_client\\src\\cas_client\\adaptive_concurrency\\controller.rs","line_number":586}
{"timestamp":"2026-09-07T13:55:04.334561Z","level":"INFO","fields":{"message":"Concurrency control for download: Decreased concurrency from 1 to 1; reason: success ratio below threshold (connection struggling) (success_ratio = 1.000, threshold = 0.500)"},"filename":"D:\\a\\xet-core\\xet-core\\xet_client\\src\\cas_client\\adaptive_concurrency\\controller.rs","line_number":586}
{"timestamp":"2026-09-07T13:55:04.856896Z","level":"INFO","fields":{"message":"Concurrency control for download: Decreased concurrency from 1 to 1; reason: success ratio below threshold (connection struggling) (success_ratio = 1.000, threshold = 0.500)"},"filename":"D:\\a\\xet-core\\xet-core\\xet_client\\src\\cas_client\\adaptive_concurrency\\controller.rs","line_number":586}
{"timestamp":"2026-09-07T13:55:05.359527Z","level":"INFO","fields":{"message":"Concurrency control for download: Decreased concurrency from 1 to 1; reason: success ratio below threshold (connection struggling) (success_ratio = 1.000, threshold = 0.500)"},"filename":"D:\\a\\xet-core\\xet-core\\xet_client\\src\\cas_client\\adaptive_concurrency\\controller.rs","line_number":586}
{"timestamp":"2026-09-07T13:55:05.889880Z","level":"INFO","fields":{"message":"Concurrency control for download: Decreased concurrency from 1 to 1; reason: success ratio below threshold (connection struggling) (success_ratio = 1.000, threshold = 0.500)"},"filename":"D:\\a\\xet-core\\xet-core\\xet_client\\src\\cas_client\\adaptive_concurrency\\controller.rs","line_number":586}
{"timestamp":"2026-09-07T13:55:06.026091Z","level":"INFO","fields":{"message":"Concurrency control for download: Current concurrency = 1; predicted bandwidth = 31765; success_ratio = 1.000; reference_size = 61.0MB; observed bytes sent so far = 820079411; completed transmissions = 26"},"filename":"D:\\a\\xet-core\\xet-core\\xet_client\\src\\cas_client\\adaptive_concurrency\\controller.rs","line_number":602}
{"timestamp":"2026-09-07T13:55:06.403696Z","level":"INFO","fields":{"message":"Concurrency control for download: Decreased concurrency from 1 to 1; reason: success ratio below threshold (connection struggling) (success_ratio = 1.000, threshold = 0.500)"},"filename":"D:\\a\\xet-core\\xet-core\\xet_client\\src\\cas_client\\adaptive_concurrency\\controller.rs","line_number":586}
{"timestamp":"2026-09-07T13:55:07.052813Z","level":"INFO","fields":{"message":"Concurrency control for download: Decreased concurrency from 1 to 1; reason: success ratio below threshold (connection struggling) (success_ratio = 1.000, threshold = 0.500)"},"filename":"D:\\a\\xet-core\\xet-core\\xet_client\\src\\cas_client\\adaptive_concurrency\\controller.rs","line_number":586}
{"timestamp":"2026-09-07T13:55:07.645804Z","level":"INFO","fields":{"message":"Concurrency control for download: Decreased concurrency from 1 to 1; reason: success ratio below threshold (connection struggling) (success_ratio = 1.000, threshold = 0.500)"},"filename":"D:\\a\\xet-core\\xet-core\\xet_client\\src\\cas_client\\adaptive_concurrency\\controller.rs","line_number":586}
{"timestamp":"2026-09-07T13:55:08.177340Z","level":"INFO","fields":{"message":"Concurrency control for download: Decreased concurrency from 1 to 1; reason: success ratio below threshold (connection struggling) (success_ratio = 1.000, threshold = 0.500)"},"filename":"D:\\a\\xet-core\\xet-core\\xet_client\\src\\cas_client\\adaptive_concurrency\\controller.rs","line_number":586}
{"timestamp":"2026-09-07T13:55:08.711213Z","level":"INFO","fields":{"message":"Concurrency control for download: Decreased concurrency from 1 to 1; reason: success ratio below threshold (connection struggling) (success_ratio = 1.000, threshold = 0.500)"},"filename":"D:\\a\\xet-core\\xet-core\\xet_client\\src\\cas_client\\adaptive_concurrency\\controller.rs","line_number":586}
{"timestamp":"2026-09-07T13:55:09.232799Z","level":"INFO","fields":{"message":"Concurrency control for download: Decreased concurrency from 1 to 1; reason: success ratio below threshold (connection struggling) (success_ratio = 1.000, threshold = 0.500)"},"filename":"D:\\a\\xet-core\\xet-core\\xet_client\\src\\cas_client\\adaptive_concurrency\\controller.rs","line_number":586}
{"timestamp":"2026-09-07T13:55:09.824806Z","level":"INFO","fields":{"message":"Concurrency control for download: Decreased concurrency from 1 to 1; reason: success ratio below threshold (connection struggling) (success_ratio = 1.000, threshold = 0.500)"},"filename":"D:\\a\\xet-core\\xet-core\\xet_client\\src\\cas_client\\adaptive_concurrency\\controller.rs","line_number":586}
{"timestamp":"2026-09-07T13:55:10.329787Z","level":"INFO","fields":{"message":"Concurrency control for download: Decreased concurrency from 1 to 1; reason: success ratio below threshold (connection struggling) (success_ratio = 1.000, threshold = 0.500)"},"filename":"D:\\a\\xet-core\\xet-core\\xet_client\\src\\cas_client\\adaptive_concurrency\\controller.rs","line_number":586}
{"timestamp":"2026-09-07T13:55:10.884501Z","level":"INFO","fields":{"message":"Concurrency control for download: Decreased concurrency from 1 to 1; reason: success ratio below threshold (connection struggling) (success_ratio = 1.000, threshold = 0.500)"},"filename":"D:\\a\\xet-core\\xet-core\\xet_client\\src\\cas_client\\adaptive_concurrency\\controller.rs","line_number":586}
{"timestamp":"2026-09-07T13:55:11.398789Z","level":"INFO","fields":{"message":"Concurrency control for download: Decreased concurrency from 1 to 1; reason: success ratio below threshold (connection struggling) (success_ratio = 1.000, threshold = 0.500)"},"filename":"D:\\a\\xet-core\\xet-core\\xet_client\\src\\cas_client\\adaptive_concurrency\\controller.rs","line_number":586}
{"timestamp":"2026-09-07T13:55:11.908787Z","level":"INFO","fields":{"message":"Concurrency control for download: Decreased concurrency from 1 to 1; reason: success ratio below threshold (connection struggling) (success_ratio = 1.000, threshold = 0.500)"},"filename":"D:\\a\\xet-core\\xet-core\\xet_client\\src\\cas_client\\adaptive_concurrency\\controller.rs","line_number":586}
{"timestamp":"2026-09-07T13:55:12.411535Z","level":"INFO","fields":{"message":"Concurrency control for download: Decreased concurrency from 1 to 1; reason: success ratio below threshold (connection struggling) (success_ratio = 1.000, threshold = 0.500)"},"filename":"D:\\a\\xet-core\\xet-core\\xet_client\\src\\cas_client\\adaptive_concurrency\\controller.rs","line_number":586}
{"timestamp":"2026-09-07T13:55:12.930193Z","level":"INFO","fields":{"message":"Concurrency control for download: Decreased concurrency from 1 to 1; reason: success ratio below threshold (connection struggling) (success_ratio = 1.000, threshold = 0.500)"},"filename":"D:\\a\\xet-core\\xet-core\\xet_client\\src\\cas_client\\adaptive_concurrency\\controller.rs","line_number":586}
{"timestamp":"2026-09-07T13:55:13.510685Z","level":"INFO","fields":{"message":"Concurrency control for download: Decreased concurrency from 1 to 1; reason: success ratio below threshold (connection struggling) (success_ratio = 1.000, threshold = 0.500)"},"filename":"D:\\a\\xet-core\\xet-core\\xet_client\\src\\cas_client\\adaptive_concurrency\\controller.rs","line_number":586}
{"timestamp":"2026-09-07T13:55:14.091768Z","level":"INFO","fields":{"message":"Concurrency control for download: Decreased concurrency from 1 to 1; reason: success ratio below threshold (connection struggling) (success_ratio = 1.000, threshold = 0.500)"},"filename":"D:\\a\\xet-core\\xet-core\\xet_client\\src\\cas_client\\adaptive_concurrency\\controller.rs","line_number":586}
{"timestamp":"2026-09-07T13:55:14.616212Z","level":"INFO","fields":{"message":"Concurrency control for download: Decreased concurrency from 1 to 1; reason: success ratio below threshold (connection struggling) (success_ratio = 1.000, threshold = 0.500)"},"filename":"D:\\a\\xet-core\\xet-core\\xet_client\\src\\cas_client\\adaptive_concurrency\\controller.rs","line_number":586}
{"timestamp":"2026-09-07T13:55:15.138819Z","level":"INFO","fields":{"message":"Concurrency control for download: Decreased concurrency from 1 to 1; reason: success ratio below threshold (connection struggling) (success_ratio = 1.000, threshold = 0.500)"},"filename":"D:\\a\\xet-core\\xet-core\\xet_client\\src\\cas_client\\adaptive_concurrency\\controller.rs","line_number":586}
{"timestamp":"2026-09-07T13:55:15.713540Z","level":"INFO","fields":{"message":"Concurrency control for download: Decreased concurrency from 1 to 1; reason: success ratio below threshold (connection struggling) (success_ratio = 1.000, threshold = 0.500)"},"filename":"D:\\a\\xet-core\\xet-core\\xet_client\\src\\cas_client\\adaptive_concurrency\\controller.rs","line_number":586}
{"timestamp":"2026-09-07T13:55:16.232415Z","level":"INFO","fields":{"message":"Concurrency control for download: Decreased concurrency from 1 to 1; reason: success ratio below threshold (connection struggling) (success_ratio = 1.000, threshold = 0.500)"},"filename":"D:\\a\\xet-core\\xet-core\\xet_client\\src\\cas_client\\adaptive_concurrency\\controller.rs","line_number":586}
{"timestamp":"2026-09-07T13:55:16.232455Z","level":"INFO","fields":{"message":"Concurrency control for download: Current concurrency = 1; predicted bandwidth = 30782; success_ratio = 1.000; reference_size = 61.0MB; observed bytes sent so far = 827714355; completed transmissions = 26"},"filename":"D:\\a\\xet-core\\xet-core\\xet_client\\src\\cas_client\\adaptive_concurrency\\controller.rs","line_number":602}
{"timestamp":"2026-09-07T13:55:16.736257Z","level":"INFO","fields":{"message":"Concurrency control for download: Decreased concurrency from 1 to 1; reason: success ratio below threshold (connection struggling) (success_ratio = 1.000, threshold = 0.500)"},"filename":"D:\\a\\xet-core\\xet-core\\xet_client\\src\\cas_client\\adaptive_concurrency\\controller.rs","line_number":586}
{"timestamp":"2026-09-07T13:55:17.254570Z","level":"INFO","fields":{"message":"Concurrency control for download: Decreased concurrency from 1 to 1; reason: success ratio below threshold (connection struggling) (success_ratio = 1.000, threshold = 0.500)"},"filename":"D:\\a\\xet-core\\xet-core\\xet_client\\src\\cas_client\\adaptive_concurrency\\controller.rs","line_number":586}
{"timestamp":"2026-09-07T13:55:17.763424Z","level":"INFO","fields":{"message":"Concurrency control for download: Decreased concurrency from 1 to 1; reason: success ratio below threshold (connection struggling) (success_ratio = 1.000, threshold = 0.500)"},"filename":"D:\\a\\xet-core\\xet-core\\xet_client\\src\\cas_client\\adaptive_concurrency\\controller.rs","line_number":586}
{"timestamp":"2026-09-07T13:55:18.302187Z","level":"INFO","fields":{"message":"Concurrency control for download: Decreased concurrency from 1 to 1; reason: success ratio below threshold (connection struggling) (success_ratio = 1.000, threshold = 0.500)"},"filename":"D:\\a\\xet-core\\xet-core\\xet_client\\src\\cas_client\\adaptive_concurrency\\controller.rs","line_number":586}
{"timestamp":"2026-09-07T13:55:18.987976Z","level":"INFO","fields":{"message":"Concurrency control for download: Decreased concurrency from 1 to 1; reason: success ratio below threshold (connection struggling) (success_ratio = 1.000, threshold = 0.500)"},"filename":"D:\\a\\xet-core\\xet-core\\xet_client\\src\\cas_client\\adaptive_concurrency\\controller.rs","line_number":586}
{"timestamp":"2026-09-07T13:55:19.492481Z","level":"INFO","fields":{"message":"Concurrency control for download: Decreased concurrency from 1 to 1; reason: success ratio below threshold (connection struggling) (success_ratio = 1.000, threshold = 0.500)"},"filename":"D:\\a\\xet-core\\xet-core\\xet_client\\src\\cas_client\\adaptive_concurrency\\controller.rs","line_number":586}
{"timestamp":"2026-09-07T13:55:20.121265Z","level":"INFO","fields":{"message":"Concurrency control for download: Decreased concurrency from 1 to 1; reason: success ratio below threshold (connection struggling) (success_ratio = 1.000, threshold = 0.500)"},"filename":"D:\\a\\xet-core\\xet-core\\xet_client\\src\\cas_client\\adaptive_concurrency\\controller.rs","line_number":586}
{"timestamp":"2026-09-07T13:55:20.628252Z","level":"INFO","fields":{"message":"Concurrency control for download: Decreased concurrency from 1 to 1; reason: success ratio below threshold (connection struggling) (success_ratio = 1.000, threshold = 0.500)"},"filename":"D:\\a\\xet-core\\xet-core\\xet_client\\src\\cas_client\\adaptive_concurrency\\controller.rs","line_number":586}
{"timestamp":"2026-09-07T13:55:21.141138Z","level":"INFO","fields":{"message":"Concurrency control for download: Decreased concurrency from 1 to 1; reason: success ratio below threshold (connection struggling) (success_ratio = 1.000, threshold = 0.500)"},"filename":"D:\\a\\xet-core\\xet-core\\xet_client\\src\\cas_client\\adaptive_concurrency\\controller.rs","line_number":586}
{"timestamp":"2026-09-07T13:55:21.663784Z","level":"INFO","fields":{"message":"Concurrency control for download: Decreased concurrency from 1 to 1; reason: success ratio below threshold (connection struggling) (success_ratio = 1.000, threshold = 0.500)"},"filename":"D:\\a\\xet-core\\xet-core\\xet_client\\src\\cas_client\\adaptive_concurrency\\controller.rs","line_number":586}
{"timestamp":"2026-09-07T13:55:22.243522Z","level":"INFO","fields":{"message":"Concurrency control for download: Decreased concurrency from 1 to 1; reason: success ratio below threshold (connection struggling) (success_ratio = 1.000, threshold = 0.500)"},"filename":"D:\\a\\xet-core\\xet-core\\xet_client\\src\\cas_client\\adaptive_concurrency\\controller.rs","line_number":586}
{"timestamp":"2026-09-07T13:55:22.906429Z","level":"INFO","fields":{"message":"Concurrency control for download: Decreased concurrency from 1 to 1; reason: success ratio below threshold (connection struggling) (success_ratio = 1.000, threshold = 0.500)"},"filename":"D:\\a\\xet-core\\xet-core\\xet_client\\src\\cas_client\\adaptive_concurrency\\controller.rs","line_number":586}
{"timestamp":"2026-09-07T13:55:23.477963Z","level":"INFO","fields":{"message":"Concurrency control for download: Decreased concurrency from 1 to 1; reason: success ratio below threshold (connection struggling) (success_ratio = 1.000, threshold = 0.500)"},"filename":"D:\\a\\xet-core\\xet-core\\xet_client\\src\\cas_client\\adaptive_concurrency\\controller.rs","line_number":586}
{"timestamp":"2026-09-07T13:55:24.056297Z","level":"INFO","fields":{"message":"Concurrency control for download: Decreased concurrency from 1 to 1; reason: success ratio below threshold (connection struggling) (success_ratio = 1.000, threshold = 0.500)"},"filename":"D:\\a\\xet-core\\xet-core\\xet_client\\src\\cas_client\\adaptive_concurrency\\controller.rs","line_number":586}
{"timestamp":"2026-09-07T13:55:24.558335Z","level":"INFO","fields":{"message":"Concurrency control for download: Decreased concurrency from 1 to 1; reason: success ratio below threshold (connection struggling) (success_ratio = 1.000, threshold = 0.500)"},"filename":"D:\\a\\xet-core\\xet-core\\xet_client\\src\\cas_client\\adaptive_concurrency\\controller.rs","line_number":586}
{"timestamp":"2026-09-07T13:55:25.069385Z","level":"INFO","fields":{"message":"Concurrency control for download: Decreased concurrency from 1 to 1; reason: success ratio below threshold (connection struggling) (success_ratio = 1.000, threshold = 0.500)"},"filename":"D:\\a\\xet-core\\xet-core\\xet_client\\src\\cas_client\\adaptive_concurrency\\controller.rs","line_number":586}
{"timestamp":"2026-09-07T13:55:25.666929Z","level":"INFO","fields":{"message":"Concurrency control for download: Decreased concurrency from 1 to 1; reason: success ratio below threshold (connection struggling) (success_ratio = 1.000, threshold = 0.500)"},"filename":"D:\\a\\xet-core\\xet-core\\xet_client\\src\\cas_client\\adaptive_concurrency\\controller.rs","line_number":586}
{"timestamp":"2026-09-07T13:55:26.193959Z","level":"INFO","fields":{"message":"Concurrency control for download: Decreased concurrency from 1 to 1; reason: success ratio below threshold (connection struggling) (success_ratio = 1.000, threshold = 0.500)"},"filename":"D:\\a\\xet-core\\xet-core\\xet_client\\src\\cas_client\\adaptive_concurrency\\controller.rs","line_number":586}
{"timestamp":"2026-09-07T13:55:26.244080Z","level":"INFO","fields":{"message":"Concurrency control for download: Current concurrency = 1; predicted bandwidth = 29437; success_ratio = 1.000; reference_size = 61.0MB; observed bytes sent so far = 835263025; completed transmissions = 26"},"filename":"D:\\a\\xet-core\\xet-core\\xet_client\\src\\cas_client\\adaptive_concurrency\\controller.rs","line_number":602}
{"timestamp":"2026-09-07T13:55:26.757014Z","level":"INFO","fields":{"message":"Concurrency control for download: Decreased concurrency from 1 to 1; reason: success ratio below threshold (connection struggling) (success_ratio = 1.000, threshold = 0.500)"},"filename":"D:\\a\\xet-core\\xet-core\\xet_client\\src\\cas_client\\adaptive_concurrency\\controller.rs","line_number":586}
{"timestamp":"2026-09-07T13:55:27.286839Z","level":"INFO","fields":{"message":"Concurrency control for download: Decreased concurrency from 1 to 1; reason: success ratio below threshold (connection struggling) (success_ratio = 1.000, threshold = 0.500)"},"filename":"D:\\a\\xet-core\\xet-core\\xet_client\\src\\cas_client\\adaptive_concurrency\\controller.rs","line_number":586}
{"timestamp":"2026-09-07T13:55:27.918493Z","level":"INFO","fields":{"message":"Concurrency control for download: Decreased concurrency from 1 to 1; reason: success ratio below threshold (connection struggling) (success_ratio = 1.000, threshold = 0.500)"},"filename":"D:\\a\\xet-core\\xet-core\\xet_client\\src\\cas_client\\adaptive_concurrency\\controller.rs","line_number":586}
{"timestamp":"2026-09-07T13:55:28.505269Z","level":"INFO","fields":{"message":"Concurrency control for download: Decreased concurrency from 1 to 1; reason: success ratio below threshold (connection struggling) (success_ratio = 1.000, threshold = 0.500)"},"filename":"D:\\a\\xet-core\\xet-core\\xet_client\\src\\cas_client\\adaptive_concurrency\\controller.rs","line_number":586}
{"timestamp":"2026-09-07T13:55:29.014579Z","level":"INFO","fields":{"message":"Concurrency control for download: Decreased concurrency from 1 to 1; reason: success ratio below threshold (connection struggling) (success_ratio = 1.000, threshold = 0.500)"},"filename":"D:\\a\\xet-core\\xet-core\\xet_client\\src\\cas_client\\adaptive_concurrency\\controller.rs","line_number":586}
{"timestamp":"2026-09-07T13:55:29.645518Z","level":"INFO","fields":{"message":"Concurrency control for download: Decreased concurrency from 1 to 1; reason: success ratio below threshold (connection struggling) (success_ratio = 1.000, threshold = 0.500)"},"filename":"D:\\a\\xet-core\\xet-core\\xet_client\\src\\cas_client\\adaptive_concurrency\\controller.rs","line_number":586}
{"timestamp":"2026-09-07T13:55:30.237938Z","level":"INFO","fields":{"message":"Concurrency control for download: Decreased concurrency from 1 to 1; reason: success ratio below threshold (connection struggling) (success_ratio = 1.000, threshold = 0.500)"},"filename":"D:\\a\\xet-core\\xet-core\\xet_client\\src\\cas_client\\adaptive_concurrency\\controller.rs","line_number":586}
{"timestamp":"2026-09-07T13:55:30.752440Z","level":"INFO","fields":{"message":"Concurrency control for download: Decreased concurrency from 1 to 1; reason: success ratio below threshold (connection struggling) (success_ratio = 1.000, threshold = 0.500)"},"filename":"D:\\a\\xet-core\\xet-core\\xet_client\\src\\cas_client\\adaptive_concurrency\\controller.rs","line_number":586}
{"timestamp":"2026-09-07T13:55:31.255173Z","level":"INFO","fields":{"message":"Concurrency control for download: Decreased concurrency from 1 to 1; reason: success ratio below threshold (connection struggling) (success_ratio = 1.000, threshold = 0.500)"},"filename":"D:\\a\\xet-core\\xet-core\\xet_client\\src\\cas_client\\adaptive_concurrency\\controller.rs","line_number":586}
{"timestamp":"2026-09-07T13:55:31.763772Z","level":"INFO","fields":{"message":"Concurrency control for download: Decreased concurrency from 1 to 1; reason: success ratio below threshold (connection struggling) (success_ratio = 1.000, threshold = 0.500)"},"filename":"D:\\a\\xet-core\\xet-core\\xet_client\\src\\cas_client\\adaptive_concurrency\\controller.rs","line_number":586}
{"timestamp":"2026-09-07T13:55:32.347832Z","level":"INFO","fields":{"message":"Concurrency control for download: Decreased concurrency from 1 to 1; reason: success ratio below threshold (connection struggling) (success_ratio = 1.000, threshold = 0.500)"},"filename":"D:\\a\\xet-core\\xet-core\\xet_client\\src\\cas_client\\adaptive_concurrency\\controller.rs","line_number":586}
{"timestamp":"2026-09-07T13:55:32.913988Z","level":"INFO","fields":{"message":"Concurrency control for download: Decreased concurrency from 1 to 1; reason: success ratio below threshold (connection struggling) (success_ratio = 1.000, threshold = 0.500)"},"filename":"D:\\a\\xet-core\\xet-core\\xet_client\\src\\cas_client\\adaptive_concurrency\\controller.rs","line_number":586}
{"timestamp":"2026-09-07T13:55:33.675469Z","level":"INFO","fields":{"message":"Concurrency control for download: Decreased concurrency from 1 to 1; reason: success ratio below threshold (connection struggling) (success_ratio = 1.000, threshold = 0.500)"},"filename":"D:\\a\\xet-core\\xet-core\\xet_client\\src\\cas_client\\adaptive_concurrency\\controller.rs","line_number":586}
{"timestamp":"2026-09-07T13:55:34.430979Z","level":"INFO","fields":{"message":"Concurrency control for download: Decreased concurrency from 1 to 1; reason: success ratio below threshold (connection struggling) (success_ratio = 1.000, threshold = 0.500)"},"filename":"D:\\a\\xet-core\\xet-core\\xet_client\\src\\cas_client\\adaptive_concurrency\\controller.rs","line_number":586}
{"timestamp":"2026-09-07T13:55:35.297103Z","level":"INFO","fields":{"message":"Concurrency control for download: Decreased concurrency from 1 to 1; reason: success ratio below threshold (connection struggling) (success_ratio = 1.000, threshold = 0.500)"},"filename":"D:\\a\\xet-core\\xet-core\\xet_client\\src\\cas_client\\adaptive_concurrency\\controller.rs","line_number":586}
{"timestamp":"2026-09-07T13:55:36.056336Z","level":"INFO","fields":{"message":"Concurrency control for download: Decreased concurrency from 1 to 1; reason: success ratio below threshold (connection struggling) (success_ratio = 1.000, threshold = 0.500)"},"filename":"D:\\a\\xet-core\\xet-core\\xet_client\\src\\cas_client\\adaptive_concurrency\\controller.rs","line_number":586}
{"timestamp":"2026-09-07T13:55:36.263251Z","level":"INFO","fields":{"message":"Concurrency control for download: Current concurrency = 1; predicted bandwidth = 28745; success_ratio = 1.000; reference_size = 61.0MB; observed bytes sent so far = 842689331; completed transmissions = 26"},"filename":"D:\\a\\xet-core\\xet-core\\xet_client\\src\\cas_client\\adaptive_concurrency\\controller.rs","line_number":602}
{"timestamp":"2026-09-07T13:55:36.639235Z","level":"INFO","fields":{"message":"Concurrency control for download: Decreased concurrency from 1 to 1; reason: success ratio below threshold (connection struggling) (success_ratio = 1.000, threshold = 0.500)"},"filename":"D:\\a\\xet-core\\xet-core\\xet_client\\src\\cas_client\\adaptive_concurrency\\controller.rs","line_number":586}
{"timestamp":"2026-09-07T13:55:37.140051Z","level":"INFO","fields":{"message":"Concurrency control for download: Decreased concurrency from 1 to 1; reason: success ratio below threshold (connection struggling) (success_ratio = 1.000, threshold = 0.500)"},"filename":"D:\\a\\xet-core\\xet-core\\xet_client\\src\\cas_client\\adaptive_concurrency\\controller.rs","line_number":586}
{"timestamp":"2026-09-07T13:55:37.706503Z","level":"INFO","fields":{"message":"Concurrency control for download: Decreased concurrency from 1 to 1; reason: success ratio below threshold (connection struggling) (success_ratio = 1.000, threshold = 0.500)"},"filename":"D:\\a\\xet-core\\xet-core\\xet_client\\src\\cas_client\\adaptive_concurrency\\controller.rs","line_number":586}
{"timestamp":"2026-09-07T13:55:38.259264Z","level":"INFO","fields":{"message":"Concurrency control for download: Decreased concurrency from 1 to 1; reason: success ratio below threshold (connection struggling) (success_ratio = 1.000, threshold = 0.500)"},"filename":"D:\\a\\xet-core\\xet-core\\xet_client\\src\\cas_client\\adaptive_concurrency\\controller.rs","line_number":586}
{"timestamp":"2026-09-07T13:55:38.829102Z","level":"INFO","fields":{"message":"Concurrency control for download: Decreased concurrency from 1 to 1; reason: success ratio below threshold (connection struggling) (success_ratio = 1.000, threshold = 0.500)"},"filename":"D:\\a\\xet-core\\xet-core\\xet_client\\src\\cas_client\\adaptive_concurrency\\controller.rs","line_number":586}
{"timestamp":"2026-09-07T13:55:39.358039Z","level":"INFO","fields":{"message":"Concurrency control for download: Decreased concurrency from 1 to 1; reason: success ratio below threshold (connection struggling) (success_ratio = 1.000, threshold = 0.500)"},"filename":"D:\\a\\xet-core\\xet-core\\xet_client\\src\\cas_client\\adaptive_concurrency\\controller.rs","line_number":586}
{"timestamp":"2026-09-07T13:55:39.986828Z","level":"INFO","fields":{"message":"Concurrency control for download: Decreased concurrency from 1 to 1; reason: success ratio below threshold (connection struggling) (success_ratio = 1.000, threshold = 0.500)"},"filename":"D:\\a\\xet-core\\xet-core\\xet_client\\src\\cas_client\\adaptive_concurrency\\controller.rs","line_number":586}
{"timestamp":"2026-09-07T13:55:40.549940Z","level":"INFO","fields":{"message":"Concurrency control for download: Decreased concurrency from 1 to 1; reason: success ratio below threshold (connection struggling) (success_ratio = 1.000, threshold = 0.500)"},"filename":"D:\\a\\xet-core\\xet-core\\xet_client\\src\\cas_client\\adaptive_concurrency\\controller.rs","line_number":586}
{"timestamp":"2026-09-07T13:55:41.108191Z","level":"INFO","fields":{"message":"Concurrency control for download: Decreased concurrency from 1 to 1; reason: success ratio below threshold (connection struggling) (success_ratio = 1.000, threshold = 0.500)"},"filename":"D:\\a\\xet-core\\xet-core\\xet_client\\src\\cas_client\\adaptive_concurrency\\controller.rs","line_number":586}
{"timestamp":"2026-09-07T13:55:41.612694Z","level":"INFO","fields":{"message":"Concurrency control for download: Decreased concurrency from 1 to 1; reason: success ratio below threshold (connection struggling) (success_ratio = 1.000, threshold = 0.500)"},"filename":"D:\\a\\xet-core\\xet-core\\xet_client\\src\\cas_client\\adaptive_concurrency\\controller.rs","line_number":586}
{"timestamp":"2026-09-07T13:55:42.119558Z","level":"INFO","fields":{"message":"Concurrency control for download: Decreased concurrency from 1 to 1; reason: success ratio below threshold (connection struggling) (success_ratio = 1.000, threshold = 0.500)"},"filename":"D:\\a\\xet-core\\xet-core\\xet_client\\src\\cas_client\\adaptive_concurrency\\controller.rs","line_number":586}
{"timestamp":"2026-09-07T13:55:42.637245Z","level":"INFO","fields":{"message":"Concurrency control for download: Decreased concurrency from 1 to 1; reason: success ratio below threshold (connection struggling) (success_ratio = 1.000, threshold = 0.500)"},"filename":"D:\\a\\xet-core\\xet-core\\xet_client\\src\\cas_client\\adaptive_concurrency\\controller.rs","line_number":586}
{"timestamp":"2026-09-07T13:55:43.243500Z","level":"INFO","fields":{"message":"Concurrency control for download: Decreased concurrency from 1 to 1; reason: success ratio below threshold (connection struggling) (success_ratio = 1.000, threshold = 0.500)"},"filename":"D:\\a\\xet-core\\xet-core\\xet_client\\src\\cas_client\\adaptive_concurrency\\controller.rs","line_number":586}
{"timestamp":"2026-09-07T13:55:43.751245Z","level":"INFO","fields":{"message":"Concurrency control for download: Decreased concurrency from 1 to 1; reason: success ratio below threshold (connection struggling) (success_ratio = 1.000, threshold = 0.500)"},"filename":"D:\\a\\xet-core\\xet-core\\xet_client\\src\\cas_client\\adaptive_concurrency\\controller.rs","line_number":586}
{"timestamp":"2026-09-07T13:55:44.421649Z","level":"INFO","fields":{"message":"Concurrency control for download: Decreased concurrency from 1 to 1; reason: success ratio below threshold (connection struggling) (success_ratio = 1.000, threshold = 0.500)"},"filename":"D:\\a\\xet-core\\xet-core\\xet_client\\src\\cas_client\\adaptive_concurrency\\controller.rs","line_number":586}
{"timestamp":"2026-09-07T13:55:44.975718Z","level":"INFO","fields":{"message":"Concurrency control for download: Decreased concurrency from 1 to 1; reason: success ratio below threshold (connection struggling) (success_ratio = 1.000, threshold = 0.500)"},"filename":"D:\\a\\xet-core\\xet-core\\xet_client\\src\\cas_client\\adaptive_concurrency\\controller.rs","line_number":586}
{"timestamp":"2026-09-07T13:55:45.501872Z","level":"INFO","fields":{"message":"Concurrency control for download: Decreased concurrency from 1 to 1; reason: success ratio below threshold (connection struggling) (success_ratio = 1.000, threshold = 0.500)"},"filename":"D:\\a\\xet-core\\xet-core\\xet_client\\src\\cas_client\\adaptive_concurrency\\controller.rs","line_number":586}
{"timestamp":"2026-09-07T13:55:46.289006Z","level":"INFO","fields":{"message":"Concurrency control for download: Decreased concurrency from 1 to 1; reason: success ratio below threshold (connection struggling) (success_ratio = 1.000, threshold = 0.500)"},"filename":"D:\\a\\xet-core\\xet-core\\xet_client\\src\\cas_client\\adaptive_concurrency\\controller.rs","line_number":586}
{"timestamp":"2026-09-07T13:55:46.289044Z","level":"INFO","fields":{"message":"Concurrency control for download: Current concurrency = 1; predicted bandwidth = 28054; success_ratio = 1.000; reference_size = 61.0MB; observed bytes sent so far = 848764287; completed transmissions = 26"},"filename":"D:\\a\\xet-core\\xet-core\\xet_client\\src\\cas_client\\adaptive_concurrency\\controller.rs","line_number":602}
{"timestamp":"2026-09-07T13:55:46.936173Z","level":"INFO","fields":{"message":"Concurrency control for download: Decreased concurrency from 1 to 1; reason: success ratio below threshold (connection struggling) (success_ratio = 1.000, threshold = 0.500)"},"filename":"D:\\a\\xet-core\\xet-core\\xet_client\\src\\cas_client\\adaptive_concurrency\\controller.rs","line_number":586}
{"timestamp":"2026-09-07T13:55:47.598482Z","level":"INFO","fields":{"message":"Concurrency control for download: Decreased concurrency from 1 to 1; reason: success ratio below threshold (connection struggling) (success_ratio = 1.000, threshold = 0.500)"},"filename":"D:\\a\\xet-core\\xet-core\\xet_client\\src\\cas_client\\adaptive_concurrency\\controller.rs","line_number":586}
{"timestamp":"2026-09-07T13:55:48.117456Z","level":"INFO","fields":{"message":"Concurrency control for download: Decreased concurrency from 1 to 1; reason: success ratio below threshold (connection struggling) (success_ratio = 1.000, threshold = 0.500)"},"filename":"D:\\a\\xet-core\\xet-core\\xet_client\\src\\cas_client\\adaptive_concurrency\\controller.rs","line_number":586}
{"timestamp":"2026-09-07T13:55:48.663433Z","level":"INFO","fields":{"message":"Concurrency control for download: Decreased concurrency from 1 to 1; reason: success ratio below threshold (connection struggling) (success_ratio = 1.000, threshold = 0.500)"},"filename":"D:\\a\\xet-core\\xet-core\\xet_client\\src\\cas_client\\adaptive_concurrency\\controller.rs","line_number":586}
{"timestamp":"2026-09-07T13:55:49.247157Z","level":"INFO","fields":{"message":"Concurrency control for download: Decreased concurrency from 1 to 1; reason: success ratio below threshold (connection struggling) (success_ratio = 1.000, threshold = 0.500)"},"filename":"D:\\a\\xet-core\\xet-core\\xet_client\\src\\cas_client\\adaptive_concurrency\\controller.rs","line_number":586}
{"timestamp":"2026-09-07T13:55:49.775554Z","level":"INFO","fields":{"message":"Concurrency control for download: Decreased concurrency from 1 to 1; reason: success ratio below threshold (connection struggling) (success_ratio = 1.000, threshold = 0.500)"},"filename":"D:\\a\\xet-core\\xet-core\\xet_client\\src\\cas_client\\adaptive_concurrency\\controller.rs","line_number":586}
{"timestamp":"2026-09-07T13:55:50.386429Z","level":"INFO","fields":{"message":"Concurrency control for download: Decreased concurrency from 1 to 1; reason: success ratio below threshold (connection struggling) (success_ratio = 1.000, threshold = 0.500)"},"filename":"D:\\a\\xet-core\\xet-core\\xet_client\\src\\cas_client\\adaptive_concurrency\\controller.rs","line_number":586}
{"timestamp":"2026-09-07T13:55:50.948479Z","level":"INFO","fields":{"message":"Concurrency control for download: Decreased concurrency from 1 to 1; reason: success ratio below threshold (connection struggling) (success_ratio = 1.000, threshold = 0.500)"},"filename":"D:\\a\\xet-core\\xet-core\\xet_client\\src\\cas_client\\adaptive_concurrency\\controller.rs","line_number":586}
{"timestamp":"2026-09-07T13:55:51.498636Z","level":"INFO","fields":{"message":"Concurrency control for download: Decreased concurrency from 1 to 1; reason: success ratio below threshold (connection struggling) (success_ratio = 1.000, threshold = 0.500)"},"filename":"D:\\a\\xet-core\\xet-core\\xet_client\\src\\cas_client\\adaptive_concurrency\\controller.rs","line_number":586}
{"timestamp":"2026-09-07T13:55:52.074694Z","level":"INFO","fields":{"message":"Concurrency control for download: Decreased concurrency from 1 to 1; reason: success ratio below threshold (connection struggling) (success_ratio = 1.000, threshold = 0.500)"},"filename":"D:\\a\\xet-core\\xet-core\\xet_client\\src\\cas_client\\adaptive_concurrency\\controller.rs","line_number":586}
{"timestamp":"2026-09-07T13:55:52.742581Z","level":"INFO","fields":{"message":"Concurrency control for download: Decreased concurrency from 1 to 1; reason: success ratio below threshold (connection struggling) (success_ratio = 1.000, threshold = 0.500)"},"filename":"D:\\a\\xet-core\\xet-core\\xet_client\\src\\cas_client\\adaptive_concurrency\\controller.rs","line_number":586}
{"timestamp":"2026-09-07T13:55:53.308384Z","level":"INFO","fields":{"message":"Concurrency control for download: Decreased concurrency from 1 to 1; reason: success ratio below threshold (connection struggling) (success_ratio = 1.000, threshold = 0.500)"},"filename":"D:\\a\\xet-core\\xet-core\\xet_client\\src\\cas_client\\adaptive_concurrency\\controller.rs","line_number":586}
{"timestamp":"2026-09-07T13:55:53.823006Z","level":"INFO","fields":{"message":"Concurrency control for download: Decreased concurrency from 1 to 1; reason: success ratio below threshold (connection struggling) (success_ratio = 1.000, threshold = 0.500)"},"filename":"D:\\a\\xet-core\\xet-core\\xet_client\\src\\cas_client\\adaptive_concurrency\\controller.rs","line_number":586}
{"timestamp":"2026-09-07T13:55:54.335866Z","level":"INFO","fields":{"message":"Concurrency control for download: Decreased concurrency from 1 to 1; reason: success ratio below threshold (connection struggling) (success_ratio = 1.000, threshold = 0.500)"},"filename":"D:\\a\\xet-core\\xet-core\\xet_client\\src\\cas_client\\adaptive_concurrency\\controller.rs","line_number":586}
{"timestamp":"2026-09-07T13:55:54.864224Z","level":"INFO","fields":{"message":"Concurrency control for download: Decreased concurrency from 1 to 1; reason: success ratio below threshold (connection struggling) (success_ratio = 1.000, threshold = 0.500)"},"filename":"D:\\a\\xet-core\\xet-core\\xet_client\\src\\cas_client\\adaptive_concurrency\\controller.rs","line_number":586}
{"timestamp":"2026-09-07T13:55:55.401540Z","level":"INFO","fields":{"message":"Concurrency control for download: Decreased concurrency from 1 to 1; reason: success ratio below threshold (connection struggling) (success_ratio = 1.000, threshold = 0.500)"},"filename":"D:\\a\\xet-core\\xet-core\\xet_client\\src\\cas_client\\adaptive_concurrency\\controller.rs","line_number":586}
{"timestamp":"2026-09-07T13:55:56.049927Z","level":"INFO","fields":{"message":"Concurrency control for download: Decreased concurrency from 1 to 1; reason: success ratio below threshold (connection struggling) (success_ratio = 1.000, threshold = 0.500)"},"filename":"D:\\a\\xet-core\\xet-core\\xet_client\\src\\cas_client\\adaptive_concurrency\\controller.rs","line_number":586}
{"timestamp":"2026-09-07T13:55:56.377937Z","level":"INFO","fields":{"message":"Concurrency control for download: Current concurrency = 1; predicted bandwidth = 27423; success_ratio = 1.000; reference_size = 61.0MB; observed bytes sent so far = 856779571; completed transmissions = 26"},"filename":"D:\\a\\xet-core\\xet-core\\xet_client\\src\\cas_client\\adaptive_concurrency\\controller.rs","line_number":602}
{"timestamp":"2026-09-07T13:55:56.600116Z","level":"INFO","fields":{"message":"Concurrency control for download: Decreased concurrency from 1 to 1; reason: success ratio below threshold (connection struggling) (success_ratio = 1.000, threshold = 0.500)"},"filename":"D:\\a\\xet-core\\xet-core\\xet_client\\src\\cas_client\\adaptive_concurrency\\controller.rs","line_number":586}
{"timestamp":"2026-09-07T13:55:57.113265Z","level":"INFO","fields":{"message":"Concurrency control for download: Decreased concurrency from 1 to 1; reason: success ratio below threshold (connection struggling) (success_ratio = 1.000, threshold = 0.500)"},"filename":"D:\\a\\xet-core\\xet-core\\xet_client\\src\\cas_client\\adaptive_concurrency\\controller.rs","line_number":586}
{"timestamp":"2026-09-07T13:55:57.942309Z","level":"INFO","fields":{"message":"Concurrency control for download: Decreased concurrency from 1 to 1; reason: success ratio below threshold (connection struggling) (success_ratio = 1.000, threshold = 0.500)"},"filename":"D:\\a\\xet-core\\xet-core\\xet_client\\src\\cas_client\\adaptive_concurrency\\controller.rs","line_number":586}
{"timestamp":"2026-09-07T13:55:58.572694Z","level":"INFO","fields":{"message":"Concurrency control for download: Decreased concurrency from 1 to 1; reason: success ratio below threshold (connection struggling) (success_ratio = 1.000, threshold = 0.500)"},"filename":"D:\\a\\xet-core\\xet-core\\xet_client\\src\\cas_client\\adaptive_concurrency\\controller.rs","line_number":586}
{"timestamp":"2026-09-07T13:55:59.113764Z","level":"INFO","fields":{"message":"Concurrency control for download: Decreased concurrency from 1 to 1; reason: success ratio below threshold (connection struggling) (success_ratio = 1.000, threshold = 0.500)"},"filename":"D:\\a\\xet-core\\xet-core\\xet_client\\src\\cas_client\\adaptive_concurrency\\controller.rs","line_number":586}
{"timestamp":"2026-09-07T13:55:59.741083Z","level":"INFO","fields":{"message":"Concurrency control for download: Decreased concurrency from 1 to 1; reason: success ratio below threshold (connection struggling) (success_ratio = 1.000, threshold = 0.500)"},"filename":"D:\\a\\xet-core\\xet-core\\xet_client\\src\\cas_client\\adaptive_concurrency\\controller.rs","line_number":586}
{"timestamp":"2026-09-07T13:56:01.064651Z","level":"INFO","fields":{"message":"Concurrency control for download: Decreased concurrency from 1 to 1; reason: success ratio below threshold (connection struggling) (success_ratio = 1.000, threshold = 0.500)"},"filename":"D:\\a\\xet-core\\xet-core\\xet_client\\src\\cas_client\\adaptive_concurrency\\controller.rs","line_number":586}
{"timestamp":"2026-09-07T13:56:01.654909Z","level":"INFO","fields":{"message":"Concurrency control for download: Decreased concurrency from 1 to 1; reason: success ratio below threshold (connection struggling) (success_ratio = 1.000, threshold = 0.500)"},"filename":"D:\\a\\xet-core\\xet-core\\xet_client\\src\\cas_client\\adaptive_concurrency\\controller.rs","line_number":586}
{"timestamp":"2026-09-07T13:56:02.192725Z","level":"INFO","fields":{"message":"Concurrency control for download: Decreased concurrency from 1 to 1; reason: success ratio below threshold (connection struggling) (success_ratio = 1.000, threshold = 0.500)"},"filename":"D:\\a\\xet-core\\xet-core\\xet_client\\src\\cas_client\\adaptive_concurrency\\controller.rs","line_number":586}
{"timestamp":"2026-09-07T13:56:02.898365Z","level":"INFO","fields":{"message":"Concurrency control for download: Decreased concurrency from 1 to 1; reason: success ratio below threshold (connection struggling) (success_ratio = 1.000, threshold = 0.500)"},"filename":"D:\\a\\xet-core\\xet-core\\xet_client\\src\\cas_client\\adaptive_concurrency\\controller.rs","line_number":586}
{"timestamp":"2026-09-07T13:56:03.757512Z","level":"INFO","fields":{"message":"Concurrency control for download: Decreased concurrency from 1 to 1; reason: success ratio below threshold (connection struggling) (success_ratio = 1.000, threshold = 0.500)"},"filename":"D:\\a\\xet-core\\xet-core\\xet_client\\src\\cas_client\\adaptive_concurrency\\controller.rs","line_number":586}
{"timestamp":"2026-09-07T13:56:04.443092Z","level":"INFO","fields":{"message":"Concurrency control for download: Decreased concurrency from 1 to 1; reason: success ratio below threshold (connection struggling) (success_ratio = 1.000, threshold = 0.500)"},"filename":"D:\\a\\xet-core\\xet-core\\xet_client\\src\\cas_client\\adaptive_concurrency\\controller.rs","line_number":586}
{"timestamp":"2026-09-07T13:56:05.023878Z","level":"INFO","fields":{"message":"Concurrency control for download: Decreased concurrency from 1 to 1; reason: success ratio below threshold (connection struggling) (success_ratio = 1.000, threshold = 0.500)"},"filename":"D:\\a\\xet-core\\xet-core\\xet_client\\src\\cas_client\\adaptive_concurrency\\controller.rs","line_number":586}
{"timestamp":"2026-09-07T13:56:05.531522Z","level":"INFO","fields":{"message":"Concurrency control for download: Decreased concurrency from 1 to 1; reason: success ratio below threshold (connection struggling) (success_ratio = 1.000, threshold = 0.500)"},"filename":"D:\\a\\xet-core\\xet-core\\xet_client\\src\\cas_client\\adaptive_concurrency\\controller.rs","line_number":586}
{"timestamp":"2026-09-07T13:56:06.122349Z","level":"INFO","fields":{"message":"Concurrency control for download: Decreased concurrency from 1 to 1; reason: success ratio below threshold (connection struggling) (success_ratio = 1.000, threshold = 0.500)"},"filename":"D:\\a\\xet-core\\xet-core\\xet_client\\src\\cas_client\\adaptive_concurrency\\controller.rs","line_number":586}
{"timestamp":"2026-09-07T13:56:06.623054Z","level":"INFO","fields":{"message":"Concurrency control for download: Decreased concurrency from 1 to 1; reason: success ratio below threshold (connection struggling) (success_ratio = 1.000, threshold = 0.500)"},"filename":"D:\\a\\xet-core\\xet-core\\xet_client\\src\\cas_client\\adaptive_concurrency\\controller.rs","line_number":586}
{"timestamp":"2026-09-07T13:56:06.623095Z","level":"INFO","fields":{"message":"Concurrency control for download: Current concurrency = 1; predicted bandwidth = 27360; success_ratio = 1.000; reference_size = 61.0MB; observed bytes sent so far = 862003784; completed transmissions = 27"},"filename":"D:\\a\\xet-core\\xet-core\\xet_client\\src\\cas_client\\adaptive_concurrency\\controller.rs","line_number":602}
{"timestamp":"2026-09-07T13:56:07.138785Z","level":"INFO","fields":{"message":"Concurrency control for download: Decreased concurrency from 1 to 1; reason: success ratio below threshold (connection struggling) (success_ratio = 1.000, threshold = 0.500)"},"filename":"D:\\a\\xet-core\\xet-core\\xet_client\\src\\cas_client\\adaptive_concurrency\\controller.rs","line_number":586}
{"timestamp":"2026-09-07T13:56:07.716853Z","level":"INFO","fields":{"message":"Concurrency control for download: Decreased concurrency from 1 to 1; reason: success ratio below threshold (connection struggling) (success_ratio = 1.000, threshold = 0.500)"},"filename":"D:\\a\\xet-core\\xet-core\\xet_client\\src\\cas_client\\adaptive_concurrency\\controller.rs","line_number":586}
{"timestamp":"2026-09-07T13:56:08.315069Z","level":"INFO","fields":{"message":"Concurrency control for download: Decreased concurrency from 1 to 1; reason: success ratio below threshold (connection struggling) (success_ratio = 1.000, threshold = 0.500)"},"filename":"D:\\a\\xet-core\\xet-core\\xet_client\\src\\cas_client\\adaptive_concurrency\\controller.rs","line_number":586}
{"timestamp":"2026-09-07T13:56:09.314414Z","level":"INFO","fields":{"message":"Concurrency control for download: Decreased concurrency from 1 to 1; reason: success ratio below threshold (connection struggling) (success_ratio = 1.000, threshold = 0.500)"},"filename":"D:\\a\\xet-core\\xet-core\\xet_client\\src\\cas_client\\adaptive_concurrency\\controller.rs","line_number":586}
{"timestamp":"2026-09-07T13:56:09.973391Z","level":"INFO","fields":{"message":"Concurrency control for download: Decreased concurrency from 1 to 1; reason: success ratio below threshold (connection struggling) (success_ratio = 1.000, threshold = 0.500)"},"filename":"D:\\a\\xet-core\\xet-core\\xet_client\\src\\cas_client\\adaptive_concurrency\\controller.rs","line_number":586}
{"timestamp":"2026-09-07T13:56:10.522435Z","level":"INFO","fields":{"message":"Concurrency control for download: Decreased concurrency from 1 to 1; reason: success ratio below threshold (connection struggling) (success_ratio = 1.000, threshold = 0.500)"},"filename":"D:\\a\\xet-core\\xet-core\\xet_client\\src\\cas_client\\adaptive_concurrency\\controller.rs","line_number":586}
{"timestamp":"2026-09-07T13:56:11.025024Z","level":"INFO","fields":{"message":"Concurrency control for download: Decreased concurrency from 1 to 1; reason: success ratio below threshold (connection struggling) (success_ratio = 1.000, threshold = 0.500)"},"filename":"D:\\a\\xet-core\\xet-core\\xet_client\\src\\cas_client\\adaptive_concurrency\\controller.rs","line_number":586}
{"timestamp":"2026-09-07T13:56:11.588643Z","level":"INFO","fields":{"message":"Concurrency control for download: Decreased concurrency from 1 to 1; reason: success ratio below threshold (connection struggling) (success_ratio = 1.000, threshold = 0.500)"},"filename":"D:\\a\\xet-core\\xet-core\\xet_client\\src\\cas_client\\adaptive_concurrency\\controller.rs","line_number":586}
{"timestamp":"2026-09-07T13:56:12.128001Z","level":"INFO","fields":{"message":"Concurrency control for download: Decreased concurrency from 1 to 1; reason: success ratio below threshold (connection struggling) (success_ratio = 1.000, threshold = 0.500)"},"filename":"D:\\a\\xet-core\\xet-core\\xet_client\\src\\cas_client\\adaptive_concurrency\\controller.rs","line_number":586}
{"timestamp":"2026-09-07T13:56:12.643751Z","level":"INFO","fields":{"message":"Concurrency control for download: Decreased concurrency from 1 to 1; reason: success ratio below threshold (connection struggling) (success_ratio = 1.000, threshold = 0.500)"},"filename":"D:\\a\\xet-core\\xet-core\\xet_client\\src\\cas_client\\adaptive_concurrency\\controller.rs","line_number":586}
{"timestamp":"2026-09-07T13:56:13.146944Z","level":"INFO","fields":{"message":"Concurrency control for download: Decreased concurrency from 1 to 1; reason: success ratio below threshold (connection struggling) (success_ratio = 1.000, threshold = 0.500)"},"filename":"D:\\a\\xet-core\\xet-core\\xet_client\\src\\cas_client\\adaptive_concurrency\\controller.rs","line_number":586}
{"timestamp":"2026-09-07T13:56:13.693536Z","level":"INFO","fields":{"message":"Concurrency control for download: Decreased concurrency from 1 to 1; reason: success ratio below threshold (connection struggling) (success_ratio = 1.000, threshold = 0.500)"},"filename":"D:\\a\\xet-core\\xet-core\\xet_client\\src\\cas_client\\adaptive_concurrency\\controller.rs","line_number":586}
{"timestamp":"2026-09-07T13:56:14.263640Z","level":"INFO","fields":{"message":"Concurrency control for download: Decreased concurrency from 1 to 1; reason: success ratio below threshold (connection struggling) (success_ratio = 1.000, threshold = 0.500)"},"filename":"D:\\a\\xet-core\\xet-core\\xet_client\\src\\cas_client\\adaptive_concurrency\\controller.rs","line_number":586}
{"timestamp":"2026-09-07T13:56:14.795808Z","level":"INFO","fields":{"message":"Concurrency control for download: Decreased concurrency from 1 to 1; reason: success ratio below threshold (connection struggling) (success_ratio = 1.000, threshold = 0.500)"},"filename":"D:\\a\\xet-core\\xet-core\\xet_client\\src\\cas_client\\adaptive_concurrency\\controller.rs","line_number":586}
{"timestamp":"2026-09-07T13:56:15.303352Z","level":"INFO","fields":{"message":"Concurrency control for download: Decreased concurrency from 1 to 1; reason: success ratio below threshold (connection struggling) (success_ratio = 1.000, threshold = 0.500)"},"filename":"D:\\a\\xet-core\\xet-core\\xet_client\\src\\cas_client\\adaptive_concurrency\\controller.rs","line_number":586}
{"timestamp":"2026-09-07T13:56:15.896769Z","level":"INFO","fields":{"message":"Concurrency control for download: Decreased concurrency from 1 to 1; reason: success ratio below threshold (connection struggling) (success_ratio = 1.000, threshold = 0.500)"},"filename":"D:\\a\\xet-core\\xet-core\\xet_client\\src\\cas_client\\adaptive_concurrency\\controller.rs","line_number":586}
{"timestamp":"2026-09-07T13:56:16.427312Z","level":"INFO","fields":{"message":"Concurrency control for download: Decreased concurrency from 1 to 1; reason: success ratio below threshold (connection struggling) (success_ratio = 1.000, threshold = 0.500)"},"filename":"D:\\a\\xet-core\\xet-core\\xet_client\\src\\cas_client\\adaptive_concurrency\\controller.rs","line_number":586}
{"timestamp":"2026-09-07T13:56:16.748142Z","level":"INFO","fields":{"message":"Concurrency control for download: Current concurrency = 1; predicted bandwidth = 24195; success_ratio = 1.000; reference_size = 61.0MB; observed bytes sent so far = 870222774; completed transmissions = 28"},"filename":"D:\\a\\xet-core\\xet-core\\xet_client\\src\\cas_client\\adaptive_concurrency\\controller.rs","line_number":602}
{"timestamp":"2026-09-07T13:56:16.997088Z","level":"INFO","fields":{"message":"Concurrency control for download: Decreased concurrency from 1 to 1; reason: success ratio below threshold (connection struggling) (success_ratio = 1.000, threshold = 0.500)"},"filename":"D:\\a\\xet-core\\xet-core\\xet_client\\src\\cas_client\\adaptive_concurrency\\controller.rs","line_number":586}
{"timestamp":"2026-09-07T13:56:17.551014Z","level":"INFO","fields":{"message":"Concurrency control for download: Decreased concurrency from 1 to 1; reason: success ratio below threshold (connection struggling) (success_ratio = 1.000, threshold = 0.500)"},"filename":"D:\\a\\xet-core\\xet-core\\xet_client\\src\\cas_client\\adaptive_concurrency\\controller.rs","line_number":586}
{"timestamp":"2026-09-07T13:56:18.151528Z","level":"INFO","fields":{"message":"Concurrency control for download: Decreased concurrency from 1 to 1; reason: success ratio below threshold (connection struggling) (success_ratio = 1.000, threshold = 0.500)"},"filename":"D:\\a\\xet-core\\xet-core\\xet_client\\src\\cas_client\\adaptive_concurrency\\controller.rs","line_number":586}
{"timestamp":"2026-09-07T13:56:18.808649Z","level":"INFO","fields":{"message":"Concurrency control for download: Decreased concurrency from 1 to 1; reason: success ratio below threshold (connection struggling) (success_ratio = 1.000, threshold = 0.500)"},"filename":"D:\\a\\xet-core\\xet-core\\xet_client\\src\\cas_client\\adaptive_concurrency\\controller.rs","line_number":586}
{"timestamp":"2026-09-07T13:56:19.740837Z","level":"INFO","fields":{"message":"Concurrency control for download: Decreased concurrency from 1 to 1; reason: success ratio below threshold (connection struggling) (success_ratio = 1.000, threshold = 0.500)"},"filename":"D:\\a\\xet-core\\xet-core\\xet_client\\src\\cas_client\\adaptive_concurrency\\controller.rs","line_number":586}
{"timestamp":"2026-09-07T13:56:20.373553Z","level":"INFO","fields":{"message":"Concurrency control for download: Decreased concurrency from 1 to 1; reason: success ratio below threshold (connection struggling) (success_ratio = 1.000, threshold = 0.500)"},"filename":"D:\\a\\xet-core\\xet-core\\xet_client\\src\\cas_client\\adaptive_concurrency\\controller.rs","line_number":586}
{"timestamp":"2026-09-07T13:56:20.918844Z","level":"INFO","fields":{"message":"Concurrency control for download: Decreased concurrency from 1 to 1; reason: success ratio below threshold (connection struggling) (success_ratio = 1.000, threshold = 0.500)"},"filename":"D:\\a\\xet-core\\xet-core\\xet_client\\src\\cas_client\\adaptive_concurrency\\controller.rs","line_number":586}
{"timestamp":"2026-09-07T13:56:21.548114Z","level":"INFO","fields":{"message":"Concurrency control for download: Decreased concurrency from 1 to 1; reason: success ratio below threshold (connection struggling) (success_ratio = 1.000, threshold = 0.500)"},"filename":"D:\\a\\xet-core\\xet-core\\xet_client\\src\\cas_client\\adaptive_concurrency\\controller.rs","line_number":586}
{"timestamp":"2026-09-07T13:56:22.251994Z","level":"INFO","fields":{"message":"Concurrency control for download: Decreased concurrency from 1 to 1; reason: success ratio below threshold (connection struggling) (success_ratio = 1.000, threshold = 0.500)"},"filename":"D:\\a\\xet-core\\xet-core\\xet_client\\src\\cas_client\\adaptive_concurrency\\controller.rs","line_number":586}
{"timestamp":"2026-09-07T13:56:22.761046Z","level":"INFO","fields":{"message":"Concurrency control for download: Decreased concurrency from 1 to 1; reason: success ratio below threshold (connection struggling) (success_ratio = 1.000, threshold = 0.500)"},"filename":"D:\\a\\xet-core\\xet-core\\xet_client\\src\\cas_client\\adaptive_concurrency\\controller.rs","line_number":586}
{"timestamp":"2026-09-07T13:56:23.427057Z","level":"INFO","fields":{"message":"Concurrency control for download: Decreased concurrency from 1 to 1; reason: success ratio below threshold (connection struggling) (success_ratio = 1.000, threshold = 0.500)"},"filename":"D:\\a\\xet-core\\xet-core\\xet_client\\src\\cas_client\\adaptive_concurrency\\controller.rs","line_number":586}
{"timestamp":"2026-09-07T13:56:23.976346Z","level":"INFO","fields":{"message":"Concurrency control for download: Decreased concurrency from 1 to 1; reason: success ratio below threshold (connection struggling) (success_ratio = 1.000, threshold = 0.500)"},"filename":"D:\\a\\xet-core\\xet-core\\xet_client\\src\\cas_client\\adaptive_concurrency\\controller.rs","line_number":586}
{"timestamp":"2026-09-07T13:56:24.603341Z","level":"INFO","fields":{"message":"Concurrency control for download: Decreased concurrency from 1 to 1; reason: success ratio below threshold (connection struggling) (success_ratio = 1.000, threshold = 0.500)"},"filename":"D:\\a\\xet-core\\xet-core\\xet_client\\src\\cas_client\\adaptive_concurrency\\controller.rs","line_number":586}
{"timestamp":"2026-09-07T13:56:25.291640Z","level":"INFO","fields":{"message":"Concurrency control for download: Decreased concurrency from 1 to 1; reason: success ratio below threshold (connection struggling) (success_ratio = 1.000, threshold = 0.500)"},"filename":"D:\\a\\xet-core\\xet-core\\xet_client\\src\\cas_client\\adaptive_concurrency\\controller.rs","line_number":586}
{"timestamp":"2026-09-07T13:56:25.886064Z","level":"INFO","fields":{"message":"Concurrency control for download: Decreased concurrency from 1 to 1; reason: success ratio below threshold (connection struggling) (success_ratio = 1.000, threshold = 0.500)"},"filename":"D:\\a\\xet-core\\xet-core\\xet_client\\src\\cas_client\\adaptive_concurrency\\controller.rs","line_number":586}
{"timestamp":"2026-09-07T13:56:26.531857Z","level":"INFO","fields":{"message":"Concurrency control for download: Decreased concurrency from 1 to 1; reason: success ratio below threshold (connection struggling) (success_ratio = 1.000, threshold = 0.500)"},"filename":"D:\\a\\xet-core\\xet-core\\xet_client\\src\\cas_client\\adaptive_concurrency\\controller.rs","line_number":586}
{"timestamp":"2026-09-07T13:56:26.873836Z","level":"INFO","fields":{"message":"Concurrency control for download: Current concurrency = 1; predicted bandwidth = 24206; success_ratio = 1.000; reference_size = 61.0MB; observed bytes sent so far = 876550444; completed transmissions = 28"},"filename":"D:\\a\\xet-core\\xet-core\\xet_client\\src\\cas_client\\adaptive_concurrency\\controller.rs","line_number":602}
{"timestamp":"2026-09-07T13:56:27.092799Z","level":"INFO","fields":{"message":"Concurrency control for download: Decreased concurrency from 1 to 1; reason: success ratio below threshold (connection struggling) (success_ratio = 1.000, threshold = 0.500)"},"filename":"D:\\a\\xet-core\\xet-core\\xet_client\\src\\cas_client\\adaptive_concurrency\\controller.rs","line_number":586}
{"timestamp":"2026-09-07T13:56:27.669967Z","level":"INFO","fields":{"message":"Concurrency control for download: Decreased concurrency from 1 to 1; reason: success ratio below threshold (connection struggling) (success_ratio = 1.000, threshold = 0.500)"},"filename":"D:\\a\\xet-core\\xet-core\\xet_client\\src\\cas_client\\adaptive_concurrency\\controller.rs","line_number":586}
{"timestamp":"2026-09-07T13:56:28.278772Z","level":"INFO","fields":{"message":"Concurrency control for download: Decreased concurrency from 1 to 1; reason: success ratio below threshold (connection struggling) (success_ratio = 1.000, threshold = 0.500)"},"filename":"D:\\a\\xet-core\\xet-core\\xet_client\\src\\cas_client\\adaptive_concurrency\\controller.rs","line_number":586}
{"timestamp":"2026-09-07T13:56:28.793039Z","level":"INFO","fields":{"message":"Concurrency control for download: Decreased concurrency from 1 to 1; reason: success ratio below threshold (connection struggling) (success_ratio = 1.000, threshold = 0.500)"},"filename":"D:\\a\\xet-core\\xet-core\\xet_client\\src\\cas_client\\adaptive_concurrency\\controller.rs","line_number":586}
{"timestamp":"2026-09-07T13:56:29.306985Z","level":"INFO","fields":{"message":"Concurrency control for download: Decreased concurrency from 1 to 1; reason: success ratio below threshold (connection struggling) (success_ratio = 1.000, threshold = 0.500)"},"filename":"D:\\a\\xet-core\\xet-core\\xet_client\\src\\cas_client\\adaptive_concurrency\\controller.rs","line_number":586}
{"timestamp":"2026-09-07T13:56:29.809088Z","level":"INFO","fields":{"message":"Concurrency control for download: Decreased concurrency from 1 to 1; reason: success ratio below threshold (connection struggling) (success_ratio = 1.000, threshold = 0.500)"},"filename":"D:\\a\\xet-core\\xet-core\\xet_client\\src\\cas_client\\adaptive_concurrency\\controller.rs","line_number":586}
{"timestamp":"2026-09-07T13:56:30.375676Z","level":"INFO","fields":{"message":"Concurrency control for download: Decreased concurrency from 1 to 1; reason: success ratio below threshold (connection struggling) (success_ratio = 1.000, threshold = 0.500)"},"filename":"D:\\a\\xet-core\\xet-core\\xet_client\\src\\cas_client\\adaptive_concurrency\\controller.rs","line_number":586}
{"timestamp":"2026-09-07T13:56:31.042185Z","level":"INFO","fields":{"message":"Concurrency control for download: Decreased concurrency from 1 to 1; reason: success ratio below threshold (connection struggling) (success_ratio = 1.000, threshold = 0.500)"},"filename":"D:\\a\\xet-core\\xet-core\\xet_client\\src\\cas_client\\adaptive_concurrency\\controller.rs","line_number":586}
{"timestamp":"2026-09-07T13:56:31.604123Z","level":"INFO","fields":{"message":"Concurrency control for download: Decreased concurrency from 1 to 1; reason: success ratio below threshold (connection struggling) (success_ratio = 1.000, threshold = 0.500)"},"filename":"D:\\a\\xet-core\\xet-core\\xet_client\\src\\cas_client\\adaptive_concurrency\\controller.rs","line_number":586}
{"timestamp":"2026-09-07T13:56:32.213612Z","level":"INFO","fields":{"message":"Concurrency control for download: Decreased concurrency from 1 to 1; reason: success ratio below threshold (connection struggling) (success_ratio = 1.000, threshold = 0.500)"},"filename":"D:\\a\\xet-core\\xet-core\\xet_client\\src\\cas_client\\adaptive_concurrency\\controller.rs","line_number":586}
{"timestamp":"2026-09-07T13:56:32.717831Z","level":"INFO","fields":{"message":"Concurrency control for download: Decreased concurrency from 1 to 1; reason: success ratio below threshold (connection struggling) (success_ratio = 1.000, threshold = 0.500)"},"filename":"D:\\a\\xet-core\\xet-core\\xet_client\\src\\cas_client\\adaptive_concurrency\\controller.rs","line_number":586}
{"timestamp":"2026-09-07T13:56:33.365716Z","level":"INFO","fields":{"message":"Concurrency control for download: Decreased concurrency from 1 to 1; reason: success ratio below threshold (connection struggling) (success_ratio = 1.000, threshold = 0.500)"},"filename":"D:\\a\\xet-core\\xet-core\\xet_client\\src\\cas_client\\adaptive_concurrency\\controller.rs","line_number":586}
{"timestamp":"2026-09-07T13:56:33.913968Z","level":"INFO","fields":{"message":"Concurrency control for download: Decreased concurrency from 1 to 1; reason: success ratio below threshold (connection struggling) (success_ratio = 1.000, threshold = 0.500)"},"filename":"D:\\a\\xet-core\\xet-core\\xet_client\\src\\cas_client\\adaptive_concurrency\\controller.rs","line_number":586}
{"timestamp":"2026-09-07T13:56:34.524215Z","level":"INFO","fields":{"message":"Concurrency control for download: Decreased concurrency from 1 to 1; reason: success ratio below threshold (connection struggling) (success_ratio = 1.000, threshold = 0.500)"},"filename":"D:\\a\\xet-core\\xet-core\\xet_client\\src\\cas_client\\adaptive_concurrency\\controller.rs","line_number":586}
{"timestamp":"2026-09-07T13:56:35.131563Z","level":"INFO","fields":{"message":"Concurrency control for download: Decreased concurrency from 1 to 1; reason: success ratio below threshold (connection struggling) (success_ratio = 1.000, threshold = 0.500)"},"filename":"D:\\a\\xet-core\\xet-core\\xet_client\\src\\cas_client\\adaptive_concurrency\\controller.rs","line_number":586}
{"timestamp":"2026-09-07T13:56:35.937980Z","level":"INFO","fields":{"message":"Concurrency control for download: Decreased concurrency from 1 to 1; reason: success ratio below threshold (connection struggling) (success_ratio = 1.000, threshold = 0.500)"},"filename":"D:\\a\\xet-core\\xet-core\\xet_client\\src\\cas_client\\adaptive_concurrency\\controller.rs","line_number":586}
{"timestamp":"2026-09-07T13:56:36.458602Z","level":"INFO","fields":{"message":"Concurrency control for download: Decreased concurrency from 1 to 1; reason: success ratio below threshold (connection struggling) (success_ratio = 1.000, threshold = 0.500)"},"filename":"D:\\a\\xet-core\\xet-core\\xet_client\\src\\cas_client\\adaptive_concurrency\\controller.rs","line_number":586}
{"timestamp":"2026-09-07T13:56:37.043950Z","level":"INFO","fields":{"message":"Concurrency control for download: Decreased concurrency from 1 to 1; reason: success ratio below threshold (connection struggling) (success_ratio = 1.000, threshold = 0.500)"},"filename":"D:\\a\\xet-core\\xet-core\\xet_client\\src\\cas_client\\adaptive_concurrency\\controller.rs","line_number":586}
{"timestamp":"2026-09-07T13:56:37.043992Z","level":"INFO","fields":{"message":"Concurrency control for download: Current concurrency = 1; predicted bandwidth = 23561; success_ratio = 1.000; reference_size = 61.0MB; observed bytes sent so far = 884539210; completed transmissions = 28"},"filename":"D:\\a\\xet-core\\xet-core\\xet_client\\src\\cas_client\\adaptive_concurrency\\controller.rs","line_number":602}
{"timestamp":"2026-09-07T13:56:37.643365Z","level":"INFO","fields":{"message":"Concurrency control for download: Decreased concurrency from 1 to 1; reason: success ratio below threshold (connection struggling) (success_ratio = 1.000, threshold = 0.500)"},"filename":"D:\\a\\xet-core\\xet-core\\xet_client\\src\\cas_client\\adaptive_concurrency\\controller.rs","line_number":586}
{"timestamp":"2026-09-07T13:56:38.150864Z","level":"INFO","fields":{"message":"Concurrency control for download: Decreased concurrency from 1 to 1; reason: success ratio below threshold (connection struggling) (success_ratio = 1.000, threshold = 0.500)"},"filename":"D:\\a\\xet-core\\xet-core\\xet_client\\src\\cas_client\\adaptive_concurrency\\controller.rs","line_number":586}
{"timestamp":"2026-09-07T13:56:38.791850Z","level":"INFO","fields":{"message":"Concurrency control for download: Decreased concurrency from 1 to 1; reason: success ratio below threshold (connection struggling) (success_ratio = 1.000, threshold = 0.500)"},"filename":"D:\\a\\xet-core\\xet-core\\xet_client\\src\\cas_client\\adaptive_concurrency\\controller.rs","line_number":586}
{"timestamp":"2026-09-07T13:56:39.849445Z","level":"INFO","fields":{"message":"Received CAS response","request_id":"01M1Y2G84Y4BXBJCNTHJRK7NVX","status_code":206},"filename":"D:\\a\\xet-core\\xet-core\\xet_client\\src\\common\\http_client.rs","line_number":288}
{"timestamp":"2026-09-07T13:56:39.849483Z","level":"INFO","fields":{"message":"Request Success: s3::get_range api call succeeded (request id 01M1Y2G84Y4BXBJCNTHJRK7NVX, retry 1)."},"filename":"D:\\a\\xet-core\\xet-core\\xet_client\\src\\cas_client\\retry_wrapper.rs","line_number":237}
{"timestamp":"2026-09-07T13:56:40.224109Z","level":"INFO","fields":{"message":"Concurrency control for download: Decreased concurrency from 1 to 1; reason: success ratio below threshold (connection struggling) (success_ratio = 1.000, threshold = 0.500)"},"filename":"D:\\a\\xet-core\\xet-core\\xet_client\\src\\cas_client\\adaptive_concurrency\\controller.rs","line_number":586}
{"timestamp":"2026-09-07T13:56:40.858583Z","level":"INFO","fields":{"message":"Concurrency control for download: Decreased concurrency from 1 to 1; reason: success ratio below threshold (connection struggling) (success_ratio = 1.000, threshold = 0.500)"},"filename":"D:\\a\\xet-core\\xet-core\\xet_client\\src\\cas_client\\adaptive_concurrency\\controller.rs","line_number":586}
{"timestamp":"2026-09-07T13:56:42.262384Z","level":"INFO","fields":{"message":"Concurrency control for download: Decreased concurrency from 1 to 1; reason: success ratio below threshold (connection struggling) (success_ratio = 1.000, threshold = 0.500)"},"filename":"D:\\a\\xet-core\\xet-core\\xet_client\\src\\cas_client\\adaptive_concurrency\\controller.rs","line_number":586}
{"timestamp":"2026-09-07T13:56:42.770617Z","level":"INFO","fields":{"message":"Concurrency control for download: Decreased concurrency from 1 to 1; reason: success ratio below threshold (connection struggling) (success_ratio = 1.000, threshold = 0.500)"},"filename":"D:\\a\\xet-core\\xet-core\\xet_client\\src\\cas_client\\adaptive_concurrency\\controller.rs","line_number":586}
{"timestamp":"2026-09-07T13:56:43.444097Z","level":"INFO","fields":{"message":"Concurrency control for download: Decreased concurrency from 1 to 1; reason: success ratio below threshold (connection struggling) (success_ratio = 1.000, threshold = 0.500)"},"filename":"D:\\a\\xet-core\\xet-core\\xet_client\\src\\cas_client\\adaptive_concurrency\\controller.rs","line_number":586}
{"timestamp":"2026-09-07T13:56:44.211436Z","level":"INFO","fields":{"message":"Concurrency control for download: Decreased concurrency from 1 to 1; reason: success ratio below threshold (connection struggling) (success_ratio = 1.000, threshold = 0.500)"},"filename":"D:\\a\\xet-core\\xet-core\\xet_client\\src\\cas_client\\adaptive_concurrency\\controller.rs","line_number":586}
{"timestamp":"2026-09-07T13:56:44.892011Z","level":"INFO","fields":{"message":"Concurrency control for download: Decreased concurrency from 1 to 1; reason: success ratio below threshold (connection struggling) (success_ratio = 1.000, threshold = 0.500)"},"filename":"D:\\a\\xet-core\\xet-core\\xet_client\\src\\cas_client\\adaptive_concurrency\\controller.rs","line_number":586}
{"timestamp":"2026-09-07T13:56:45.632082Z","level":"INFO","fields":{"message":"Concurrency control for download: Decreased concurrency from 1 to 1; reason: success ratio below threshold (connection struggling) (success_ratio = 1.000, threshold = 0.500)"},"filename":"D:\\a\\xet-core\\xet-core\\xet_client\\src\\cas_client\\adaptive_concurrency\\controller.rs","line_number":586}
{"timestamp":"2026-09-07T13:56:46.289902Z","level":"INFO","fields":{"message":"Concurrency control for download: Decreased concurrency from 1 to 1; reason: success ratio below threshold (connection struggling) (success_ratio = 1.000, threshold = 0.500)"},"filename":"D:\\a\\xet-core\\xet-core\\xet_client\\src\\cas_client\\adaptive_concurrency\\controller.rs","line_number":586}
{"timestamp":"2026-09-07T13:56:46.795986Z","level":"INFO","fields":{"message":"Concurrency control for download: Decreased concurrency from 1 to 1; reason: success ratio below threshold (connection struggling) (success_ratio = 1.000, threshold = 0.500)"},"filename":"D:\\a\\xet-core\\xet-core\\xet_client\\src\\cas_client\\adaptive_concurrency\\controller.rs","line_number":586}
{"timestamp":"2026-09-07T13:56:47.059705Z","level":"INFO","fields":{"message":"Concurrency control for download: Current concurrency = 1; predicted bandwidth = 22014; success_ratio = 1.000; reference_size = 61.0MB; observed bytes sent so far = 890770690; completed transmissions = 31"},"filename":"D:\\a\\xet-core\\xet-core\\xet_client\\src\\cas_client\\adaptive_concurrency\\controller.rs","line_number":602}
{"timestamp":"2026-09-07T13:56:47.442076Z","level":"INFO","fields":{"message":"Concurrency control for download: Decreased concurrency from 1 to 1; reason: success ratio below threshold (connection struggling) (success_ratio = 1.000, threshold = 0.500)"},"filename":"D:\\a\\xet-core\\xet-core\\xet_client\\src\\cas_client\\adaptive_concurrency\\controller.rs","line_number":586}
{"timestamp":"2026-09-07T13:56:48.016564Z","level":"INFO","fields":{"message":"Concurrency control for download: Decreased concurrency from 1 to 1; reason: success ratio below threshold (connection struggling) (success_ratio = 1.000, threshold = 0.500)"},"filename":"D:\\a\\xet-core\\xet-core\\xet_client\\src\\cas_client\\adaptive_concurrency\\controller.rs","line_number":586}
{"timestamp":"2026-09-07T13:56:48.534456Z","level":"INFO","fields":{"message":"Concurrency control for download: Decreased concurrency from 1 to 1; reason: success ratio below threshold (connection struggling) (success_ratio = 1.000, threshold = 0.500)"},"filename":"D:\\a\\xet-core\\xet-core\\xet_client\\src\\cas_client\\adaptive_concurrency\\controller.rs","line_number":586}
{"timestamp":"2026-09-07T13:56:49.050335Z","level":"INFO","fields":{"message":"Concurrency control for download: Decreased concurrency from 1 to 1; reason: success ratio below threshold (connection struggling) (success_ratio = 1.000, threshold = 0.500)"},"filename":"D:\\a\\xet-core\\xet-core\\xet_client\\src\\cas_client\\adaptive_concurrency\\controller.rs","line_number":586}
{"timestamp":"2026-09-07T13:56:49.896234Z","level":"INFO","fields":{"message":"Received CAS response","request_id":"01M1Y2GHVRKPN9JTE5E90JSY3A","status_code":206},"filename":"D:\\a\\xet-core\\xet-core\\xet_client\\src\\common\\http_client.rs","line_number":288}
{"timestamp":"2026-09-07T13:56:49.896268Z","level":"INFO","fields":{"message":"Request Success: s3::get_range api call succeeded (request id 01M1Y2GHVRKPN9JTE5E90JSY3A, retry 1)."},"filename":"D:\\a\\xet-core\\xet-core\\xet_client\\src\\cas_client\\retry_wrapper.rs","line_number":237}
{"timestamp":"2026-09-07T13:56:49.941019Z","level":"INFO","fields":{"message":"Concurrency control for download: Decreased concurrency from 1 to 1; reason: success ratio below threshold (connection struggling) (success_ratio = 1.000, threshold = 0.500)"},"filename":"D:\\a\\xet-core\\xet-core\\xet_client\\src\\cas_client\\adaptive_concurrency\\controller.rs","line_number":586}
{"timestamp":"2026-09-07T13:56:50.693672Z","level":"INFO","fields":{"message":"Concurrency control for download: Decreased concurrency from 1 to 1; reason: success ratio below threshold (connection struggling) (success_ratio = 1.000, threshold = 0.500)"},"filename":"D:\\a\\xet-core\\xet-core\\xet_client\\src\\cas_client\\adaptive_concurrency\\controller.rs","line_number":586}
{"timestamp":"2026-09-07T13:56:51.387472Z","level":"INFO","fields":{"message":"Concurrency control for download: Decreased concurrency from 1 to 1; reason: success ratio below threshold (connection struggling) (success_ratio = 1.000, threshold = 0.500)"},"filename":"D:\\a\\xet-core\\xet-core\\xet_client\\src\\cas_client\\adaptive_concurrency\\controller.rs","line_number":586}
{"timestamp":"2026-09-07T13:56:51.890540Z","level":"INFO","fields":{"message":"Concurrency control for download: Decreased concurrency from 1 to 1; reason: success ratio below threshold (connection struggling) (success_ratio = 1.000, threshold = 0.500)"},"filename":"D:\\a\\xet-core\\xet-core\\xet_client\\src\\cas_client\\adaptive_concurrency\\controller.rs","line_number":586}
{"timestamp":"2026-09-07T13:56:53.395536Z","level":"INFO","fields":{"message":"Concurrency control for download: Decreased concurrency from 1 to 1; reason: success ratio below threshold (connection struggling) (success_ratio = 1.000, threshold = 0.500)"},"filename":"D:\\a\\xet-core\\xet-core\\xet_client\\src\\cas_client\\adaptive_concurrency\\controller.rs","line_number":586}
{"timestamp":"2026-09-07T13:56:53.931895Z","level":"INFO","fields":{"message":"Concurrency control for download: Decreased concurrency from 1 to 1; reason: success ratio below threshold (connection struggling) (success_ratio = 1.000, threshold = 0.500)"},"filename":"D:\\a\\xet-core\\xet-core\\xet_client\\src\\cas_client\\adaptive_concurrency\\controller.rs","line_number":586}
{"timestamp":"2026-09-07T13:56:54.625464Z","level":"INFO","fields":{"message":"Concurrency control for download: Decreased concurrency from 1 to 1; reason: success ratio below threshold (connection struggling) (success_ratio = 1.000, threshold = 0.500)"},"filename":"D:\\a\\xet-core\\xet-core\\xet_client\\src\\cas_client\\adaptive_concurrency\\controller.rs","line_number":586}
{"timestamp":"2026-09-07T13:56:55.175511Z","level":"INFO","fields":{"message":"Concurrency control for download: Decreased concurrency from 1 to 1; reason: success ratio below threshold (connection struggling) (success_ratio = 1.000, threshold = 0.500)"},"filename":"D:\\a\\xet-core\\xet-core\\xet_client\\src\\cas_client\\adaptive_concurrency\\controller.rs","line_number":586}
{"timestamp":"2026-09-07T13:56:55.723150Z","level":"INFO","fields":{"message":"Concurrency control for download: Decreased concurrency from 1 to 1; reason: success ratio below threshold (connection struggling) (success_ratio = 1.000, threshold = 0.500)"},"filename":"D:\\a\\xet-core\\xet-core\\xet_client\\src\\cas_client\\adaptive_concurrency\\controller.rs","line_number":586}
{"timestamp":"2026-09-07T13:56:57.234112Z","level":"INFO","fields":{"message":"Concurrency control for download: Decreased concurrency from 1 to 1; reason: success ratio below threshold (connection struggling) (success_ratio = 1.000, threshold = 0.500)"},"filename":"D:\\a\\xet-core\\xet-core\\xet_client\\src\\cas_client\\adaptive_concurrency\\controller.rs","line_number":586}
{"timestamp":"2026-09-07T13:56:57.234159Z","level":"INFO","fields":{"message":"Concurrency control for download: Current concurrency = 1; predicted bandwidth = 22216; success_ratio = 1.000; reference_size = 61.0MB; observed bytes sent so far = 896098670; completed transmissions = 32"},"filename":"D:\\a\\xet-core\\xet-core\\xet_client\\src\\cas_client\\adaptive_concurrency\\controller.rs","line_number":602}
{"timestamp":"2026-09-07T13:56:57.745611Z","level":"INFO","fields":{"message":"Concurrency control for download: Decreased concurrency from 1 to 1; reason: success ratio below threshold (connection struggling) (success_ratio = 1.000, threshold = 0.500)"},"filename":"D:\\a\\xet-core\\xet-core\\xet_client\\src\\cas_client\\adaptive_concurrency\\controller.rs","line_number":586}
{"timestamp":"2026-09-07T13:56:58.277223Z","level":"INFO","fields":{"message":"Concurrency control for download: Decreased concurrency from 1 to 1; reason: success ratio below threshold (connection struggling) (success_ratio = 1.000, threshold = 0.500)"},"filename":"D:\\a\\xet-core\\xet-core\\xet_client\\src\\cas_client\\adaptive_concurrency\\controller.rs","line_number":586}
{"timestamp":"2026-09-07T13:56:59.026706Z","level":"INFO","fields":{"message":"Concurrency control for download: Decreased concurrency from 1 to 1; reason: success ratio below threshold (connection struggling) (success_ratio = 1.000, threshold = 0.500)"},"filename":"D:\\a\\xet-core\\xet-core\\xet_client\\src\\cas_client\\adaptive_concurrency\\controller.rs","line_number":586}
{"timestamp":"2026-09-07T13:56:59.538492Z","level":"INFO","fields":{"message":"Concurrency control for download: Decreased concurrency from 1 to 1; reason: success ratio below threshold (connection struggling) (success_ratio = 1.000, threshold = 0.500)"},"filename":"D:\\a\\xet-core\\xet-core\\xet_client\\src\\cas_client\\adaptive_concurrency\\controller.rs","line_number":586}
{"timestamp":"2026-09-07T13:57:00.057976Z","level":"INFO","fields":{"message":"Concurrency control for download: Decreased concurrency from 1 to 1; reason: success ratio below threshold (connection struggling) (success_ratio = 1.000, threshold = 0.500)"},"filename":"D:\\a\\xet-core\\xet-core\\xet_client\\src\\cas_client\\adaptive_concurrency\\controller.rs","line_number":586}
{"timestamp":"2026-09-07T13:57:00.636485Z","level":"INFO","fields":{"message":"Concurrency control for download: Decreased concurrency from 1 to 1; reason: success ratio below threshold (connection struggling) (success_ratio = 1.000, threshold = 0.500)"},"filename":"D:\\a\\xet-core\\xet-core\\xet_client\\src\\cas_client\\adaptive_concurrency\\controller.rs","line_number":586}
{"timestamp":"2026-09-07T13:57:01.147796Z","level":"INFO","fields":{"message":"Concurrency control for download: Decreased concurrency from 1 to 1; reason: success ratio below threshold (connection struggling) (success_ratio = 1.000, threshold = 0.500)"},"filename":"D:\\a\\xet-core\\xet-core\\xet_client\\src\\cas_client\\adaptive_concurrency\\controller.rs","line_number":586}
{"timestamp":"2026-09-07T13:57:01.694249Z","level":"INFO","fields":{"message":"Concurrency control for download: Decreased concurrency from 1 to 1; reason: success ratio below threshold (connection struggling) (success_ratio = 1.000, threshold = 0.500)"},"filename":"D:\\a\\xet-core\\xet-core\\xet_client\\src\\cas_client\\adaptive_concurrency\\controller.rs","line_number":586}
{"timestamp":"2026-09-07T13:57:01.912957Z","level":"INFO","fields":{"message":"Received CAS response","request_id":"01M1Y2GXBB31AR4YK609KVJ493","status_code":206},"filename":"D:\\a\\xet-core\\xet-core\\xet_client\\src\\common\\http_client.rs","line_number":288}
{"timestamp":"2026-09-07T13:57:01.912975Z","level":"INFO","fields":{"message":"Request Success: s3::get_range api call succeeded (request id 01M1Y2GXBB31AR4YK609KVJ493, retry 3)."},"filename":"D:\\a\\xet-core\\xet-core\\xet_client\\src\\cas_client\\retry_wrapper.rs","line_number":237}
{"timestamp":"2026-09-07T13:57:02.279471Z","level":"INFO","fields":{"message":"Concurrency control for download: Decreased concurrency from 1 to 1; reason: success ratio below threshold (connection struggling) (success_ratio = 1.000, threshold = 0.500)"},"filename":"D:\\a\\xet-core\\xet-core\\xet_client\\src\\cas_client\\adaptive_concurrency\\controller.rs","line_number":586}
{"timestamp":"2026-09-07T13:57:02.801351Z","level":"INFO","fields":{"message":"Concurrency control for download: Decreased concurrency from 1 to 1; reason: success ratio below threshold (connection struggling) (success_ratio = 1.000, threshold = 0.500)"},"filename":"D:\\a\\xet-core\\xet-core\\xet_client\\src\\cas_client\\adaptive_concurrency\\controller.rs","line_number":586}
{"timestamp":"2026-09-07T13:57:03.806799Z","level":"INFO","fields":{"message":"Concurrency control for download: Decreased concurrency from 1 to 1; reason: success ratio below threshold (connection struggling) (success_ratio = 1.000, threshold = 0.500)"},"filename":"D:\\a\\xet-core\\xet-core\\xet_client\\src\\cas_client\\adaptive_concurrency\\controller.rs","line_number":586}
{"timestamp":"2026-09-07T13:57:04.914995Z","level":"INFO","fields":{"message":"Concurrency control for download: Decreased concurrency from 1 to 1; reason: success ratio below threshold (connection struggling) (success_ratio = 1.000, threshold = 0.500)"},"filename":"D:\\a\\xet-core\\xet-core\\xet_client\\src\\cas_client\\adaptive_concurrency\\controller.rs","line_number":586}
{"timestamp":"2026-09-07T13:57:05.506943Z","level":"INFO","fields":{"message":"Concurrency control for download: Decreased concurrency from 1 to 1; reason: success ratio below threshold (connection struggling) (success_ratio = 1.000, threshold = 0.500)"},"filename":"D:\\a\\xet-core\\xet-core\\xet_client\\src\\cas_client\\adaptive_concurrency\\controller.rs","line_number":586}
{"timestamp":"2026-09-07T13:57:06.110584Z","level":"INFO","fields":{"message":"Concurrency control for download: Decreased concurrency from 1 to 1; reason: success ratio below threshold (connection struggling) (success_ratio = 1.000, threshold = 0.500)"},"filename":"D:\\a\\xet-core\\xet-core\\xet_client\\src\\cas_client\\adaptive_concurrency\\controller.rs","line_number":586}
{"timestamp":"2026-09-07T13:57:06.951051Z","level":"INFO","fields":{"message":"Concurrency control for download: Decreased concurrency from 1 to 1; reason: success ratio below threshold (connection struggling) (success_ratio = 1.000, threshold = 0.500)"},"filename":"D:\\a\\xet-core\\xet-core\\xet_client\\src\\cas_client\\adaptive_concurrency\\controller.rs","line_number":586}
{"timestamp":"2026-09-07T13:57:07.247642Z","level":"INFO","fields":{"message":"Concurrency control for download: Current concurrency = 1; predicted bandwidth = 22229; success_ratio = 1.000; reference_size = 61.0MB; observed bytes sent so far = 900325742; completed transmissions = 32"},"filename":"D:\\a\\xet-core\\xet-core\\xet_client\\src\\cas_client\\adaptive_concurrency\\controller.rs","line_number":602}
{"timestamp":"2026-09-07T13:57:07.518973Z","level":"INFO","fields":{"message":"Concurrency control for download: Decreased concurrency from 1 to 1; reason: success ratio below threshold (connection struggling) (success_ratio = 1.000, threshold = 0.500)"},"filename":"D:\\a\\xet-core\\xet-core\\xet_client\\src\\cas_client\\adaptive_concurrency\\controller.rs","line_number":586}
{"timestamp":"2026-09-07T13:57:08.363217Z","level":"INFO","fields":{"message":"Concurrency control for download: Decreased concurrency from 1 to 1; reason: success ratio below threshold (connection struggling) (success_ratio = 1.000, threshold = 0.500)"},"filename":"D:\\a\\xet-core\\xet-core\\xet_client\\src\\cas_client\\adaptive_concurrency\\controller.rs","line_number":586}
{"timestamp":"2026-09-07T13:57:09.091223Z","level":"INFO","fields":{"message":"Concurrency control for download: Decreased concurrency from 1 to 1; reason: success ratio below threshold (connection struggling) (success_ratio = 1.000, threshold = 0.500)"},"filename":"D:\\a\\xet-core\\xet-core\\xet_client\\src\\cas_client\\adaptive_concurrency\\controller.rs","line_number":586}
{"timestamp":"2026-09-07T13:57:10.188580Z","level":"INFO","fields":{"message":"Concurrency control for download: Decreased concurrency from 1 to 1; reason: success ratio below threshold (connection struggling) (success_ratio = 1.000, threshold = 0.500)"},"filename":"D:\\a\\xet-core\\xet-core\\xet_client\\src\\cas_client\\adaptive_concurrency\\controller.rs","line_number":586}
{"timestamp":"2026-09-07T13:57:10.776459Z","level":"INFO","fields":{"message":"Concurrency control for download: Decreased concurrency from 1 to 1; reason: success ratio below threshold (connection struggling) (success_ratio = 1.000, threshold = 0.500)"},"filename":"D:\\a\\xet-core\\xet-core\\xet_client\\src\\cas_client\\adaptive_concurrency\\controller.rs","line_number":586}
{"timestamp":"2026-09-07T13:57:11.277758Z","level":"INFO","fields":{"message":"Concurrency control for download: Decreased concurrency from 1 to 1; reason: success ratio below threshold (connection struggling) (success_ratio = 1.000, threshold = 0.500)"},"filename":"D:\\a\\xet-core\\xet-core\\xet_client\\src\\cas_client\\adaptive_concurrency\\controller.rs","line_number":586}
{"timestamp":"2026-09-07T13:57:12.638949Z","level":"INFO","fields":{"message":"Concurrency control for download: Decreased concurrency from 1 to 1; reason: success ratio below threshold (connection struggling) (success_ratio = 1.000, threshold = 0.500)"},"filename":"D:\\a\\xet-core\\xet-core\\xet_client\\src\\cas_client\\adaptive_concurrency\\controller.rs","line_number":586}
{"timestamp":"2026-09-07T13:57:13.387376Z","level":"INFO","fields":{"message":"Concurrency control for download: Decreased concurrency from 1 to 1; reason: success ratio below threshold (connection struggling) (success_ratio = 1.000, threshold = 0.500)"},"filename":"D:\\a\\xet-core\\xet-core\\xet_client\\src\\cas_client\\adaptive_concurrency\\controller.rs","line_number":586}
{"timestamp":"2026-09-07T13:57:14.291491Z","level":"INFO","fields":{"message":"Concurrency control for download: Decreased concurrency from 1 to 1; reason: success ratio below threshold (connection struggling) (success_ratio = 1.000, threshold = 0.500)"},"filename":"D:\\a\\xet-core\\xet-core\\xet_client\\src\\cas_client\\adaptive_concurrency\\controller.rs","line_number":586}
{"timestamp":"2026-09-07T13:57:14.940923Z","level":"INFO","fields":{"message":"Concurrency control for download: Decreased concurrency from 1 to 1; reason: success ratio below threshold (connection struggling) (success_ratio = 1.000, threshold = 0.500)"},"filename":"D:\\a\\xet-core\\xet-core\\xet_client\\src\\cas_client\\adaptive_concurrency\\controller.rs","line_number":586}
{"timestamp":"2026-09-07T13:57:15.643264Z","level":"INFO","fields":{"message":"Concurrency control for download: Decreased concurrency from 1 to 1; reason: success ratio below threshold (connection struggling) (success_ratio = 1.000, threshold = 0.500)"},"filename":"D:\\a\\xet-core\\xet-core\\xet_client\\src\\cas_client\\adaptive_concurrency\\controller.rs","line_number":586}
{"timestamp":"2026-09-07T13:57:16.308791Z","level":"INFO","fields":{"message":"Concurrency control for download: Decreased concurrency from 1 to 1; reason: success ratio below threshold (connection struggling) (success_ratio = 1.000, threshold = 0.500)"},"filename":"D:\\a\\xet-core\\xet-core\\xet_client\\src\\cas_client\\adaptive_concurrency\\controller.rs","line_number":586}
{"timestamp":"2026-09-07T13:57:16.872610Z","level":"INFO","fields":{"message":"Concurrency control for download: Decreased concurrency from 1 to 1; reason: success ratio below threshold (connection struggling) (success_ratio = 1.000, threshold = 0.500)"},"filename":"D:\\a\\xet-core\\xet-core\\xet_client\\src\\cas_client\\adaptive_concurrency\\controller.rs","line_number":586}
{"timestamp":"2026-09-07T13:57:17.410504Z","level":"INFO","fields":{"message":"Concurrency control for download: Decreased concurrency from 1 to 1; reason: success ratio below threshold (connection struggling) (success_ratio = 1.000, threshold = 0.500)"},"filename":"D:\\a\\xet-core\\xet-core\\xet_client\\src\\cas_client\\adaptive_concurrency\\controller.rs","line_number":586}
{"timestamp":"2026-09-07T13:57:17.410542Z","level":"INFO","fields":{"message":"Concurrency control for download: Current concurrency = 1; predicted bandwidth = 22855; success_ratio = 1.000; reference_size = 61.0MB; observed bytes sent so far = 903111022; completed transmissions = 32"},"filename":"D:\\a\\xet-core\\xet-core\\xet_client\\src\\cas_client\\adaptive_concurrency\\controller.rs","line_number":602}
{"timestamp":"2026-09-07T13:57:18.113965Z","level":"INFO","fields":{"message":"Concurrency control for download: Decreased concurrency from 1 to 1; reason: success ratio below threshold (connection struggling) (success_ratio = 1.000, threshold = 0.500)"},"filename":"D:\\a\\xet-core\\xet-core\\xet_client\\src\\cas_client\\adaptive_concurrency\\controller.rs","line_number":586}
{"timestamp":"2026-09-07T13:57:18.811364Z","level":"INFO","fields":{"message":"Concurrency control for download: Decreased concurrency from 1 to 1; reason: success ratio below threshold (connection struggling) (success_ratio = 1.000, threshold = 0.500)"},"filename":"D:\\a\\xet-core\\xet-core\\xet_client\\src\\cas_client\\adaptive_concurrency\\controller.rs","line_number":586}
{"timestamp":"2026-09-07T13:57:19.362644Z","level":"INFO","fields":{"message":"Concurrency control for download: Decreased concurrency from 1 to 1; reason: success ratio below threshold (connection struggling) (success_ratio = 1.000, threshold = 0.500)"},"filename":"D:\\a\\xet-core\\xet-core\\xet_client\\src\\cas_client\\adaptive_concurrency\\controller.rs","line_number":586}
{"timestamp":"2026-09-07T13:57:20.392658Z","level":"INFO","fields":{"message":"Concurrency control for download: Decreased concurrency from 1 to 1; reason: success ratio below threshold (connection struggling) (success_ratio = 1.000, threshold = 0.500)"},"filename":"D:\\a\\xet-core\\xet-core\\xet_client\\src\\cas_client\\adaptive_concurrency\\controller.rs","line_number":586}
{"timestamp":"2026-09-07T13:57:21.221275Z","level":"INFO","fields":{"message":"Concurrency control for download: Decreased concurrency from 1 to 1; reason: success ratio below threshold (connection struggling) (success_ratio = 1.000, threshold = 0.500)"},"filename":"D:\\a\\xet-core\\xet-core\\xet_client\\src\\cas_client\\adaptive_concurrency\\controller.rs","line_number":586}
{"timestamp":"2026-09-07T13:57:22.001288Z","level":"INFO","fields":{"message":"Concurrency control for download: Decreased concurrency from 1 to 1; reason: success ratio below threshold (connection struggling) (success_ratio = 1.000, threshold = 0.500)"},"filename":"D:\\a\\xet-core\\xet-core\\xet_client\\src\\cas_client\\adaptive_concurrency\\controller.rs","line_number":586}
{"timestamp":"2026-09-07T13:57:22.518225Z","level":"INFO","fields":{"message":"Concurrency control for download: Decreased concurrency from 1 to 1; reason: success ratio below threshold (connection struggling) (success_ratio = 1.000, threshold = 0.500)"},"filename":"D:\\a\\xet-core\\xet-core\\xet_client\\src\\cas_client\\adaptive_concurrency\\controller.rs","line_number":586}
{"timestamp":"2026-09-07T13:57:24.785893Z","level":"INFO","fields":{"message":"Concurrency control for download: Decreased concurrency from 1 to 1; reason: success ratio below threshold (connection struggling) (success_ratio = 1.000, threshold = 0.500)"},"filename":"D:\\a\\xet-core\\xet-core\\xet_client\\src\\cas_client\\adaptive_concurrency\\controller.rs","line_number":586}
{"timestamp":"2026-09-07T13:57:25.375422Z","level":"INFO","fields":{"message":"Concurrency control for download: Decreased concurrency from 1 to 1; reason: success ratio below threshold (connection struggling) (success_ratio = 1.000, threshold = 0.500)"},"filename":"D:\\a\\xet-core\\xet-core\\xet_client\\src\\cas_client\\adaptive_concurrency\\controller.rs","line_number":586}
{"timestamp":"2026-09-07T13:57:26.091577Z","level":"INFO","fields":{"message":"Concurrency control for download: Decreased concurrency from 1 to 1; reason: success ratio below threshold (connection struggling) (success_ratio = 1.000, threshold = 0.500)"},"filename":"D:\\a\\xet-core\\xet-core\\xet_client\\src\\cas_client\\adaptive_concurrency\\controller.rs","line_number":586}
{"timestamp":"2026-09-07T13:57:27.208362Z","level":"INFO","fields":{"message":"Concurrency control for download: Decreased concurrency from 1 to 1; reason: success ratio below threshold (connection struggling) (success_ratio = 1.000, threshold = 0.500)"},"filename":"D:\\a\\xet-core\\xet-core\\xet_client\\src\\cas_client\\adaptive_concurrency\\controller.rs","line_number":586}
{"timestamp":"2026-09-07T13:57:27.627623Z","level":"INFO","fields":{"message":"Concurrency control for download: Current concurrency = 1; predicted bandwidth = 23162; success_ratio = 1.000; reference_size = 61.0MB; observed bytes sent so far = 905437550; completed transmissions = 32"},"filename":"D:\\a\\xet-core\\xet-core\\xet_client\\src\\cas_client\\adaptive_concurrency\\controller.rs","line_number":602}
{"timestamp":"2026-09-07T13:57:27.894766Z","level":"INFO","fields":{"message":"Concurrency control for download: Decreased concurrency from 1 to 1; reason: success ratio below threshold (connection struggling) (success_ratio = 1.000, threshold = 0.500)"},"filename":"D:\\a\\xet-core\\xet-core\\xet_client\\src\\cas_client\\adaptive_concurrency\\controller.rs","line_number":586}
{"timestamp":"2026-09-07T13:57:28.458016Z","level":"INFO","fields":{"message":"Concurrency control for download: Decreased concurrency from 1 to 1; reason: success ratio below threshold (connection struggling) (success_ratio = 1.000, threshold = 0.500)"},"filename":"D:\\a\\xet-core\\xet-core\\xet_client\\src\\cas_client\\adaptive_concurrency\\controller.rs","line_number":586}
{"timestamp":"2026-09-07T13:57:29.723463Z","level":"INFO","fields":{"message":"Concurrency control for download: Decreased concurrency from 1 to 1; reason: success ratio below threshold (connection struggling) (success_ratio = 1.000, threshold = 0.500)"},"filename":"D:\\a\\xet-core\\xet-core\\xet_client\\src\\cas_client\\adaptive_concurrency\\controller.rs","line_number":586}
{"timestamp":"2026-09-07T13:57:30.244624Z","level":"INFO","fields":{"message":"Concurrency control for download: Decreased concurrency from 1 to 1; reason: success ratio below threshold (connection struggling) (success_ratio = 1.000, threshold = 0.500)"},"filename":"D:\\a\\xet-core\\xet-core\\xet_client\\src\\cas_client\\adaptive_concurrency\\controller.rs","line_number":586}
{"timestamp":"2026-09-07T13:57:30.976200Z","level":"INFO","fields":{"message":"Concurrency control for download: Decreased concurrency from 1 to 1; reason: success ratio below threshold (connection struggling) (success_ratio = 1.000, threshold = 0.500)"},"filename":"D:\\a\\xet-core\\xet-core\\xet_client\\src\\cas_client\\adaptive_concurrency\\controller.rs","line_number":586}
{"timestamp":"2026-09-07T13:57:32.357110Z","level":"INFO","fields":{"message":"Concurrency control for download: Decreased concurrency from 1 to 1; reason: success ratio below threshold (connection struggling) (success_ratio = 1.000, threshold = 0.500)"},"filename":"D:\\a\\xet-core\\xet-core\\xet_client\\src\\cas_client\\adaptive_concurrency\\controller.rs","line_number":586}
{"timestamp":"2026-09-07T13:57:32.962640Z","level":"INFO","fields":{"message":"Concurrency control for download: Decreased concurrency from 1 to 1; reason: success ratio below threshold (connection struggling) (success_ratio = 1.000, threshold = 0.500)"},"filename":"D:\\a\\xet-core\\xet-core\\xet_client\\src\\cas_client\\adaptive_concurrency\\controller.rs","line_number":586}
{"timestamp":"2026-09-07T13:57:33.793149Z","level":"INFO","fields":{"message":"Concurrency control for download: Decreased concurrency from 1 to 1; reason: success ratio below threshold (connection struggling) (success_ratio = 1.000, threshold = 0.500)"},"filename":"D:\\a\\xet-core\\xet-core\\xet_client\\src\\cas_client\\adaptive_concurrency\\controller.rs","line_number":586}
{"timestamp":"2026-09-07T13:57:34.579166Z","level":"INFO","fields":{"message":"Concurrency control for download: Decreased concurrency from 1 to 1; reason: success ratio below threshold (connection struggling) (success_ratio = 1.000, threshold = 0.500)"},"filename":"D:\\a\\xet-core\\xet-core\\xet_client\\src\\cas_client\\adaptive_concurrency\\controller.rs","line_number":586}
{"timestamp":"2026-09-07T13:57:36.346062Z","level":"INFO","fields":{"message":"Concurrency control for download: Decreased concurrency from 1 to 1; reason: success ratio below threshold (connection struggling) (success_ratio = 1.000, threshold = 0.500)"},"filename":"D:\\a\\xet-core\\xet-core\\xet_client\\src\\cas_client\\adaptive_concurrency\\controller.rs","line_number":586}
{"timestamp":"2026-09-07T13:57:36.912182Z","level":"INFO","fields":{"message":"Concurrency control for download: Decreased concurrency from 1 to 1; reason: success ratio below threshold (connection struggling) (success_ratio = 1.000, threshold = 0.500)"},"filename":"D:\\a\\xet-core\\xet-core\\xet_client\\src\\cas_client\\adaptive_concurrency\\controller.rs","line_number":586}
{"timestamp":"2026-09-07T13:57:37.467517Z","level":"INFO","fields":{"message":"Concurrency control for download: Decreased concurrency from 1 to 1; reason: success ratio below threshold (connection struggling) (success_ratio = 1.000, threshold = 0.500)"},"filename":"D:\\a\\xet-core\\xet-core\\xet_client\\src\\cas_client\\adaptive_concurrency\\controller.rs","line_number":586}
{"timestamp":"2026-09-07T13:57:37.686698Z","level":"INFO","fields":{"message":"Concurrency control for download: Current concurrency = 1; predicted bandwidth = 22847; success_ratio = 1.000; reference_size = 61.0MB; observed bytes sent so far = 907485550; completed transmissions = 32"},"filename":"D:\\a\\xet-core\\xet-core\\xet_client\\src\\cas_client\\adaptive_concurrency\\controller.rs","line_number":602}
{"timestamp":"2026-09-07T13:57:38.107710Z","level":"INFO","fields":{"message":"Concurrency control for download: Decreased concurrency from 1 to 1; reason: success ratio below threshold (connection struggling) (success_ratio = 1.000, threshold = 0.500)"},"filename":"D:\\a\\xet-core\\xet-core\\xet_client\\src\\cas_client\\adaptive_concurrency\\controller.rs","line_number":586}
{"timestamp":"2026-09-07T13:57:38.869407Z","level":"INFO","fields":{"message":"Concurrency control for download: Decreased concurrency from 1 to 1; reason: success ratio below threshold (connection struggling) (success_ratio = 1.000, threshold = 0.500)"},"filename":"D:\\a\\xet-core\\xet-core\\xet_client\\src\\cas_client\\adaptive_concurrency\\controller.rs","line_number":586}
{"timestamp":"2026-09-07T13:57:39.420886Z","level":"INFO","fields":{"message":"Concurrency control for download: Decreased concurrency from 1 to 1; reason: success ratio below threshold (connection struggling) (success_ratio = 1.000, threshold = 0.500)"},"filename":"D:\\a\\xet-core\\xet-core\\xet_client\\src\\cas_client\\adaptive_concurrency\\controller.rs","line_number":586}
{"timestamp":"2026-09-07T13:57:39.993710Z","level":"INFO","fields":{"message":"Concurrency control for download: Decreased concurrency from 1 to 1; reason: success ratio below threshold (connection struggling) (success_ratio = 1.000, threshold = 0.500)"},"filename":"D:\\a\\xet-core\\xet-core\\xet_client\\src\\cas_client\\adaptive_concurrency\\controller.rs","line_number":586}
{"timestamp":"2026-09-07T13:57:40.584238Z","level":"INFO","fields":{"message":"Concurrency control for download: Decreased concurrency from 1 to 1; reason: success ratio below threshold (connection struggling) (success_ratio = 1.000, threshold = 0.500)"},"filename":"D:\\a\\xet-core\\xet-core\\xet_client\\src\\cas_client\\adaptive_concurrency\\controller.rs","line_number":586}
{"timestamp":"2026-09-07T13:57:41.171438Z","level":"INFO","fields":{"message":"Concurrency control for download: Decreased concurrency from 1 to 1; reason: success ratio below threshold (connection struggling) (success_ratio = 1.000, threshold = 0.500)"},"filename":"D:\\a\\xet-core\\xet-core\\xet_client\\src\\cas_client\\adaptive_concurrency\\controller.rs","line_number":586}
{"timestamp":"2026-09-07T13:57:41.794601Z","level":"INFO","fields":{"message":"Concurrency control for download: Decreased concurrency from 1 to 1; reason: success ratio below threshold (connection struggling) (success_ratio = 1.000, threshold = 0.500)"},"filename":"D:\\a\\xet-core\\xet-core\\xet_client\\src\\cas_client\\adaptive_concurrency\\controller.rs","line_number":586}
{"timestamp":"2026-09-07T13:57:42.319138Z","level":"INFO","fields":{"message":"Concurrency control for download: Decreased concurrency from 1 to 1; reason: success ratio below threshold (connection struggling) (success_ratio = 1.000, threshold = 0.500)"},"filename":"D:\\a\\xet-core\\xet-core\\xet_client\\src\\cas_client\\adaptive_concurrency\\controller.rs","line_number":586}
{"timestamp":"2026-09-07T13:57:42.876626Z","level":"INFO","fields":{"message":"Concurrency control for download: Decreased concurrency from 1 to 1; reason: success ratio below threshold (connection struggling) (success_ratio = 1.000, threshold = 0.500)"},"filename":"D:\\a\\xet-core\\xet-core\\xet_client\\src\\cas_client\\adaptive_concurrency\\controller.rs","line_number":586}
{"timestamp":"2026-09-07T13:57:43.591520Z","level":"INFO","fields":{"message":"Concurrency control for download: Decreased concurrency from 1 to 1; reason: success ratio below threshold (connection struggling) (success_ratio = 1.000, threshold = 0.500)"},"filename":"D:\\a\\xet-core\\xet-core\\xet_client\\src\\cas_client\\adaptive_concurrency\\controller.rs","line_number":586}
{"timestamp":"2026-09-07T13:57:44.192267Z","level":"INFO","fields":{"message":"Concurrency control for download: Decreased concurrency from 1 to 1; reason: success ratio below threshold (connection struggling) (success_ratio = 1.000, threshold = 0.500)"},"filename":"D:\\a\\xet-core\\xet-core\\xet_client\\src\\cas_client\\adaptive_concurrency\\controller.rs","line_number":586}
{"timestamp":"2026-09-07T13:57:44.775627Z","level":"INFO","fields":{"message":"Concurrency control for download: Decreased concurrency from 1 to 1; reason: success ratio below threshold (connection struggling) (success_ratio = 1.000, threshold = 0.500)"},"filename":"D:\\a\\xet-core\\xet-core\\xet_client\\src\\cas_client\\adaptive_concurrency\\controller.rs","line_number":586}
{"timestamp":"2026-09-07T13:57:45.289409Z","level":"INFO","fields":{"message":"Concurrency control for download: Decreased concurrency from 1 to 1; reason: success ratio below threshold (connection struggling) (success_ratio = 1.000, threshold = 0.500)"},"filename":"D:\\a\\xet-core\\xet-core\\xet_client\\src\\cas_client\\adaptive_concurrency\\controller.rs","line_number":586}
{"timestamp":"2026-09-07T13:57:46.220149Z","level":"INFO","fields":{"message":"Concurrency control for download: Decreased concurrency from 1 to 1; reason: success ratio below threshold (connection struggling) (success_ratio = 1.000, threshold = 0.500)"},"filename":"D:\\a\\xet-core\\xet-core\\xet_client\\src\\cas_client\\adaptive_concurrency\\controller.rs","line_number":586}
{"timestamp":"2026-09-07T13:57:46.994297Z","level":"INFO","fields":{"message":"Concurrency control for download: Decreased concurrency from 1 to 1; reason: success ratio below threshold (connection struggling) (success_ratio = 1.000, threshold = 0.500)"},"filename":"D:\\a\\xet-core\\xet-core\\xet_client\\src\\cas_client\\adaptive_concurrency\\controller.rs","line_number":586}
{"timestamp":"2026-09-07T13:57:48.156467Z","level":"INFO","fields":{"message":"Concurrency control for download: Decreased concurrency from 1 to 1; reason: success ratio below threshold (connection struggling) (success_ratio = 1.000, threshold = 0.500)"},"filename":"D:\\a\\xet-core\\xet-core\\xet_client\\src\\cas_client\\adaptive_concurrency\\controller.rs","line_number":586}
{"timestamp":"2026-09-07T13:57:48.156501Z","level":"INFO","fields":{"message":"Concurrency control for download: Current concurrency = 1; predicted bandwidth = 22568; success_ratio = 1.000; reference_size = 61.0MB; observed bytes sent so far = 913531122; completed transmissions = 32"},"filename":"D:\\a\\xet-core\\xet-core\\xet_client\\src\\cas_client\\adaptive_concurrency\\controller.rs","line_number":602}
{"timestamp":"2026-09-07T13:57:49.382457Z","level":"INFO","fields":{"message":"Concurrency control for download: Decreased concurrency from 1 to 1; reason: success ratio below threshold (connection struggling) (success_ratio = 1.000, threshold = 0.500)"},"filename":"D:\\a\\xet-core\\xet-core\\xet_client\\src\\cas_client\\adaptive_concurrency\\controller.rs","line_number":586}
{"timestamp":"2026-09-07T13:57:50.203082Z","level":"INFO","fields":{"message":"Concurrency control for download: Decreased concurrency from 1 to 1; reason: success ratio below threshold (connection struggling) (success_ratio = 1.000, threshold = 0.500)"},"filename":"D:\\a\\xet-core\\xet-core\\xet_client\\src\\cas_client\\adaptive_concurrency\\controller.rs","line_number":586}
{"timestamp":"2026-09-07T13:57:50.776455Z","level":"INFO","fields":{"message":"Concurrency control for download: Decreased concurrency from 1 to 1; reason: success ratio below threshold (connection struggling) (success_ratio = 1.000, threshold = 0.500)"},"filename":"D:\\a\\xet-core\\xet-core\\xet_client\\src\\cas_client\\adaptive_concurrency\\controller.rs","line_number":586}
{"timestamp":"2026-09-07T13:57:51.412246Z","level":"INFO","fields":{"message":"Concurrency control for download: Decreased concurrency from 1 to 1; reason: success ratio below threshold (connection struggling) (success_ratio = 1.000, threshold = 0.500)"},"filename":"D:\\a\\xet-core\\xet-core\\xet_client\\src\\cas_client\\adaptive_concurrency\\controller.rs","line_number":586}
{"timestamp":"2026-09-07T13:57:51.985586Z","level":"INFO","fields":{"message":"Concurrency control for download: Decreased concurrency from 1 to 1; reason: success ratio below threshold (connection struggling) (success_ratio = 1.000, threshold = 0.500)"},"filename":"D:\\a\\xet-core\\xet-core\\xet_client\\src\\cas_client\\adaptive_concurrency\\controller.rs","line_number":586}
{"timestamp":"2026-09-07T13:57:52.600617Z","level":"INFO","fields":{"message":"Concurrency control for download: Decreased concurrency from 1 to 1; reason: success ratio below threshold (connection struggling) (success_ratio = 1.000, threshold = 0.500)"},"filename":"D:\\a\\xet-core\\xet-core\\xet_client\\src\\cas_client\\adaptive_concurrency\\controller.rs","line_number":586}
{"timestamp":"2026-09-07T13:57:53.144652Z","level":"INFO","fields":{"message":"Concurrency control for download: Decreased concurrency from 1 to 1; reason: success ratio below threshold (connection struggling) (success_ratio = 1.000, threshold = 0.500)"},"filename":"D:\\a\\xet-core\\xet-core\\xet_client\\src\\cas_client\\adaptive_concurrency\\controller.rs","line_number":586}
{"timestamp":"2026-09-07T13:57:53.889437Z","level":"INFO","fields":{"message":"Concurrency control for download: Decreased concurrency from 1 to 1; reason: success ratio below threshold (connection struggling) (success_ratio = 1.000, threshold = 0.500)"},"filename":"D:\\a\\xet-core\\xet-core\\xet_client\\src\\cas_client\\adaptive_concurrency\\controller.rs","line_number":586}
{"timestamp":"2026-09-07T13:57:54.434102Z","level":"INFO","fields":{"message":"Concurrency control for download: Decreased concurrency from 1 to 1; reason: success ratio below threshold (connection struggling) (success_ratio = 1.000, threshold = 0.500)"},"filename":"D:\\a\\xet-core\\xet-core\\xet_client\\src\\cas_client\\adaptive_concurrency\\controller.rs","line_number":586}
{"timestamp":"2026-09-07T13:57:55.000997Z","level":"INFO","fields":{"message":"Concurrency control for download: Decreased concurrency from 1 to 1; reason: success ratio below threshold (connection struggling) (success_ratio = 1.000, threshold = 0.500)"},"filename":"D:\\a\\xet-core\\xet-core\\xet_client\\src\\cas_client\\adaptive_concurrency\\controller.rs","line_number":586}
{"timestamp":"2026-09-07T13:57:55.282423Z","level":"INFO","fields":{"message":"Received CAS response","request_id":"01M1Y2JHAV7JTJV0MPZWJDHSFF","status_code":206},"filename":"D:\\a\\xet-core\\xet-core\\xet_client\\src\\common\\http_client.rs","line_number":288}
{"timestamp":"2026-09-07T13:57:55.282472Z","level":"INFO","fields":{"message":"Request Success: s3::get_range api call succeeded (request id 01M1Y2JHAV7JTJV0MPZWJDHSFF, retry 1)."},"filename":"D:\\a\\xet-core\\xet-core\\xet_client\\src\\cas_client\\retry_wrapper.rs","line_number":237}
{"timestamp":"2026-09-07T13:57:55.777059Z","level":"INFO","fields":{"message":"Concurrency control for download: Decreased concurrency from 1 to 1; reason: success ratio below threshold (connection struggling) (success_ratio = 1.000, threshold = 0.500)"},"filename":"D:\\a\\xet-core\\xet-core\\xet_client\\src\\cas_client\\adaptive_concurrency\\controller.rs","line_number":586}
{"timestamp":"2026-09-07T13:57:56.316456Z","level":"INFO","fields":{"message":"Concurrency control for download: Decreased concurrency from 1 to 1; reason: success ratio below threshold (connection struggling) (success_ratio = 1.000, threshold = 0.500)"},"filename":"D:\\a\\xet-core\\xet-core\\xet_client\\src\\cas_client\\adaptive_concurrency\\controller.rs","line_number":586}
{"timestamp":"2026-09-07T13:57:56.948608Z","level":"INFO","fields":{"message":"Concurrency control for download: Decreased concurrency from 1 to 1; reason: success ratio below threshold (connection struggling) (success_ratio = 1.000, threshold = 0.500)"},"filename":"D:\\a\\xet-core\\xet-core\\xet_client\\src\\cas_client\\adaptive_concurrency\\controller.rs","line_number":586}
{"timestamp":"2026-09-07T13:57:57.572994Z","level":"INFO","fields":{"message":"Concurrency control for download: Decreased concurrency from 1 to 1; reason: success ratio below threshold (connection struggling) (success_ratio = 1.000, threshold = 0.500)"},"filename":"D:\\a\\xet-core\\xet-core\\xet_client\\src\\cas_client\\adaptive_concurrency\\controller.rs","line_number":586}
{"timestamp":"2026-09-07T13:57:58.435988Z","level":"INFO","fields":{"message":"Concurrency control for download: Decreased concurrency from 1 to 1; reason: success ratio below threshold (connection struggling) (success_ratio = 1.000, threshold = 0.500)"},"filename":"D:\\a\\xet-core\\xet-core\\xet_client\\src\\cas_client\\adaptive_concurrency\\controller.rs","line_number":586}
{"timestamp":"2026-09-07T13:57:58.436025Z","level":"INFO","fields":{"message":"Concurrency control for download: Current concurrency = 1; predicted bandwidth = 21800; success_ratio = 1.000; reference_size = 61.0MB; observed bytes sent so far = 916021614; completed transmissions = 33"},"filename":"D:\\a\\xet-core\\xet-core\\xet_client\\src\\cas_client\\adaptive_concurrency\\controller.rs","line_number":602}
{"timestamp":"2026-09-07T13:57:59.252855Z","level":"INFO","fields":{"message":"Concurrency control for download: Decreased concurrency from 1 to 1; reason: success ratio below threshold (connection struggling) (success_ratio = 1.000, threshold = 0.500)"},"filename":"D:\\a\\xet-core\\xet-core\\xet_client\\src\\cas_client\\adaptive_concurrency\\controller.rs","line_number":586}
{"timestamp":"2026-09-07T13:57:59.812874Z","level":"INFO","fields":{"message":"Concurrency control for download: Decreased concurrency from 1 to 1; reason: success ratio below threshold (connection struggling) (success_ratio = 1.000, threshold = 0.500)"},"filename":"D:\\a\\xet-core\\xet-core\\xet_client\\src\\cas_client\\adaptive_concurrency\\controller.rs","line_number":586}
{"timestamp":"2026-09-07T13:58:00.487804Z","level":"INFO","fields":{"message":"Concurrency control for download: Decreased concurrency from 1 to 1; reason: success ratio below threshold (connection struggling) (success_ratio = 1.000, threshold = 0.500)"},"filename":"D:\\a\\xet-core\\xet-core\\xet_client\\src\\cas_client\\adaptive_concurrency\\controller.rs","line_number":586}
{"timestamp":"2026-09-07T13:58:01.057572Z","level":"INFO","fields":{"message":"Concurrency control for download: Decreased concurrency from 1 to 1; reason: success ratio below threshold (connection struggling) (success_ratio = 1.000, threshold = 0.500)"},"filename":"D:\\a\\xet-core\\xet-core\\xet_client\\src\\cas_client\\adaptive_concurrency\\controller.rs","line_number":586}
{"timestamp":"2026-09-07T13:58:01.637186Z","level":"INFO","fields":{"message":"Concurrency control for download: Decreased concurrency from 1 to 1; reason: success ratio below threshold (connection struggling) (success_ratio = 1.000, threshold = 0.500)"},"filename":"D:\\a\\xet-core\\xet-core\\xet_client\\src\\cas_client\\adaptive_concurrency\\controller.rs","line_number":586}
{"timestamp":"2026-09-07T13:58:02.168458Z","level":"INFO","fields":{"message":"Concurrency control for download: Decreased concurrency from 1 to 1; reason: success ratio below threshold (connection struggling) (success_ratio = 1.000, threshold = 0.500)"},"filename":"D:\\a\\xet-core\\xet-core\\xet_client\\src\\cas_client\\adaptive_concurrency\\controller.rs","line_number":586}
{"timestamp":"2026-09-07T13:58:03.472503Z","level":"INFO","fields":{"message":"Concurrency control for download: Decreased concurrency from 1 to 1; reason: success ratio below threshold (connection struggling) (success_ratio = 1.000, threshold = 0.500)"},"filename":"D:\\a\\xet-core\\xet-core\\xet_client\\src\\cas_client\\adaptive_concurrency\\controller.rs","line_number":586}
{"timestamp":"2026-09-07T13:58:04.049054Z","level":"INFO","fields":{"message":"Concurrency control for download: Decreased concurrency from 1 to 1; reason: success ratio below threshold (connection struggling) (success_ratio = 1.000, threshold = 0.500)"},"filename":"D:\\a\\xet-core\\xet-core\\xet_client\\src\\cas_client\\adaptive_concurrency\\controller.rs","line_number":586}
{"timestamp":"2026-09-07T13:58:05.105143Z","level":"INFO","fields":{"message":"Concurrency control for download: Decreased concurrency from 1 to 1; reason: success ratio below threshold (connection struggling) (success_ratio = 1.000, threshold = 0.500)"},"filename":"D:\\a\\xet-core\\xet-core\\xet_client\\src\\cas_client\\adaptive_concurrency\\controller.rs","line_number":586}
{"timestamp":"2026-09-07T13:58:05.625309Z","level":"INFO","fields":{"message":"Concurrency control for download: Decreased concurrency from 1 to 1; reason: success ratio below threshold (connection struggling) (success_ratio = 1.000, threshold = 0.500)"},"filename":"D:\\a\\xet-core\\xet-core\\xet_client\\src\\cas_client\\adaptive_concurrency\\controller.rs","line_number":586}
{"timestamp":"2026-09-07T13:58:06.727968Z","level":"INFO","fields":{"message":"Concurrency control for download: Decreased concurrency from 1 to 1; reason: success ratio below threshold (connection struggling) (success_ratio = 1.000, threshold = 0.500)"},"filename":"D:\\a\\xet-core\\xet-core\\xet_client\\src\\cas_client\\adaptive_concurrency\\controller.rs","line_number":586}
{"timestamp":"2026-09-07T13:58:07.677642Z","level":"INFO","fields":{"message":"Concurrency control for download: Decreased concurrency from 1 to 1; reason: success ratio below threshold (connection struggling) (success_ratio = 1.000, threshold = 0.500)"},"filename":"D:\\a\\xet-core\\xet-core\\xet_client\\src\\cas_client\\adaptive_concurrency\\controller.rs","line_number":586}
{"timestamp":"2026-09-07T13:58:08.226198Z","level":"INFO","fields":{"message":"Concurrency control for download: Decreased concurrency from 1 to 1; reason: success ratio below threshold (connection struggling) (success_ratio = 1.000, threshold = 0.500)"},"filename":"D:\\a\\xet-core\\xet-core\\xet_client\\src\\cas_client\\adaptive_concurrency\\controller.rs","line_number":586}
{"timestamp":"2026-09-07T13:58:08.992683Z","level":"INFO","fields":{"message":"Concurrency control for download: Decreased concurrency from 1 to 1; reason: success ratio below threshold (connection struggling) (success_ratio = 1.000, threshold = 0.500)"},"filename":"D:\\a\\xet-core\\xet-core\\xet_client\\src\\cas_client\\adaptive_concurrency\\controller.rs","line_number":586}
{"timestamp":"2026-09-07T13:58:08.992731Z","level":"INFO","fields":{"message":"Concurrency control for download: Current concurrency = 1; predicted bandwidth = 21117; success_ratio = 1.000; reference_size = 61.0MB; observed bytes sent so far = 918495598; completed transmissions = 33"},"filename":"D:\\a\\xet-core\\xet-core\\xet_client\\src\\cas_client\\adaptive_concurrency\\controller.rs","line_number":602}
{"timestamp":"2026-09-07T13:58:09.546068Z","level":"INFO","fields":{"message":"Concurrency control for download: Decreased concurrency from 1 to 1; reason: success ratio below threshold (connection struggling) (success_ratio = 1.000, threshold = 0.500)"},"filename":"D:\\a\\xet-core\\xet-core\\xet_client\\src\\cas_client\\adaptive_concurrency\\controller.rs","line_number":586}
{"timestamp":"2026-09-07T13:58:10.567406Z","level":"INFO","fields":{"message":"Concurrency control for download: Decreased concurrency from 1 to 1; reason: success ratio below threshold (connection struggling) (success_ratio = 1.000, threshold = 0.500)"},"filename":"D:\\a\\xet-core\\xet-core\\xet_client\\src\\cas_client\\adaptive_concurrency\\controller.rs","line_number":586}
{"timestamp":"2026-09-07T13:58:11.099948Z","level":"INFO","fields":{"message":"Concurrency control for download: Decreased concurrency from 1 to 1; reason: success ratio below threshold (connection struggling) (success_ratio = 1.000, threshold = 0.500)"},"filename":"D:\\a\\xet-core\\xet-core\\xet_client\\src\\cas_client\\adaptive_concurrency\\controller.rs","line_number":586}
{"timestamp":"2026-09-07T13:58:11.737386Z","level":"INFO","fields":{"message":"Concurrency control for download: Decreased concurrency from 1 to 1; reason: success ratio below threshold (connection struggling) (success_ratio = 1.000, threshold = 0.500)"},"filename":"D:\\a\\xet-core\\xet-core\\xet_client\\src\\cas_client\\adaptive_concurrency\\controller.rs","line_number":586}
{"timestamp":"2026-09-07T13:58:12.326956Z","level":"INFO","fields":{"message":"Concurrency control for download: Decreased concurrency from 1 to 1; reason: success ratio below threshold (connection struggling) (success_ratio = 1.000, threshold = 0.500)"},"filename":"D:\\a\\xet-core\\xet-core\\xet_client\\src\\cas_client\\adaptive_concurrency\\controller.rs","line_number":586}
{"timestamp":"2026-09-07T13:58:12.996645Z","level":"INFO","fields":{"message":"Concurrency control for download: Decreased concurrency from 1 to 1; reason: success ratio below threshold (connection struggling) (success_ratio = 1.000, threshold = 0.500)"},"filename":"D:\\a\\xet-core\\xet-core\\xet_client\\src\\cas_client\\adaptive_concurrency\\controller.rs","line_number":586}
{"timestamp":"2026-09-07T13:58:13.607391Z","level":"INFO","fields":{"message":"Concurrency control for download: Decreased concurrency from 1 to 1; reason: success ratio below threshold (connection struggling) (success_ratio = 1.000, threshold = 0.500)"},"filename":"D:\\a\\xet-core\\xet-core\\xet_client\\src\\cas_client\\adaptive_concurrency\\controller.rs","line_number":586}
{"timestamp":"2026-09-07T13:58:14.378019Z","level":"INFO","fields":{"message":"Concurrency control for download: Decreased concurrency from 1 to 1; reason: success ratio below threshold (connection struggling) (success_ratio = 1.000, threshold = 0.500)"},"filename":"D:\\a\\xet-core\\xet-core\\xet_client\\src\\cas_client\\adaptive_concurrency\\controller.rs","line_number":586}
{"timestamp":"2026-09-07T13:58:15.053046Z","level":"INFO","fields":{"message":"Concurrency control for download: Decreased concurrency from 1 to 1; reason: success ratio below threshold (connection struggling) (success_ratio = 1.000, threshold = 0.500)"},"filename":"D:\\a\\xet-core\\xet-core\\xet_client\\src\\cas_client\\adaptive_concurrency\\controller.rs","line_number":586}
{"timestamp":"2026-09-07T13:58:15.721002Z","level":"INFO","fields":{"message":"Concurrency control for download: Decreased concurrency from 1 to 1; reason: success ratio below threshold (connection struggling) (success_ratio = 1.000, threshold = 0.500)"},"filename":"D:\\a\\xet-core\\xet-core\\xet_client\\src\\cas_client\\adaptive_concurrency\\controller.rs","line_number":586}
{"timestamp":"2026-09-07T13:58:16.292082Z","level":"INFO","fields":{"message":"Concurrency control for download: Decreased concurrency from 1 to 1; reason: success ratio below threshold (connection struggling) (success_ratio = 1.000, threshold = 0.500)"},"filename":"D:\\a\\xet-core\\xet-core\\xet_client\\src\\cas_client\\adaptive_concurrency\\controller.rs","line_number":586}
{"timestamp":"2026-09-07T13:58:16.818657Z","level":"INFO","fields":{"message":"Concurrency control for download: Decreased concurrency from 1 to 1; reason: success ratio below threshold (connection struggling) (success_ratio = 1.000, threshold = 0.500)"},"filename":"D:\\a\\xet-core\\xet-core\\xet_client\\src\\cas_client\\adaptive_concurrency\\controller.rs","line_number":586}
{"timestamp":"2026-09-07T13:58:17.497884Z","level":"INFO","fields":{"message":"Concurrency control for download: Decreased concurrency from 1 to 1; reason: success ratio below threshold (connection struggling) (success_ratio = 1.000, threshold = 0.500)"},"filename":"D:\\a\\xet-core\\xet-core\\xet_client\\src\\cas_client\\adaptive_concurrency\\controller.rs","line_number":586}
{"timestamp":"2026-09-07T13:58:19.395317Z","level":"INFO","fields":{"message":"Concurrency control for download: Decreased concurrency from 1 to 1; reason: success ratio below threshold (connection struggling) (success_ratio = 1.000, threshold = 0.500)"},"filename":"D:\\a\\xet-core\\xet-core\\xet_client\\src\\cas_client\\adaptive_concurrency\\controller.rs","line_number":586}
{"timestamp":"2026-09-07T13:58:19.395350Z","level":"INFO","fields":{"message":"Concurrency control for download: Current concurrency = 1; predicted bandwidth = 21401; success_ratio = 1.000; reference_size = 61.0MB; observed bytes sent so far = 920265070; completed transmissions = 33"},"filename":"D:\\a\\xet-core\\xet-core\\xet_client\\src\\cas_client\\adaptive_concurrency\\controller.rs","line_number":602}
{"timestamp":"2026-09-07T13:58:19.973567Z","level":"INFO","fields":{"message":"Concurrency control for download: Decreased concurrency from 1 to 1; reason: success ratio below threshold (connection struggling) (success_ratio = 1.000, threshold = 0.500)"},"filename":"D:\\a\\xet-core\\xet-core\\xet_client\\src\\cas_client\\adaptive_concurrency\\controller.rs","line_number":586}
{"timestamp":"2026-09-07T13:58:20.540356Z","level":"INFO","fields":{"message":"Concurrency control for download: Decreased concurrency from 1 to 1; reason: success ratio below threshold (connection struggling) (success_ratio = 1.000, threshold = 0.500)"},"filename":"D:\\a\\xet-core\\xet-core\\xet_client\\src\\cas_client\\adaptive_concurrency\\controller.rs","line_number":586}
{"timestamp":"2026-09-07T13:58:21.136198Z","level":"INFO","fields":{"message":"Concurrency control for download: Decreased concurrency from 1 to 1; reason: success ratio below threshold (connection struggling) (success_ratio = 1.000, threshold = 0.500)"},"filename":"D:\\a\\xet-core\\xet-core\\xet_client\\src\\cas_client\\adaptive_concurrency\\controller.rs","line_number":586}
{"timestamp":"2026-09-07T13:58:21.795034Z","level":"INFO","fields":{"message":"Concurrency control for download: Decreased concurrency from 1 to 1; reason: success ratio below threshold (connection struggling) (success_ratio = 1.000, threshold = 0.500)"},"filename":"D:\\a\\xet-core\\xet-core\\xet_client\\src\\cas_client\\adaptive_concurrency\\controller.rs","line_number":586}
{"timestamp":"2026-09-07T13:58:22.449593Z","level":"INFO","fields":{"message":"Concurrency control for download: Decreased concurrency from 1 to 1; reason: success ratio below threshold (connection struggling) (success_ratio = 1.000, threshold = 0.500)"},"filename":"D:\\a\\xet-core\\xet-core\\xet_client\\src\\cas_client\\adaptive_concurrency\\controller.rs","line_number":586}
{"timestamp":"2026-09-07T13:58:23.012391Z","level":"INFO","fields":{"message":"Concurrency control for download: Decreased concurrency from 1 to 1; reason: success ratio below threshold (connection struggling) (success_ratio = 1.000, threshold = 0.500)"},"filename":"D:\\a\\xet-core\\xet-core\\xet_client\\src\\cas_client\\adaptive_concurrency\\controller.rs","line_number":586}
{"timestamp":"2026-09-07T13:58:23.663252Z","level":"INFO","fields":{"message":"Concurrency control for download: Decreased concurrency from 1 to 1; reason: success ratio below threshold (connection struggling) (success_ratio = 1.000, threshold = 0.500)"},"filename":"D:\\a\\xet-core\\xet-core\\xet_client\\src\\cas_client\\adaptive_concurrency\\controller.rs","line_number":586}
{"timestamp":"2026-09-07T13:58:24.795196Z","level":"INFO","fields":{"message":"Concurrency control for download: Decreased concurrency from 1 to 1; reason: success ratio below threshold (connection struggling) (success_ratio = 1.000, threshold = 0.500)"},"filename":"D:\\a\\xet-core\\xet-core\\xet_client\\src\\cas_client\\adaptive_concurrency\\controller.rs","line_number":586}
{"timestamp":"2026-09-07T13:58:26.114901Z","level":"INFO","fields":{"message":"Concurrency control for download: Decreased concurrency from 1 to 1; reason: success ratio below threshold (connection struggling) (success_ratio = 1.000, threshold = 0.500)"},"filename":"D:\\a\\xet-core\\xet-core\\xet_client\\src\\cas_client\\adaptive_concurrency\\controller.rs","line_number":586}
{"timestamp":"2026-09-07T13:58:27.012966Z","level":"INFO","fields":{"message":"Concurrency control for download: Decreased concurrency from 1 to 1; reason: success ratio below threshold (connection struggling) (success_ratio = 1.000, threshold = 0.500)"},"filename":"D:\\a\\xet-core\\xet-core\\xet_client\\src\\cas_client\\adaptive_concurrency\\controller.rs","line_number":586}
{"timestamp":"2026-09-07T13:58:27.513858Z","level":"INFO","fields":{"message":"Concurrency control for download: Decreased concurrency from 1 to 1; reason: success ratio below threshold (connection struggling) (success_ratio = 1.000, threshold = 0.500)"},"filename":"D:\\a\\xet-core\\xet-core\\xet_client\\src\\cas_client\\adaptive_concurrency\\controller.rs","line_number":586}
{"timestamp":"2026-09-07T13:58:28.018524Z","level":"INFO","fields":{"message":"Concurrency control for download: Decreased concurrency from 1 to 1; reason: success ratio below threshold (connection struggling) (success_ratio = 1.000, threshold = 0.500)"},"filename":"D:\\a\\xet-core\\xet-core\\xet_client\\src\\cas_client\\adaptive_concurrency\\controller.rs","line_number":586}
{"timestamp":"2026-09-07T13:58:28.523441Z","level":"INFO","fields":{"message":"Concurrency control for download: Decreased concurrency from 1 to 1; reason: success ratio below threshold (connection struggling) (success_ratio = 1.000, threshold = 0.500)"},"filename":"D:\\a\\xet-core\\xet-core\\xet_client\\src\\cas_client\\adaptive_concurrency\\controller.rs","line_number":586}
{"timestamp":"2026-09-07T13:58:29.662979Z","level":"INFO","fields":{"message":"Concurrency control for download: Decreased concurrency from 1 to 1; reason: success ratio below threshold (connection struggling) (success_ratio = 1.000, threshold = 0.500)"},"filename":"D:\\a\\xet-core\\xet-core\\xet_client\\src\\cas_client\\adaptive_concurrency\\controller.rs","line_number":586}
{"timestamp":"2026-09-07T13:58:29.663091Z","level":"INFO","fields":{"message":"Concurrency control for download: Current concurrency = 1; predicted bandwidth = 20759; success_ratio = 1.000; reference_size = 61.0MB; observed bytes sent so far = 922378606; completed transmissions = 33"},"filename":"D:\\a\\xet-core\\xet-core\\xet_client\\src\\cas_client\\adaptive_concurrency\\controller.rs","line_number":602}
{"timestamp":"2026-09-07T13:58:30.660379Z","level":"INFO","fields":{"message":"Concurrency control for download: Decreased concurrency from 1 to 1; reason: success ratio below threshold (connection struggling) (success_ratio = 1.000, threshold = 0.500)"},"filename":"D:\\a\\xet-core\\xet-core\\xet_client\\src\\cas_client\\adaptive_concurrency\\controller.rs","line_number":586}
{"timestamp":"2026-09-07T13:58:31.284245Z","level":"INFO","fields":{"message":"Concurrency control for download: Decreased concurrency from 1 to 1; reason: success ratio below threshold (connection struggling) (success_ratio = 1.000, threshold = 0.500)"},"filename":"D:\\a\\xet-core\\xet-core\\xet_client\\src\\cas_client\\adaptive_concurrency\\controller.rs","line_number":586}
{"timestamp":"2026-09-07T13:58:31.831948Z","level":"INFO","fields":{"message":"Concurrency control for download: Decreased concurrency from 1 to 1; reason: success ratio below threshold (connection struggling) (success_ratio = 1.000, threshold = 0.500)"},"filename":"D:\\a\\xet-core\\xet-core\\xet_client\\src\\cas_client\\adaptive_concurrency\\controller.rs","line_number":586}
{"timestamp":"2026-09-07T13:58:32.775526Z","level":"INFO","fields":{"message":"Concurrency control for download: Decreased concurrency from 1 to 1; reason: transfer failed (success_ratio = 1.000, threshold = 0.500)"},"filename":"D:\\a\\xet-core\\xet-core\\xet_client\\src\\cas_client\\adaptive_concurrency\\controller.rs","line_number":586}
{"timestamp":"2026-09-07T13:58:33.399716Z","level":"INFO","fields":{"message":"Concurrency control for download: Decreased concurrency from 1 to 1; reason: success ratio below threshold (connection struggling) (success_ratio = 1.000, threshold = 0.500)"},"filename":"D:\\a\\xet-core\\xet-core\\xet_client\\src\\cas_client\\adaptive_concurrency\\controller.rs","line_number":586}
{"timestamp":"2026-09-07T13:58:34.169851Z","level":"INFO","fields":{"message":"Received CAS response","request_id":"01M1Y2KQQNSG1T5WJNSTG7ZF5Z","status_code":206},"filename":"D:\\a\\xet-core\\xet-core\\xet_client\\src\\common\\http_client.rs","line_number":288}
{"timestamp":"2026-09-07T13:58:34.169919Z","level":"INFO","fields":{"message":"Request Success: s3::get_range api call succeeded (request id 01M1Y2KQQNSG1T5WJNSTG7ZF5Z, retry 1)."},"filename":"D:\\a\\xet-core\\xet-core\\xet_client\\src\\cas_client\\retry_wrapper.rs","line_number":237}
{"timestamp":"2026-09-07T13:58:34.512553Z","level":"INFO","fields":{"message":"Concurrency control for download: Decreased concurrency from 1 to 1; reason: success ratio below threshold (connection struggling) (success_ratio = 1.000, threshold = 0.500)"},"filename":"D:\\a\\xet-core\\xet-core\\xet_client\\src\\cas_client\\adaptive_concurrency\\controller.rs","line_number":586}
{"timestamp":"2026-09-07T13:58:35.304376Z","level":"INFO","fields":{"message":"Received CAS response","request_id":"01M1Y2KRW6NTYQDT91RBNF2P9T","status_code":206},"filename":"D:\\a\\xet-core\\xet-core\\xet_client\\src\\common\\http_client.rs","line_number":288}
{"timestamp":"2026-09-07T13:58:35.304421Z","level":"INFO","fields":{"message":"Request Success: s3::get_range api call succeeded (request id 01M1Y2KRW6NTYQDT91RBNF2P9T, retry 1)."},"filename":"D:\\a\\xet-core\\xet-core\\xet_client\\src\\cas_client\\retry_wrapper.rs","line_number":237}
{"timestamp":"2026-09-07T13:58:35.638380Z","level":"INFO","fields":{"message":"Concurrency control for download: Decreased concurrency from 1 to 1; reason: success ratio below threshold (connection struggling) (success_ratio = 1.000, threshold = 0.500)"},"filename":"D:\\a\\xet-core\\xet-core\\xet_client\\src\\cas_client\\adaptive_concurrency\\controller.rs","line_number":586}
{"timestamp":"2026-09-07T13:58:36.358285Z","level":"INFO","fields":{"message":"Concurrency control for download: Decreased concurrency from 1 to 1; reason: success ratio below threshold (connection struggling) (success_ratio = 1.000, threshold = 0.500)"},"filename":"D:\\a\\xet-core\\xet-core\\xet_client\\src\\cas_client\\adaptive_concurrency\\controller.rs","line_number":586}
{"timestamp":"2026-09-07T13:58:37.261730Z","level":"INFO","fields":{"message":"Concurrency control for download: Decreased concurrency from 1 to 1; reason: success ratio below threshold (connection struggling) (success_ratio = 1.000, threshold = 0.500)"},"filename":"D:\\a\\xet-core\\xet-core\\xet_client\\src\\cas_client\\adaptive_concurrency\\controller.rs","line_number":586}
{"timestamp":"2026-09-07T13:58:38.025154Z","level":"INFO","fields":{"message":"Concurrency control for download: Decreased concurrency from 1 to 1; reason: success ratio below threshold (connection struggling) (success_ratio = 1.000, threshold = 0.500)"},"filename":"D:\\a\\xet-core\\xet-core\\xet_client\\src\\cas_client\\adaptive_concurrency\\controller.rs","line_number":586}
{"timestamp":"2026-09-07T13:58:38.751867Z","level":"INFO","fields":{"message":"Concurrency control for download: Decreased concurrency from 1 to 1; reason: success ratio below threshold (connection struggling) (success_ratio = 1.000, threshold = 0.500)"},"filename":"D:\\a\\xet-core\\xet-core\\xet_client\\src\\cas_client\\adaptive_concurrency\\controller.rs","line_number":586}
{"timestamp":"2026-09-07T13:58:39.595570Z","level":"INFO","fields":{"message":"Concurrency control for download: Decreased concurrency from 1 to 1; reason: success ratio below threshold (connection struggling) (success_ratio = 1.000, threshold = 0.500)"},"filename":"D:\\a\\xet-core\\xet-core\\xet_client\\src\\cas_client\\adaptive_concurrency\\controller.rs","line_number":586}
{"timestamp":"2026-09-07T13:58:40.564501Z","level":"INFO","fields":{"message":"Concurrency control for download: Decreased concurrency from 1 to 1; reason: success ratio below threshold (connection struggling) (success_ratio = 1.000, threshold = 0.500)"},"filename":"D:\\a\\xet-core\\xet-core\\xet_client\\src\\cas_client\\adaptive_concurrency\\controller.rs","line_number":586}
{"timestamp":"2026-09-07T13:58:40.564525Z","level":"INFO","fields":{"message":"Concurrency control for download: Current concurrency = 1; predicted bandwidth = 21611; success_ratio = 1.000; reference_size = 61.0MB; observed bytes sent so far = 924508526; completed transmissions = 35"},"filename":"D:\\a\\xet-core\\xet-core\\xet_client\\src\\cas_client\\adaptive_concurrency\\controller.rs","line_number":602}
{"timestamp":"2026-09-07T13:58:41.359878Z","level":"INFO","fields":{"message":"Concurrency control for download: Decreased concurrency from 1 to 1; reason: success ratio below threshold (connection struggling) (success_ratio = 1.000, threshold = 0.500)"},"filename":"D:\\a\\xet-core\\xet-core\\xet_client\\src\\cas_client\\adaptive_concurrency\\controller.rs","line_number":586}
{"timestamp":"2026-09-07T13:58:42.110349Z","level":"INFO","fields":{"message":"Concurrency control for download: Decreased concurrency from 1 to 1; reason: success ratio below threshold (connection struggling) (success_ratio = 1.000, threshold = 0.500)"},"filename":"D:\\a\\xet-core\\xet-core\\xet_client\\src\\cas_client\\adaptive_concurrency\\controller.rs","line_number":586}
{"timestamp":"2026-09-07T13:58:42.755188Z","level":"INFO","fields":{"message":"Concurrency control for download: Decreased concurrency from 1 to 1; reason: success ratio below threshold (connection struggling) (success_ratio = 1.000, threshold = 0.500)"},"filename":"D:\\a\\xet-core\\xet-core\\xet_client\\src\\cas_client\\adaptive_concurrency\\controller.rs","line_number":586}
{"timestamp":"2026-09-07T13:58:43.483106Z","level":"INFO","fields":{"message":"Concurrency control for download: Decreased concurrency from 1 to 1; reason: success ratio below threshold (connection struggling) (success_ratio = 1.000, threshold = 0.500)"},"filename":"D:\\a\\xet-core\\xet-core\\xet_client\\src\\cas_client\\adaptive_concurrency\\controller.rs","line_number":586}
{"timestamp":"2026-09-07T13:58:44.393976Z","level":"INFO","fields":{"message":"Concurrency control for download: Decreased concurrency from 1 to 1; reason: success ratio below threshold (connection struggling) (success_ratio = 1.000, threshold = 0.500)"},"filename":"D:\\a\\xet-core\\xet-core\\xet_client\\src\\cas_client\\adaptive_concurrency\\controller.rs","line_number":586}
{"timestamp":"2026-09-07T13:58:45.110242Z","level":"INFO","fields":{"message":"Concurrency control for download: Decreased concurrency from 1 to 1; reason: success ratio below threshold (connection struggling) (success_ratio = 1.000, threshold = 0.500)"},"filename":"D:\\a\\xet-core\\xet-core\\xet_client\\src\\cas_client\\adaptive_concurrency\\controller.rs","line_number":586}
{"timestamp":"2026-09-07T13:58:45.751125Z","level":"INFO","fields":{"message":"Concurrency control for download: Decreased concurrency from 1 to 1; reason: transfer failed (success_ratio = 1.000, threshold = 0.500)"},"filename":"D:\\a\\xet-core\\xet-core\\xet_client\\src\\cas_client\\adaptive_concurrency\\controller.rs","line_number":586}
{"timestamp":"2026-09-07T13:58:48.301903Z","level":"INFO","fields":{"message":"Received CAS response","request_id":"01M1Y2M5K11YGXDFTHK670YB85","status_code":206},"filename":"D:\\a\\xet-core\\xet-core\\xet_client\\src\\common\\http_client.rs","line_number":288}
{"timestamp":"2026-09-07T13:58:48.301927Z","level":"INFO","fields":{"message":"Request Success: s3::get_range api call succeeded (request id 01M1Y2M5K11YGXDFTHK670YB85, retry 1)."},"filename":"D:\\a\\xet-core\\xet-core\\xet_client\\src\\cas_client\\retry_wrapper.rs","line_number":237}
{"timestamp":"2026-09-07T13:59:06.923531Z","level":"INFO","fields":{"message":"Concurrency control for download: Decreased concurrency from 1 to 1; reason: transfer failed (success_ratio = 1.000, threshold = 0.500)"},"filename":"D:\\a\\xet-core\\xet-core\\xet_client\\src\\cas_client\\adaptive_concurrency\\controller.rs","line_number":586}
{"timestamp":"2026-09-07T13:59:06.923590Z","level":"INFO","fields":{"message":"Concurrency control for download: Current concurrency = 1; predicted bandwidth = 21995; success_ratio = 1.000; reference_size = 61.0MB; observed bytes sent so far = 924970724; completed transmissions = 37"},"filename":"D:\\a\\xet-core\\xet-core\\xet_client\\src\\cas_client\\adaptive_concurrency\\controller.rs","line_number":602}
{"timestamp":"2026-09-07T14:00:10.020758Z","level":"INFO","fields":{"message":"Concurrency control for download: Decreased concurrency from 1 to 1; reason: success ratio below threshold (connection struggling) (success_ratio = 1.000, threshold = 0.500)"},"filename":"D:\\a\\xet-core\\xet-core\\xet_client\\src\\cas_client\\adaptive_concurrency\\controller.rs","line_number":586}
{"timestamp":"2026-09-07T14:00:10.020793Z","level":"INFO","fields":{"message":"Concurrency control for download: Current concurrency = 1; predicted bandwidth = 22582; success_ratio = 1.000; reference_size = 61.0MB; observed bytes sent so far = 924987108; completed transmissions = 37"},"filename":"D:\\a\\xet-core\\xet-core\\xet_client\\src\\cas_client\\adaptive_concurrency\\controller.rs","line_number":602}
{"timestamp":"2026-09-07T14:00:10.954099Z","level":"INFO","fields":{"message":"Concurrency control for download: Decreased concurrency from 1 to 1; reason: success ratio below threshold (connection struggling) (success_ratio = 1.000, threshold = 0.500)"},"filename":"D:\\a\\xet-core\\xet-core\\xet_client\\src\\cas_client\\adaptive_concurrency\\controller.rs","line_number":586}
{"timestamp":"2026-09-07T14:00:11.606431Z","level":"INFO","fields":{"message":"Concurrency control for download: Decreased concurrency from 1 to 1; reason: success ratio below threshold (connection struggling) (success_ratio = 1.000, threshold = 0.500)"},"filename":"D:\\a\\xet-core\\xet-core\\xet_client\\src\\cas_client\\adaptive_concurrency\\controller.rs","line_number":586}
{"timestamp":"2026-09-07T14:00:12.895181Z","level":"INFO","fields":{"message":"Concurrency control for download: Decreased concurrency from 1 to 1; reason: success ratio below threshold (connection struggling) (success_ratio = 1.000, threshold = 0.500)"},"filename":"D:\\a\\xet-core\\xet-core\\xet_client\\src\\cas_client\\adaptive_concurrency\\controller.rs","line_number":586}
{"timestamp":"2026-09-07T14:00:13.821869Z","level":"INFO","fields":{"message":"Concurrency control for download: Decreased concurrency from 1 to 1; reason: success ratio below threshold (connection struggling) (success_ratio = 1.000, threshold = 0.500)"},"filename":"D:\\a\\xet-core\\xet-core\\xet_client\\src\\cas_client\\adaptive_concurrency\\controller.rs","line_number":586}
{"timestamp":"2026-09-07T14:00:14.454978Z","level":"INFO","fields":{"message":"Concurrency control for download: Decreased concurrency from 1 to 1; reason: success ratio below threshold (connection struggling) (success_ratio = 1.000, threshold = 0.500)"},"filename":"D:\\a\\xet-core\\xet-core\\xet_client\\src\\cas_client\\adaptive_concurrency\\controller.rs","line_number":586}
{"timestamp":"2026-09-07T14:00:15.093148Z","level":"INFO","fields":{"message":"Concurrency control for download: Decreased concurrency from 1 to 1; reason: success ratio below threshold (connection struggling) (success_ratio = 1.000, threshold = 0.500)"},"filename":"D:\\a\\xet-core\\xet-core\\xet_client\\src\\cas_client\\adaptive_concurrency\\controller.rs","line_number":586}
{"timestamp":"2026-09-07T14:00:16.041081Z","level":"INFO","fields":{"message":"Concurrency control for download: Decreased concurrency from 1 to 1; reason: success ratio below threshold (connection struggling) (success_ratio = 1.000, threshold = 0.500)"},"filename":"D:\\a\\xet-core\\xet-core\\xet_client\\src\\cas_client\\adaptive_concurrency\\controller.rs","line_number":586}
{"timestamp":"2026-09-07T14:00:16.666955Z","level":"INFO","fields":{"message":"Concurrency control for download: Decreased concurrency from 1 to 1; reason: success ratio below threshold (connection struggling) (success_ratio = 1.000, threshold = 0.500)"},"filename":"D:\\a\\xet-core\\xet-core\\xet_client\\src\\cas_client\\adaptive_concurrency\\controller.rs","line_number":586}
{"timestamp":"2026-09-07T14:00:17.367704Z","level":"INFO","fields":{"message":"Concurrency control for download: Decreased concurrency from 1 to 1; reason: success ratio below threshold (connection struggling) (success_ratio = 1.000, threshold = 0.500)"},"filename":"D:\\a\\xet-core\\xet-core\\xet_client\\src\\cas_client\\adaptive_concurrency\\controller.rs","line_number":586}
{"timestamp":"2026-09-07T14:00:17.907659Z","level":"INFO","fields":{"message":"Concurrency control for download: Decreased concurrency from 1 to 1; reason: success ratio below threshold (connection struggling) (success_ratio = 1.000, threshold = 0.500)"},"filename":"D:\\a\\xet-core\\xet-core\\xet_client\\src\\cas_client\\adaptive_concurrency\\controller.rs","line_number":586}
{"timestamp":"2026-09-07T14:00:17.918627Z","level":"INFO","fields":{"message":"Received CAS response","request_id":"01M1Y2PWQ808PBH1NZ6CNYKKMM","status_code":206},"filename":"D:\\a\\xet-core\\xet-core\\xet_client\\src\\common\\http_client.rs","line_number":288}
{"timestamp":"2026-09-07T14:00:17.918660Z","level":"INFO","fields":{"message":"Request Success: s3::get_range api call succeeded (request id 01M1Y2PWQ808PBH1NZ6CNYKKMM, retry 4)."},"filename":"D:\\a\\xet-core\\xet-core\\xet_client\\src\\cas_client\\retry_wrapper.rs","line_number":237}
{"timestamp":"2026-09-07T14:00:18.705141Z","level":"INFO","fields":{"message":"Concurrency control for download: Decreased concurrency from 1 to 1; reason: success ratio below threshold (connection struggling) (success_ratio = 1.000, threshold = 0.500)"},"filename":"D:\\a\\xet-core\\xet-core\\xet_client\\src\\cas_client\\adaptive_concurrency\\controller.rs","line_number":586}
{"timestamp":"2026-09-07T14:00:19.978234Z","level":"INFO","fields":{"message":"Concurrency control for download: Decreased concurrency from 1 to 1; reason: success ratio below threshold (connection struggling) (success_ratio = 1.000, threshold = 0.500)"},"filename":"D:\\a\\xet-core\\xet-core\\xet_client\\src\\cas_client\\adaptive_concurrency\\controller.rs","line_number":586}
{"timestamp":"2026-09-07T14:00:20.718510Z","level":"INFO","fields":{"message":"Concurrency control for download: Decreased concurrency from 1 to 1; reason: success ratio below threshold (connection struggling) (success_ratio = 1.000, threshold = 0.500)"},"filename":"D:\\a\\xet-core\\xet-core\\xet_client\\src\\cas_client\\adaptive_concurrency\\controller.rs","line_number":586}
{"timestamp":"2026-09-07T14:00:20.718549Z","level":"INFO","fields":{"message":"Concurrency control for download: Current concurrency = 1; predicted bandwidth = 10485760000000; success_ratio = 1.000; reference_size = 61.0MB; observed bytes sent so far = 927362788; completed transmissions = 37"},"filename":"D:\\a\\xet-core\\xet-core\\xet_client\\src\\cas_client\\adaptive_concurrency\\controller.rs","line_number":602}
{"timestamp":"2026-09-07T14:00:21.325715Z","level":"INFO","fields":{"message":"Concurrency control for download: Decreased concurrency from 1 to 1; reason: success ratio below threshold (connection struggling) (success_ratio = 1.000, threshold = 0.500)"},"filename":"D:\\a\\xet-core\\xet-core\\xet_client\\src\\cas_client\\adaptive_concurrency\\controller.rs","line_number":586}
{"timestamp":"2026-09-07T14:00:21.888195Z","level":"INFO","fields":{"message":"Concurrency control for download: Decreased concurrency from 1 to 1; reason: success ratio below threshold (connection struggling) (success_ratio = 1.000, threshold = 0.500)"},"filename":"D:\\a\\xet-core\\xet-core\\xet_client\\src\\cas_client\\adaptive_concurrency\\controller.rs","line_number":586}
{"timestamp":"2026-09-07T14:00:23.345169Z","level":"INFO","fields":{"message":"Concurrency control for download: Decreased concurrency from 1 to 1; reason: success ratio below threshold (connection struggling) (success_ratio = 1.000, threshold = 0.500)"},"filename":"D:\\a\\xet-core\\xet-core\\xet_client\\src\\cas_client\\adaptive_concurrency\\controller.rs","line_number":586}
{"timestamp":"2026-09-07T14:00:24.222790Z","level":"INFO","fields":{"message":"Concurrency control for download: Decreased concurrency from 1 to 1; reason: success ratio below threshold (connection struggling) (success_ratio = 1.000, threshold = 0.500)"},"filename":"D:\\a\\xet-core\\xet-core\\xet_client\\src\\cas_client\\adaptive_concurrency\\controller.rs","line_number":586}
{"timestamp":"2026-09-07T14:00:25.201844Z","level":"INFO","fields":{"message":"Concurrency control for download: Decreased concurrency from 1 to 1; reason: success ratio below threshold (connection struggling) (success_ratio = 1.000, threshold = 0.500)"},"filename":"D:\\a\\xet-core\\xet-core\\xet_client\\src\\cas_client\\adaptive_concurrency\\controller.rs","line_number":586}
{"timestamp":"2026-09-07T14:00:25.814624Z","level":"INFO","fields":{"message":"Concurrency control for download: Decreased concurrency from 1 to 1; reason: success ratio below threshold (connection struggling) (success_ratio = 1.000, threshold = 0.500)"},"filename":"D:\\a\\xet-core\\xet-core\\xet_client\\src\\cas_client\\adaptive_concurrency\\controller.rs","line_number":586}
{"timestamp":"2026-09-07T14:00:27.375018Z","level":"INFO","fields":{"message":"Concurrency control for download: Decreased concurrency from 1 to 1; reason: success ratio below threshold (connection struggling) (success_ratio = 1.000, threshold = 0.500)"},"filename":"D:\\a\\xet-core\\xet-core\\xet_client\\src\\cas_client\\adaptive_concurrency\\controller.rs","line_number":586}
{"timestamp":"2026-09-07T14:00:27.949033Z","level":"INFO","fields":{"message":"Concurrency control for download: Decreased concurrency from 1 to 1; reason: success ratio below threshold (connection struggling) (success_ratio = 1.000, threshold = 0.500)"},"filename":"D:\\a\\xet-core\\xet-core\\xet_client\\src\\cas_client\\adaptive_concurrency\\controller.rs","line_number":586}
{"timestamp":"2026-09-07T14:00:28.880040Z","level":"INFO","fields":{"message":"Concurrency control for download: Decreased concurrency from 1 to 1; reason: success ratio below threshold (connection struggling) (success_ratio = 1.000, threshold = 0.500)"},"filename":"D:\\a\\xet-core\\xet-core\\xet_client\\src\\cas_client\\adaptive_concurrency\\controller.rs","line_number":586}
{"timestamp":"2026-09-07T14:00:29.423531Z","level":"INFO","fields":{"message":"Concurrency control for download: Decreased concurrency from 1 to 1; reason: success ratio below threshold (connection struggling) (success_ratio = 1.000, threshold = 0.500)"},"filename":"D:\\a\\xet-core\\xet-core\\xet_client\\src\\cas_client\\adaptive_concurrency\\controller.rs","line_number":586}
{"timestamp":"2026-09-07T14:00:30.701471Z","level":"INFO","fields":{"message":"Concurrency control for download: Decreased concurrency from 1 to 1; reason: success ratio below threshold (connection struggling) (success_ratio = 1.000, threshold = 0.500)"},"filename":"D:\\a\\xet-core\\xet-core\\xet_client\\src\\cas_client\\adaptive_concurrency\\controller.rs","line_number":586}
{"timestamp":"2026-09-07T14:00:31.347464Z","level":"INFO","fields":{"message":"Concurrency control for download: Decreased concurrency from 1 to 1; reason: success ratio below threshold (connection struggling) (success_ratio = 1.000, threshold = 0.500)"},"filename":"D:\\a\\xet-core\\xet-core\\xet_client\\src\\cas_client\\adaptive_concurrency\\controller.rs","line_number":586}
{"timestamp":"2026-09-07T14:00:31.347507Z","level":"INFO","fields":{"message":"Concurrency control for download: Current concurrency = 1; predicted bandwidth = 10485760000000; success_ratio = 1.000; reference_size = 61.0MB; observed bytes sent so far = 929165028; completed transmissions = 37"},"filename":"D:\\a\\xet-core\\xet-core\\xet_client\\src\\cas_client\\adaptive_concurrency\\controller.rs","line_number":602}
{"timestamp":"2026-09-07T14:00:32.430561Z","level":"INFO","fields":{"message":"Concurrency control for download: Decreased concurrency from 1 to 1; reason: success ratio below threshold (connection struggling) (success_ratio = 1.000, threshold = 0.500)"},"filename":"D:\\a\\xet-core\\xet-core\\xet_client\\src\\cas_client\\adaptive_concurrency\\controller.rs","line_number":586}
{"timestamp":"2026-09-07T14:00:32.976527Z","level":"INFO","fields":{"message":"Concurrency control for download: Decreased concurrency from 1 to 1; reason: success ratio below threshold (connection struggling) (success_ratio = 1.000, threshold = 0.500)"},"filename":"D:\\a\\xet-core\\xet-core\\xet_client\\src\\cas_client\\adaptive_concurrency\\controller.rs","line_number":586}
{"timestamp":"2026-09-07T14:00:33.561618Z","level":"INFO","fields":{"message":"Concurrency control for download: Decreased concurrency from 1 to 1; reason: success ratio below threshold (connection struggling) (success_ratio = 1.000, threshold = 0.500)"},"filename":"D:\\a\\xet-core\\xet-core\\xet_client\\src\\cas_client\\adaptive_concurrency\\controller.rs","line_number":586}
{"timestamp":"2026-09-07T14:00:35.844091Z","level":"INFO","fields":{"message":"Concurrency control for download: Decreased concurrency from 1 to 1; reason: success ratio below threshold (connection struggling) (success_ratio = 1.000, threshold = 0.500)"},"filename":"D:\\a\\xet-core\\xet-core\\xet_client\\src\\cas_client\\adaptive_concurrency\\controller.rs","line_number":586}
{"timestamp":"2026-09-07T14:00:36.612991Z","level":"INFO","fields":{"message":"Concurrency control for download: Decreased concurrency from 1 to 1; reason: success ratio below threshold (connection struggling) (success_ratio = 1.000, threshold = 0.500)"},"filename":"D:\\a\\xet-core\\xet-core\\xet_client\\src\\cas_client\\adaptive_concurrency\\controller.rs","line_number":586}
{"timestamp":"2026-09-07T14:00:37.466114Z","level":"INFO","fields":{"message":"Concurrency control for download: Decreased concurrency from 1 to 1; reason: success ratio below threshold (connection struggling) (success_ratio = 1.000, threshold = 0.500)"},"filename":"D:\\a\\xet-core\\xet-core\\xet_client\\src\\cas_client\\adaptive_concurrency\\controller.rs","line_number":586}
{"timestamp":"2026-09-07T14:01:35.575971Z","level":"INFO","fields":{"message":"Concurrency control for download: Increased concurrency from 1 to 2; reason: success ratio 1.000 is above threshold 0.800 and predicted RTT for 61MB at new concurrency is 26.41s < target 60.0s"},"filename":"D:\\a\\xet-core\\xet-core\\xet_client\\src\\cas_client\\adaptive_concurrency\\controller.rs","line_number":548}
{"timestamp":"2026-09-07T14:01:35.576016Z","level":"INFO","fields":{"message":"Concurrency control for download: Current concurrency = 2; predicted bandwidth = 10485760000000; success_ratio = 1.000; reference_size = 61.0MB; observed bytes sent so far = 930020466; completed transmissions = 38"},"filename":"D:\\a\\xet-core\\xet-core\\xet_client\\src\\cas_client\\adaptive_concurrency\\controller.rs","line_number":602}
{"timestamp":"2026-09-07T14:01:36.190767Z","level":"INFO","fields":{"message":"Concurrency control for download: Decreased concurrency from 2 to 1; reason: success ratio below threshold (connection struggling) (success_ratio = 1.000, threshold = 0.500)"},"filename":"D:\\a\\xet-core\\xet-core\\xet_client\\src\\cas_client\\adaptive_concurrency\\controller.rs","line_number":586}
{"timestamp":"2026-09-07T14:01:36.733324Z","level":"INFO","fields":{"message":"Concurrency control for download: Increased concurrency from 1 to 2; reason: success ratio 1.000 is above threshold 0.800 and predicted RTT for 61MB at new concurrency is 28.16s < target 60.0s"},"filename":"D:\\a\\xet-core\\xet-core\\xet_client\\src\\cas_client\\adaptive_concurrency\\controller.rs","line_number":548}
{"timestamp":"2026-09-07T14:01:37.439142Z","level":"INFO","fields":{"message":"Concurrency control for download: Decreased concurrency from 2 to 1; reason: success ratio below threshold (connection struggling) (success_ratio = 1.000, threshold = 0.500)"},"filename":"D:\\a\\xet-core\\xet-core\\xet_client\\src\\cas_client\\adaptive_concurrency\\controller.rs","line_number":586}
{"timestamp":"2026-09-07T14:01:37.956085Z","level":"INFO","fields":{"message":"Concurrency control for download: Increased concurrency from 1 to 2; reason: success ratio 1.000 is above threshold 0.800 and predicted RTT for 61MB at new concurrency is 29.86s < target 60.0s"},"filename":"D:\\a\\xet-core\\xet-core\\xet_client\\src\\cas_client\\adaptive_concurrency\\controller.rs","line_number":548}
{"timestamp":"2026-09-07T14:01:38.580076Z","level":"INFO","fields":{"message":"Concurrency control for download: Decreased concurrency from 2 to 1; reason: success ratio below threshold (connection struggling) (success_ratio = 1.000, threshold = 0.500)"},"filename":"D:\\a\\xet-core\\xet-core\\xet_client\\src\\cas_client\\adaptive_concurrency\\controller.rs","line_number":586}
{"timestamp":"2026-09-07T14:01:39.209081Z","level":"INFO","fields":{"message":"Concurrency control for download: Increased concurrency from 1 to 2; reason: success ratio 1.000 is above threshold 0.800 and predicted RTT for 61MB at new concurrency is 31.30s < target 60.0s"},"filename":"D:\\a\\xet-core\\xet-core\\xet_client\\src\\cas_client\\adaptive_concurrency\\controller.rs","line_number":548}
{"timestamp":"2026-09-07T14:01:40.085546Z","level":"INFO","fields":{"message":"Concurrency control for download: Decreased concurrency from 2 to 1; reason: success ratio below threshold (connection struggling) (success_ratio = 1.000, threshold = 0.500)"},"filename":"D:\\a\\xet-core\\xet-core\\xet_client\\src\\cas_client\\adaptive_concurrency\\controller.rs","line_number":586}
{"timestamp":"2026-09-07T14:01:40.626728Z","level":"INFO","fields":{"message":"Concurrency control for download: Increased concurrency from 1 to 2; reason: success ratio 1.000 is above threshold 0.800 and predicted RTT for 61MB at new concurrency is 32.72s < target 60.0s"},"filename":"D:\\a\\xet-core\\xet-core\\xet_client\\src\\cas_client\\adaptive_concurrency\\controller.rs","line_number":548}
{"timestamp":"2026-09-07T14:01:41.430409Z","level":"INFO","fields":{"message":"Concurrency control for download: Decreased concurrency from 2 to 1; reason: success ratio below threshold (connection struggling) (success_ratio = 1.000, threshold = 0.500)"},"filename":"D:\\a\\xet-core\\xet-core\\xet_client\\src\\cas_client\\adaptive_concurrency\\controller.rs","line_number":586}
{"timestamp":"2026-09-07T14:01:42.109702Z","level":"INFO","fields":{"message":"Concurrency control for download: Increased concurrency from 1 to 2; reason: success ratio 1.000 is above threshold 0.800 and predicted RTT for 61MB at new concurrency is 33.83s < target 60.0s"},"filename":"D:\\a\\xet-core\\xet-core\\xet_client\\src\\cas_client\\adaptive_concurrency\\controller.rs","line_number":548}
{"timestamp":"2026-09-07T14:01:42.617168Z","level":"INFO","fields":{"message":"Concurrency control for download: Decreased concurrency from 2 to 1; reason: success ratio below threshold (connection struggling) (success_ratio = 1.000, threshold = 0.500)"},"filename":"D:\\a\\xet-core\\xet-core\\xet_client\\src\\cas_client\\adaptive_concurrency\\controller.rs","line_number":586}
{"timestamp":"2026-09-07T14:01:43.166737Z","level":"INFO","fields":{"message":"Concurrency control for download: Increased concurrency from 1 to 2; reason: success ratio 1.000 is above threshold 0.800 and predicted RTT for 61MB at new concurrency is 58.81s < target 60.0s"},"filename":"D:\\a\\xet-core\\xet-core\\xet_client\\src\\cas_client\\adaptive_concurrency\\controller.rs","line_number":548}
{"timestamp":"2026-09-07T14:01:43.673625Z","level":"INFO","fields":{"message":"Concurrency control for download: Decreased concurrency from 2 to 1; reason: success ratio below threshold (connection struggling) (success_ratio = 1.000, threshold = 0.500)"},"filename":"D:\\a\\xet-core\\xet-core\\xet_client\\src\\cas_client\\adaptive_concurrency\\controller.rs","line_number":586}
{"timestamp":"2026-09-07T14:01:44.476690Z","level":"INFO","fields":{"message":"Concurrency control for download: Decreased concurrency from 1 to 1; reason: success ratio below threshold (connection struggling) (success_ratio = 1.000, threshold = 0.500)"},"filename":"D:\\a\\xet-core\\xet-core\\xet_client\\src\\cas_client\\adaptive_concurrency\\controller.rs","line_number":586}
{"timestamp":"2026-09-07T14:01:45.267505Z","level":"INFO","fields":{"message":"Concurrency control for download: Decreased concurrency from 1 to 1; reason: success ratio below threshold (connection struggling) (success_ratio = 1.000, threshold = 0.500)"},"filename":"D:\\a\\xet-core\\xet-core\\xet_client\\src\\cas_client\\adaptive_concurrency\\controller.rs","line_number":586}
{"timestamp":"2026-09-07T14:01:45.724614Z","level":"INFO","fields":{"message":"Concurrency control for download: Current concurrency = 1; predicted bandwidth = 10485760000000; success_ratio = 1.000; reference_size = 61.0MB; observed bytes sent so far = 932530870; completed transmissions = 38"},"filename":"D:\\a\\xet-core\\xet-core\\xet_client\\src\\cas_client\\adaptive_concurrency\\controller.rs","line_number":602}
{"timestamp":"2026-09-07T14:01:45.844425Z","level":"INFO","fields":{"message":"Concurrency control for download: Decreased concurrency from 1 to 1; reason: success ratio below threshold (connection struggling) (success_ratio = 1.000, threshold = 0.500)"},"filename":"D:\\a\\xet-core\\xet-core\\xet_client\\src\\cas_client\\adaptive_concurrency\\controller.rs","line_number":586}
{"timestamp":"2026-09-07T14:01:46.401249Z","level":"INFO","fields":{"message":"Concurrency control for download: Decreased concurrency from 1 to 1; reason: success ratio below threshold (connection struggling) (success_ratio = 1.000, threshold = 0.500)"},"filename":"D:\\a\\xet-core\\xet-core\\xet_client\\src\\cas_client\\adaptive_concurrency\\controller.rs","line_number":586}
{"timestamp":"2026-09-07T14:01:46.982538Z","level":"INFO","fields":{"message":"Concurrency control for download: Decreased concurrency from 1 to 1; reason: success ratio below threshold (connection struggling) (success_ratio = 1.000, threshold = 0.500)"},"filename":"D:\\a\\xet-core\\xet-core\\xet_client\\src\\cas_client\\adaptive_concurrency\\controller.rs","line_number":586}
{"timestamp":"2026-09-07T14:01:47.765054Z","level":"INFO","fields":{"message":"Concurrency control for download: Decreased concurrency from 1 to 1; reason: success ratio below threshold (connection struggling) (success_ratio = 1.000, threshold = 0.500)"},"filename":"D:\\a\\xet-core\\xet-core\\xet_client\\src\\cas_client\\adaptive_concurrency\\controller.rs","line_number":586}
{"timestamp":"2026-09-07T14:01:48.281406Z","level":"INFO","fields":{"message":"Concurrency control for download: Decreased concurrency from 1 to 1; reason: success ratio below threshold (connection struggling) (success_ratio = 1.000, threshold = 0.500)"},"filename":"D:\\a\\xet-core\\xet-core\\xet_client\\src\\cas_client\\adaptive_concurrency\\controller.rs","line_number":586}
{"timestamp":"2026-09-07T14:01:48.976600Z","level":"INFO","fields":{"message":"Concurrency control for download: Decreased concurrency from 1 to 1; reason: success ratio below threshold (connection struggling) (success_ratio = 1.000, threshold = 0.500)"},"filename":"D:\\a\\xet-core\\xet-core\\xet_client\\src\\cas_client\\adaptive_concurrency\\controller.rs","line_number":586}
{"timestamp":"2026-09-07T14:01:49.642011Z","level":"INFO","fields":{"message":"Concurrency control for download: Decreased concurrency from 1 to 1; reason: success ratio below threshold (connection struggling) (success_ratio = 1.000, threshold = 0.500)"},"filename":"D:\\a\\xet-core\\xet-core\\xet_client\\src\\cas_client\\adaptive_concurrency\\controller.rs","line_number":586}
{"timestamp":"2026-09-07T14:01:50.316080Z","level":"INFO","fields":{"message":"Concurrency control for download: Decreased concurrency from 1 to 1; reason: success ratio below threshold (connection struggling) (success_ratio = 1.000, threshold = 0.500)"},"filename":"D:\\a\\xet-core\\xet-core\\xet_client\\src\\cas_client\\adaptive_concurrency\\controller.rs","line_number":586}
{"timestamp":"2026-09-07T14:01:50.905664Z","level":"INFO","fields":{"message":"Concurrency control for download: Decreased concurrency from 1 to 1; reason: success ratio below threshold (connection struggling) (success_ratio = 1.000, threshold = 0.500)"},"filename":"D:\\a\\xet-core\\xet-core\\xet_client\\src\\cas_client\\adaptive_concurrency\\controller.rs","line_number":586}
{"timestamp":"2026-09-07T14:01:51.835869Z","level":"INFO","fields":{"message":"Concurrency control for download: Decreased concurrency from 1 to 1; reason: success ratio below threshold (connection struggling) (success_ratio = 1.000, threshold = 0.500)"},"filename":"D:\\a\\xet-core\\xet-core\\xet_client\\src\\cas_client\\adaptive_concurrency\\controller.rs","line_number":586}
{"timestamp":"2026-09-07T14:01:52.543843Z","level":"INFO","fields":{"message":"Concurrency control for download: Decreased concurrency from 1 to 1; reason: success ratio below threshold (connection struggling) (success_ratio = 1.000, threshold = 0.500)"},"filename":"D:\\a\\xet-core\\xet-core\\xet_client\\src\\cas_client\\adaptive_concurrency\\controller.rs","line_number":586}
{"timestamp":"2026-09-07T14:01:53.052175Z","level":"INFO","fields":{"message":"Concurrency control for download: Decreased concurrency from 1 to 1; reason: success ratio below threshold (connection struggling) (success_ratio = 1.000, threshold = 0.500)"},"filename":"D:\\a\\xet-core\\xet-core\\xet_client\\src\\cas_client\\adaptive_concurrency\\controller.rs","line_number":586}
{"timestamp":"2026-09-07T14:01:53.918840Z","level":"INFO","fields":{"message":"Concurrency control for download: Decreased concurrency from 1 to 1; reason: success ratio below threshold (connection struggling) (success_ratio = 1.000, threshold = 0.500)"},"filename":"D:\\a\\xet-core\\xet-core\\xet_client\\src\\cas_client\\adaptive_concurrency\\controller.rs","line_number":586}
{"timestamp":"2026-09-07T14:01:54.578396Z","level":"INFO","fields":{"message":"Concurrency control for download: Decreased concurrency from 1 to 1; reason: success ratio below threshold (connection struggling) (success_ratio = 1.000, threshold = 0.500)"},"filename":"D:\\a\\xet-core\\xet-core\\xet_client\\src\\cas_client\\adaptive_concurrency\\controller.rs","line_number":586}
{"timestamp":"2026-09-07T14:01:55.163480Z","level":"INFO","fields":{"message":"Concurrency control for download: Decreased concurrency from 1 to 1; reason: success ratio below threshold (connection struggling) (success_ratio = 1.000, threshold = 0.500)"},"filename":"D:\\a\\xet-core\\xet-core\\xet_client\\src\\cas_client\\adaptive_concurrency\\controller.rs","line_number":586}
{"timestamp":"2026-09-07T14:01:55.691134Z","level":"INFO","fields":{"message":"Concurrency control for download: Decreased concurrency from 1 to 1; reason: success ratio below threshold (connection struggling) (success_ratio = 1.000, threshold = 0.500)"},"filename":"D:\\a\\xet-core\\xet-core\\xet_client\\src\\cas_client\\adaptive_concurrency\\controller.rs","line_number":586}
{"timestamp":"2026-09-07T14:01:56.055632Z","level":"INFO","fields":{"message":"Concurrency control for download: Current concurrency = 1; predicted bandwidth = 228920; success_ratio = 1.000; reference_size = 61.0MB; observed bytes sent so far = 934224014; completed transmissions = 39"},"filename":"D:\\a\\xet-core\\xet-core\\xet_client\\src\\cas_client\\adaptive_concurrency\\controller.rs","line_number":602}
{"timestamp":"2026-09-07T14:01:56.276847Z","level":"INFO","fields":{"message":"Concurrency control for download: Decreased concurrency from 1 to 1; reason: success ratio below threshold (connection struggling) (success_ratio = 1.000, threshold = 0.500)"},"filename":"D:\\a\\xet-core\\xet-core\\xet_client\\src\\cas_client\\adaptive_concurrency\\controller.rs","line_number":586}
{"timestamp":"2026-09-07T14:01:56.917622Z","level":"INFO","fields":{"message":"Concurrency control for download: Decreased concurrency from 1 to 1; reason: success ratio below threshold (connection struggling) (success_ratio = 1.000, threshold = 0.500)"},"filename":"D:\\a\\xet-core\\xet-core\\xet_client\\src\\cas_client\\adaptive_concurrency\\controller.rs","line_number":586}
{"timestamp":"2026-09-07T14:01:57.877822Z","level":"INFO","fields":{"message":"Concurrency control for download: Decreased concurrency from 1 to 1; reason: success ratio below threshold (connection struggling) (success_ratio = 1.000, threshold = 0.500)"},"filename":"D:\\a\\xet-core\\xet-core\\xet_client\\src\\cas_client\\adaptive_concurrency\\controller.rs","line_number":586}
{"timestamp":"2026-09-07T14:01:58.698150Z","level":"INFO","fields":{"message":"Concurrency control for download: Decreased concurrency from 1 to 1; reason: success ratio below threshold (connection struggling) (success_ratio = 1.000, threshold = 0.500)"},"filename":"D:\\a\\xet-core\\xet-core\\xet_client\\src\\cas_client\\adaptive_concurrency\\controller.rs","line_number":586}
{"timestamp":"2026-09-07T14:01:59.458744Z","level":"INFO","fields":{"message":"Concurrency control for download: Decreased concurrency from 1 to 1; reason: success ratio below threshold (connection struggling) (success_ratio = 1.000, threshold = 0.500)"},"filename":"D:\\a\\xet-core\\xet-core\\xet_client\\src\\cas_client\\adaptive_concurrency\\controller.rs","line_number":586}
{"timestamp":"2026-09-07T14:02:00.297791Z","level":"INFO","fields":{"message":"Concurrency control for download: Decreased concurrency from 1 to 1; reason: success ratio below threshold (connection struggling) (success_ratio = 1.000, threshold = 0.500)"},"filename":"D:\\a\\xet-core\\xet-core\\xet_client\\src\\cas_client\\adaptive_concurrency\\controller.rs","line_number":586}
{"timestamp":"2026-09-07T14:02:00.942254Z","level":"INFO","fields":{"message":"Concurrency control for download: Decreased concurrency from 1 to 1; reason: success ratio below threshold (connection struggling) (success_ratio = 1.000, threshold = 0.500)"},"filename":"D:\\a\\xet-core\\xet-core\\xet_client\\src\\cas_client\\adaptive_concurrency\\controller.rs","line_number":586}
{"timestamp":"2026-09-07T14:02:01.455645Z","level":"INFO","fields":{"message":"Concurrency control for download: Decreased concurrency from 1 to 1; reason: success ratio below threshold (connection struggling) (success_ratio = 1.000, threshold = 0.500)"},"filename":"D:\\a\\xet-core\\xet-core\\xet_client\\src\\cas_client\\adaptive_concurrency\\controller.rs","line_number":586}
{"timestamp":"2026-09-07T14:02:01.967519Z","level":"INFO","fields":{"message":"Concurrency control for download: Decreased concurrency from 1 to 1; reason: success ratio below threshold (connection struggling) (success_ratio = 1.000, threshold = 0.500)"},"filename":"D:\\a\\xet-core\\xet-core\\xet_client\\src\\cas_client\\adaptive_concurrency\\controller.rs","line_number":586}
{"timestamp":"2026-09-07T14:02:02.851758Z","level":"INFO","fields":{"message":"Concurrency control for download: Decreased concurrency from 1 to 1; reason: success ratio below threshold (connection struggling) (success_ratio = 1.000, threshold = 0.500)"},"filename":"D:\\a\\xet-core\\xet-core\\xet_client\\src\\cas_client\\adaptive_concurrency\\controller.rs","line_number":586}
{"timestamp":"2026-09-07T14:02:03.615693Z","level":"INFO","fields":{"message":"Concurrency control for download: Decreased concurrency from 1 to 1; reason: success ratio below threshold (connection struggling) (success_ratio = 1.000, threshold = 0.500)"},"filename":"D:\\a\\xet-core\\xet-core\\xet_client\\src\\cas_client\\adaptive_concurrency\\controller.rs","line_number":586}
{"timestamp":"2026-09-07T14:02:04.318727Z","level":"INFO","fields":{"message":"Concurrency control for download: Decreased concurrency from 1 to 1; reason: success ratio below threshold (connection struggling) (success_ratio = 1.000, threshold = 0.500)"},"filename":"D:\\a\\xet-core\\xet-core\\xet_client\\src\\cas_client\\adaptive_concurrency\\controller.rs","line_number":586}
{"timestamp":"2026-09-07T14:02:05.457445Z","level":"INFO","fields":{"message":"Concurrency control for download: Decreased concurrency from 1 to 1; reason: success ratio below threshold (connection struggling) (success_ratio = 1.000, threshold = 0.500)"},"filename":"D:\\a\\xet-core\\xet-core\\xet_client\\src\\cas_client\\adaptive_concurrency\\controller.rs","line_number":586}
{"timestamp":"2026-09-07T14:02:06.713974Z","level":"INFO","fields":{"message":"Concurrency control for download: Decreased concurrency from 1 to 1; reason: success ratio below threshold (connection struggling) (success_ratio = 1.000, threshold = 0.500)"},"filename":"D:\\a\\xet-core\\xet-core\\xet_client\\src\\cas_client\\adaptive_concurrency\\controller.rs","line_number":586}
{"timestamp":"2026-09-07T14:02:06.714012Z","level":"INFO","fields":{"message":"Concurrency control for download: Current concurrency = 1; predicted bandwidth = 231181; success_ratio = 1.000; reference_size = 61.0MB; observed bytes sent so far = 935665806; completed transmissions = 39"},"filename":"D:\\a\\xet-core\\xet-core\\xet_client\\src\\cas_client\\adaptive_concurrency\\controller.rs","line_number":602}
{"timestamp":"2026-09-07T14:02:08.221948Z","level":"INFO","fields":{"message":"Concurrency control for download: Decreased concurrency from 1 to 1; reason: success ratio below threshold (connection struggling) (success_ratio = 1.000, threshold = 0.500)"},"filename":"D:\\a\\xet-core\\xet-core\\xet_client\\src\\cas_client\\adaptive_concurrency\\controller.rs","line_number":586}
{"timestamp":"2026-09-07T14:02:09.752647Z","level":"INFO","fields":{"message":"Concurrency control for download: Decreased concurrency from 1 to 1; reason: success ratio below threshold (connection struggling) (success_ratio = 1.000, threshold = 0.500)"},"filename":"D:\\a\\xet-core\\xet-core\\xet_client\\src\\cas_client\\adaptive_concurrency\\controller.rs","line_number":586}
{"timestamp":"2026-09-07T14:02:10.518123Z","level":"INFO","fields":{"message":"Concurrency control for download: Decreased concurrency from 1 to 1; reason: success ratio below threshold (connection struggling) (success_ratio = 1.000, threshold = 0.500)"},"filename":"D:\\a\\xet-core\\xet-core\\xet_client\\src\\cas_client\\adaptive_concurrency\\controller.rs","line_number":586}
{"timestamp":"2026-09-07T14:02:11.347012Z","level":"INFO","fields":{"message":"Concurrency control for download: Decreased concurrency from 1 to 1; reason: success ratio below threshold (connection struggling) (success_ratio = 1.000, threshold = 0.500)"},"filename":"D:\\a\\xet-core\\xet-core\\xet_client\\src\\cas_client\\adaptive_concurrency\\controller.rs","line_number":586}
{"timestamp":"2026-09-07T14:02:12.352328Z","level":"INFO","fields":{"message":"Concurrency control for download: Decreased concurrency from 1 to 1; reason: success ratio below threshold (connection struggling) (success_ratio = 1.000, threshold = 0.500)"},"filename":"D:\\a\\xet-core\\xet-core\\xet_client\\src\\cas_client\\adaptive_concurrency\\controller.rs","line_number":586}
{"timestamp":"2026-09-07T14:02:14.441677Z","level":"INFO","fields":{"message":"Concurrency control for download: Decreased concurrency from 1 to 1; reason: success ratio below threshold (connection struggling) (success_ratio = 1.000, threshold = 0.500)"},"filename":"D:\\a\\xet-core\\xet-core\\xet_client\\src\\cas_client\\adaptive_concurrency\\controller.rs","line_number":586}
{"timestamp":"2026-09-07T14:02:15.274764Z","level":"INFO","fields":{"message":"Concurrency control for download: Decreased concurrency from 1 to 1; reason: success ratio below threshold (connection struggling) (success_ratio = 1.000, threshold = 0.500)"},"filename":"D:\\a\\xet-core\\xet-core\\xet_client\\src\\cas_client\\adaptive_concurrency\\controller.rs","line_number":586}
{"timestamp":"2026-09-07T14:02:16.046214Z","level":"INFO","fields":{"message":"Concurrency control for download: Decreased concurrency from 1 to 1; reason: success ratio below threshold (connection struggling) (success_ratio = 1.000, threshold = 0.500)"},"filename":"D:\\a\\xet-core\\xet-core\\xet_client\\src\\cas_client\\adaptive_concurrency\\controller.rs","line_number":586}
{"timestamp":"2026-09-07T14:02:16.749807Z","level":"INFO","fields":{"message":"Concurrency control for download: Decreased concurrency from 1 to 1; reason: success ratio below threshold (connection struggling) (success_ratio = 1.000, threshold = 0.500)"},"filename":"D:\\a\\xet-core\\xet-core\\xet_client\\src\\cas_client\\adaptive_concurrency\\controller.rs","line_number":586}
{"timestamp":"2026-09-07T14:02:16.749848Z","level":"INFO","fields":{"message":"Concurrency control for download: Current concurrency = 1; predicted bandwidth = 232607; success_ratio = 1.000; reference_size = 61.0MB; observed bytes sent so far = 936239246; completed transmissions = 39"},"filename":"D:\\a\\xet-core\\xet-core\\xet_client\\src\\cas_client\\adaptive_concurrency\\controller.rs","line_number":602}
{"timestamp":"2026-09-07T14:02:17.673813Z","level":"INFO","fields":{"message":"Concurrency control for download: Decreased concurrency from 1 to 1; reason: success ratio below threshold (connection struggling) (success_ratio = 1.000, threshold = 0.500)"},"filename":"D:\\a\\xet-core\\xet-core\\xet_client\\src\\cas_client\\adaptive_concurrency\\controller.rs","line_number":586}
{"timestamp":"2026-09-07T14:02:18.280142Z","level":"INFO","fields":{"message":"Concurrency control for download: Decreased concurrency from 1 to 1; reason: success ratio below threshold (connection struggling) (success_ratio = 1.000, threshold = 0.500)"},"filename":"D:\\a\\xet-core\\xet-core\\xet_client\\src\\cas_client\\adaptive_concurrency\\controller.rs","line_number":586}
{"timestamp":"2026-09-07T14:02:18.871144Z","level":"INFO","fields":{"message":"Concurrency control for download: Decreased concurrency from 1 to 1; reason: success ratio below threshold (connection struggling) (success_ratio = 1.000, threshold = 0.500)"},"filename":"D:\\a\\xet-core\\xet-core\\xet_client\\src\\cas_client\\adaptive_concurrency\\controller.rs","line_number":586}
{"timestamp":"2026-09-07T14:02:19.385192Z","level":"INFO","fields":{"message":"Concurrency control for download: Decreased concurrency from 1 to 1; reason: success ratio below threshold (connection struggling) (success_ratio = 1.000, threshold = 0.500)"},"filename":"D:\\a\\xet-core\\xet-core\\xet_client\\src\\cas_client\\adaptive_concurrency\\controller.rs","line_number":586}
{"timestamp":"2026-09-07T14:02:20.003712Z","level":"INFO","fields":{"message":"Concurrency control for download: Decreased concurrency from 1 to 1; reason: success ratio below threshold (connection struggling) (success_ratio = 1.000, threshold = 0.500)"},"filename":"D:\\a\\xet-core\\xet-core\\xet_client\\src\\cas_client\\adaptive_concurrency\\controller.rs","line_number":586}
{"timestamp":"2026-09-07T14:02:21.174809Z","level":"INFO","fields":{"message":"Concurrency control for download: Decreased concurrency from 1 to 1; reason: success ratio below threshold (connection struggling) (success_ratio = 1.000, threshold = 0.500)"},"filename":"D:\\a\\xet-core\\xet-core\\xet_client\\src\\cas_client\\adaptive_concurrency\\controller.rs","line_number":586}
{"timestamp":"2026-09-07T14:02:21.742519Z","level":"INFO","fields":{"message":"Concurrency control for download: Decreased concurrency from 1 to 1; reason: success ratio below threshold (connection struggling) (success_ratio = 1.000, threshold = 0.500)"},"filename":"D:\\a\\xet-core\\xet-core\\xet_client\\src\\cas_client\\adaptive_concurrency\\controller.rs","line_number":586}
{"timestamp":"2026-09-07T14:02:22.305441Z","level":"INFO","fields":{"message":"Concurrency control for download: Decreased concurrency from 1 to 1; reason: success ratio below threshold (connection struggling) (success_ratio = 1.000, threshold = 0.500)"},"filename":"D:\\a\\xet-core\\xet-core\\xet_client\\src\\cas_client\\adaptive_concurrency\\controller.rs","line_number":586}
{"timestamp":"2026-09-07T14:02:22.820778Z","level":"INFO","fields":{"message":"Concurrency control for download: Decreased concurrency from 1 to 1; reason: success ratio below threshold (connection struggling) (success_ratio = 1.000, threshold = 0.500)"},"filename":"D:\\a\\xet-core\\xet-core\\xet_client\\src\\cas_client\\adaptive_concurrency\\controller.rs","line_number":586}
{"timestamp":"2026-09-07T14:02:23.878137Z","level":"INFO","fields":{"message":"Concurrency control for download: Decreased concurrency from 1 to 1; reason: success ratio below threshold (connection struggling) (success_ratio = 1.000, threshold = 0.500)"},"filename":"D:\\a\\xet-core\\xet-core\\xet_client\\src\\cas_client\\adaptive_concurrency\\controller.rs","line_number":586}
{"timestamp":"2026-09-07T14:02:24.559529Z","level":"INFO","fields":{"message":"Concurrency control for download: Decreased concurrency from 1 to 1; reason: success ratio below threshold (connection struggling) (success_ratio = 1.000, threshold = 0.500)"},"filename":"D:\\a\\xet-core\\xet-core\\xet_client\\src\\cas_client\\adaptive_concurrency\\controller.rs","line_number":586}
{"timestamp":"2026-09-07T14:02:25.217782Z","level":"INFO","fields":{"message":"Concurrency control for download: Decreased concurrency from 1 to 1; reason: success ratio below threshold (connection struggling) (success_ratio = 1.000, threshold = 0.500)"},"filename":"D:\\a\\xet-core\\xet-core\\xet_client\\src\\cas_client\\adaptive_concurrency\\controller.rs","line_number":586}
{"timestamp":"2026-09-07T14:02:25.801717Z","level":"INFO","fields":{"message":"Concurrency control for download: Decreased concurrency from 1 to 1; reason: success ratio below threshold (connection struggling) (success_ratio = 1.000, threshold = 0.500)"},"filename":"D:\\a\\xet-core\\xet-core\\xet_client\\src\\cas_client\\adaptive_concurrency\\controller.rs","line_number":586}
{"timestamp":"2026-09-07T14:02:26.532059Z","level":"INFO","fields":{"message":"Concurrency control for download: Decreased concurrency from 1 to 1; reason: success ratio below threshold (connection struggling) (success_ratio = 1.000, threshold = 0.500)"},"filename":"D:\\a\\xet-core\\xet-core\\xet_client\\src\\cas_client\\adaptive_concurrency\\controller.rs","line_number":586}
{"timestamp":"2026-09-07T14:02:27.106778Z","level":"INFO","fields":{"message":"Concurrency control for download: Decreased concurrency from 1 to 1; reason: success ratio below threshold (connection struggling) (success_ratio = 1.000, threshold = 0.500)"},"filename":"D:\\a\\xet-core\\xet-core\\xet_client\\src\\cas_client\\adaptive_concurrency\\controller.rs","line_number":586}
{"timestamp":"2026-09-07T14:02:27.106831Z","level":"INFO","fields":{"message":"Concurrency control for download: Current concurrency = 1; predicted bandwidth = 235629; success_ratio = 1.000; reference_size = 61.0MB; observed bytes sent so far = 937091214; completed transmissions = 39"},"filename":"D:\\a\\xet-core\\xet-core\\xet_client\\src\\cas_client\\adaptive_concurrency\\controller.rs","line_number":602}
{"timestamp":"2026-09-07T14:02:27.899268Z","level":"INFO","fields":{"message":"Concurrency control for download: Decreased concurrency from 1 to 1; reason: success ratio below threshold (connection struggling) (success_ratio = 1.000, threshold = 0.500)"},"filename":"D:\\a\\xet-core\\xet-core\\xet_client\\src\\cas_client\\adaptive_concurrency\\controller.rs","line_number":586}
{"timestamp":"2026-09-07T14:02:28.839900Z","level":"INFO","fields":{"message":"Concurrency control for download: Decreased concurrency from 1 to 1; reason: success ratio below threshold (connection struggling) (success_ratio = 1.000, threshold = 0.500)"},"filename":"D:\\a\\xet-core\\xet-core\\xet_client\\src\\cas_client\\adaptive_concurrency\\controller.rs","line_number":586}
{"timestamp":"2026-09-07T14:02:29.644118Z","level":"INFO","fields":{"message":"Concurrency control for download: Decreased concurrency from 1 to 1; reason: success ratio below threshold (connection struggling) (success_ratio = 1.000, threshold = 0.500)"},"filename":"D:\\a\\xet-core\\xet-core\\xet_client\\src\\cas_client\\adaptive_concurrency\\controller.rs","line_number":586}
{"timestamp":"2026-09-07T14:02:30.210637Z","level":"INFO","fields":{"message":"Concurrency control for download: Decreased concurrency from 1 to 1; reason: success ratio below threshold (connection struggling) (success_ratio = 1.000, threshold = 0.500)"},"filename":"D:\\a\\xet-core\\xet-core\\xet_client\\src\\cas_client\\adaptive_concurrency\\controller.rs","line_number":586}
{"timestamp":"2026-09-07T14:02:30.884839Z","level":"INFO","fields":{"message":"Concurrency control for download: Decreased concurrency from 1 to 1; reason: success ratio below threshold (connection struggling) (success_ratio = 1.000, threshold = 0.500)"},"filename":"D:\\a\\xet-core\\xet-core\\xet_client\\src\\cas_client\\adaptive_concurrency\\controller.rs","line_number":586}
{"timestamp":"2026-09-07T14:02:32.159022Z","level":"INFO","fields":{"message":"Concurrency control for download: Decreased concurrency from 1 to 1; reason: success ratio below threshold (connection struggling) (success_ratio = 1.000, threshold = 0.500)"},"filename":"D:\\a\\xet-core\\xet-core\\xet_client\\src\\cas_client\\adaptive_concurrency\\controller.rs","line_number":586}
{"timestamp":"2026-09-07T14:02:33.248664Z","level":"INFO","fields":{"message":"Concurrency control for download: Decreased concurrency from 1 to 1; reason: success ratio below threshold (connection struggling) (success_ratio = 1.000, threshold = 0.500)"},"filename":"D:\\a\\xet-core\\xet-core\\xet_client\\src\\cas_client\\adaptive_concurrency\\controller.rs","line_number":586}
{"timestamp":"2026-09-07T14:02:33.775475Z","level":"INFO","fields":{"message":"Concurrency control for download: Decreased concurrency from 1 to 1; reason: success ratio below threshold (connection struggling) (success_ratio = 1.000, threshold = 0.500)"},"filename":"D:\\a\\xet-core\\xet-core\\xet_client\\src\\cas_client\\adaptive_concurrency\\controller.rs","line_number":586}
{"timestamp":"2026-09-07T14:02:34.754586Z","level":"INFO","fields":{"message":"Concurrency control for download: Decreased concurrency from 1 to 1; reason: success ratio below threshold (connection struggling) (success_ratio = 1.000, threshold = 0.500)"},"filename":"D:\\a\\xet-core\\xet-core\\xet_client\\src\\cas_client\\adaptive_concurrency\\controller.rs","line_number":586}
{"timestamp":"2026-09-07T14:02:35.275351Z","level":"INFO","fields":{"message":"Concurrency control for download: Decreased concurrency from 1 to 1; reason: success ratio below threshold (connection struggling) (success_ratio = 1.000, threshold = 0.500)"},"filename":"D:\\a\\xet-core\\xet-core\\xet_client\\src\\cas_client\\adaptive_concurrency\\controller.rs","line_number":586}
{"timestamp":"2026-09-07T14:02:36.517072Z","level":"INFO","fields":{"message":"Concurrency control for download: Decreased concurrency from 1 to 1; reason: success ratio below threshold (connection struggling) (success_ratio = 1.000, threshold = 0.500)"},"filename":"D:\\a\\xet-core\\xet-core\\xet_client\\src\\cas_client\\adaptive_concurrency\\controller.rs","line_number":586}
{"timestamp":"2026-09-07T14:02:38.474579Z","level":"INFO","fields":{"message":"Concurrency control for download: Decreased concurrency from 1 to 1; reason: success ratio below threshold (connection struggling) (success_ratio = 1.000, threshold = 0.500)"},"filename":"D:\\a\\xet-core\\xet-core\\xet_client\\src\\cas_client\\adaptive_concurrency\\controller.rs","line_number":586}
{"timestamp":"2026-09-07T14:02:38.474624Z","level":"INFO","fields":{"message":"Concurrency control for download: Current concurrency = 1; predicted bandwidth = 237689; success_ratio = 1.000; reference_size = 61.0MB; observed bytes sent so far = 937500814; completed transmissions = 39"},"filename":"D:\\a\\xet-core\\xet-core\\xet_client\\src\\cas_client\\adaptive_concurrency\\controller.rs","line_number":602}
{"timestamp":"2026-09-07T14:02:39.078222Z","level":"INFO","fields":{"message":"Concurrency control for download: Decreased concurrency from 1 to 1; reason: success ratio below threshold (connection struggling) (success_ratio = 1.000, threshold = 0.500)"},"filename":"D:\\a\\xet-core\\xet-core\\xet_client\\src\\cas_client\\adaptive_concurrency\\controller.rs","line_number":586}
{"timestamp":"2026-09-07T14:02:41.478308Z","level":"INFO","fields":{"message":"Concurrency control for download: Decreased concurrency from 1 to 1; reason: success ratio below threshold (connection struggling) (success_ratio = 1.000, threshold = 0.500)"},"filename":"D:\\a\\xet-core\\xet-core\\xet_client\\src\\cas_client\\adaptive_concurrency\\controller.rs","line_number":586}
{"timestamp":"2026-09-07T14:02:42.061588Z","level":"INFO","fields":{"message":"Concurrency control for download: Decreased concurrency from 1 to 1; reason: success ratio below threshold (connection struggling) (success_ratio = 1.000, threshold = 0.500)"},"filename":"D:\\a\\xet-core\\xet-core\\xet_client\\src\\cas_client\\adaptive_concurrency\\controller.rs","line_number":586}
{"timestamp":"2026-09-07T14:02:42.678309Z","level":"INFO","fields":{"message":"Concurrency control for download: Decreased concurrency from 1 to 1; reason: success ratio below threshold (connection struggling) (success_ratio = 1.000, threshold = 0.500)"},"filename":"D:\\a\\xet-core\\xet-core\\xet_client\\src\\cas_client\\adaptive_concurrency\\controller.rs","line_number":586}
{"timestamp":"2026-09-07T14:02:43.195358Z","level":"INFO","fields":{"message":"Concurrency control for download: Decreased concurrency from 1 to 1; reason: success ratio below threshold (connection struggling) (success_ratio = 1.000, threshold = 0.500)"},"filename":"D:\\a\\xet-core\\xet-core\\xet_client\\src\\cas_client\\adaptive_concurrency\\controller.rs","line_number":586}
{"timestamp":"2026-09-07T14:02:44.266294Z","level":"INFO","fields":{"message":"Concurrency control for download: Decreased concurrency from 1 to 1; reason: success ratio below threshold (connection struggling) (success_ratio = 1.000, threshold = 0.500)"},"filename":"D:\\a\\xet-core\\xet-core\\xet_client\\src\\cas_client\\adaptive_concurrency\\controller.rs","line_number":586}
{"timestamp":"2026-09-07T14:02:45.254017Z","level":"INFO","fields":{"message":"Concurrency control for download: Decreased concurrency from 1 to 1; reason: success ratio below threshold (connection struggling) (success_ratio = 1.000, threshold = 0.500)"},"filename":"D:\\a\\xet-core\\xet-core\\xet_client\\src\\cas_client\\adaptive_concurrency\\controller.rs","line_number":586}
{"timestamp":"2026-09-07T14:02:46.451751Z","level":"INFO","fields":{"message":"Concurrency control for download: Decreased concurrency from 1 to 1; reason: success ratio below threshold (connection struggling) (success_ratio = 1.000, threshold = 0.500)"},"filename":"D:\\a\\xet-core\\xet-core\\xet_client\\src\\cas_client\\adaptive_concurrency\\controller.rs","line_number":586}
{"timestamp":"2026-09-07T14:02:46.999961Z","level":"INFO","fields":{"message":"Concurrency control for download: Decreased concurrency from 1 to 1; reason: success ratio below threshold (connection struggling) (success_ratio = 1.000, threshold = 0.500)"},"filename":"D:\\a\\xet-core\\xet-core\\xet_client\\src\\cas_client\\adaptive_concurrency\\controller.rs","line_number":586}
{"timestamp":"2026-09-07T14:02:47.858655Z","level":"INFO","fields":{"message":"Concurrency control for download: Decreased concurrency from 1 to 1; reason: success ratio below threshold (connection struggling) (success_ratio = 1.000, threshold = 0.500)"},"filename":"D:\\a\\xet-core\\xet-core\\xet_client\\src\\cas_client\\adaptive_concurrency\\controller.rs","line_number":586}
{"timestamp":"2026-09-07T14:02:48.724449Z","level":"INFO","fields":{"message":"Concurrency control for download: Decreased concurrency from 1 to 1; reason: success ratio below threshold (connection struggling) (success_ratio = 1.000, threshold = 0.500)"},"filename":"D:\\a\\xet-core\\xet-core\\xet_client\\src\\cas_client\\adaptive_concurrency\\controller.rs","line_number":586}
{"timestamp":"2026-09-07T14:02:48.724497Z","level":"INFO","fields":{"message":"Concurrency control for download: Current concurrency = 1; predicted bandwidth = 239164; success_ratio = 1.000; reference_size = 61.0MB; observed bytes sent so far = 937713806; completed transmissions = 39"},"filename":"D:\\a\\xet-core\\xet-core\\xet_client\\src\\cas_client\\adaptive_concurrency\\controller.rs","line_number":602}
{"timestamp":"2026-09-07T14:02:49.487865Z","level":"INFO","fields":{"message":"Concurrency control for download: Decreased concurrency from 1 to 1; reason: success ratio below threshold (connection struggling) (success_ratio = 1.000, threshold = 0.500)"},"filename":"D:\\a\\xet-core\\xet-core\\xet_client\\src\\cas_client\\adaptive_concurrency\\controller.rs","line_number":586}
{"timestamp":"2026-09-07T14:02:50.061129Z","level":"INFO","fields":{"message":"Concurrency control for download: Decreased concurrency from 1 to 1; reason: success ratio below threshold (connection struggling) (success_ratio = 1.000, threshold = 0.500)"},"filename":"D:\\a\\xet-core\\xet-core\\xet_client\\src\\cas_client\\adaptive_concurrency\\controller.rs","line_number":586}
{"timestamp":"2026-09-07T14:02:50.611054Z","level":"INFO","fields":{"message":"Concurrency control for download: Decreased concurrency from 1 to 1; reason: success ratio below threshold (connection struggling) (success_ratio = 1.000, threshold = 0.500)"},"filename":"D:\\a\\xet-core\\xet-core\\xet_client\\src\\cas_client\\adaptive_concurrency\\controller.rs","line_number":586}
{"timestamp":"2026-09-07T14:02:51.278925Z","level":"INFO","fields":{"message":"Concurrency control for download: Decreased concurrency from 1 to 1; reason: success ratio below threshold (connection struggling) (success_ratio = 1.000, threshold = 0.500)"},"filename":"D:\\a\\xet-core\\xet-core\\xet_client\\src\\cas_client\\adaptive_concurrency\\controller.rs","line_number":586}
{"timestamp":"2026-09-07T14:02:51.916995Z","level":"INFO","fields":{"message":"Concurrency control for download: Decreased concurrency from 1 to 1; reason: success ratio below threshold (connection struggling) (success_ratio = 1.000, threshold = 0.500)"},"filename":"D:\\a\\xet-core\\xet-core\\xet_client\\src\\cas_client\\adaptive_concurrency\\controller.rs","line_number":586}
{"timestamp":"2026-09-07T14:02:52.495359Z","level":"INFO","fields":{"message":"Concurrency control for download: Decreased concurrency from 1 to 1; reason: success ratio below threshold (connection struggling) (success_ratio = 1.000, threshold = 0.500)"},"filename":"D:\\a\\xet-core\\xet-core\\xet_client\\src\\cas_client\\adaptive_concurrency\\controller.rs","line_number":586}
{"timestamp":"2026-09-07T14:02:53.197922Z","level":"INFO","fields":{"message":"Concurrency control for download: Decreased concurrency from 1 to 1; reason: success ratio below threshold (connection struggling) (success_ratio = 1.000, threshold = 0.500)"},"filename":"D:\\a\\xet-core\\xet-core\\xet_client\\src\\cas_client\\adaptive_concurrency\\controller.rs","line_number":586}
{"timestamp":"2026-09-07T14:02:53.865508Z","level":"INFO","fields":{"message":"Concurrency control for download: Decreased concurrency from 1 to 1; reason: success ratio below threshold (connection struggling) (success_ratio = 1.000, threshold = 0.500)"},"filename":"D:\\a\\xet-core\\xet-core\\xet_client\\src\\cas_client\\adaptive_concurrency\\controller.rs","line_number":586}
{"timestamp":"2026-09-07T14:02:54.515557Z","level":"INFO","fields":{"message":"Concurrency control for download: Decreased concurrency from 1 to 1; reason: success ratio below threshold (connection struggling) (success_ratio = 1.000, threshold = 0.500)"},"filename":"D:\\a\\xet-core\\xet-core\\xet_client\\src\\cas_client\\adaptive_concurrency\\controller.rs","line_number":586}
{"timestamp":"2026-09-07T14:02:55.114140Z","level":"INFO","fields":{"message":"Concurrency control for download: Decreased concurrency from 1 to 1; reason: success ratio below threshold (connection struggling) (success_ratio = 1.000, threshold = 0.500)"},"filename":"D:\\a\\xet-core\\xet-core\\xet_client\\src\\cas_client\\adaptive_concurrency\\controller.rs","line_number":586}
{"timestamp":"2026-09-07T14:02:55.766768Z","level":"INFO","fields":{"message":"Concurrency control for download: Decreased concurrency from 1 to 1; reason: success ratio below threshold (connection struggling) (success_ratio = 1.000, threshold = 0.500)"},"filename":"D:\\a\\xet-core\\xet-core\\xet_client\\src\\cas_client\\adaptive_concurrency\\controller.rs","line_number":586}
{"timestamp":"2026-09-07T14:02:56.389846Z","level":"INFO","fields":{"message":"Concurrency control for download: Decreased concurrency from 1 to 1; reason: success ratio below threshold (connection struggling) (success_ratio = 1.000, threshold = 0.500)"},"filename":"D:\\a\\xet-core\\xet-core\\xet_client\\src\\cas_client\\adaptive_concurrency\\controller.rs","line_number":586}
{"timestamp":"2026-09-07T14:02:57.101797Z","level":"INFO","fields":{"message":"Concurrency control for download: Decreased concurrency from 1 to 1; reason: success ratio below threshold (connection struggling) (success_ratio = 1.000, threshold = 0.500)"},"filename":"D:\\a\\xet-core\\xet-core\\xet_client\\src\\cas_client\\adaptive_concurrency\\controller.rs","line_number":586}
{"timestamp":"2026-09-07T14:02:57.837156Z","level":"INFO","fields":{"message":"Concurrency control for download: Decreased concurrency from 1 to 1; reason: success ratio below threshold (connection struggling) (success_ratio = 1.000, threshold = 0.500)"},"filename":"D:\\a\\xet-core\\xet-core\\xet_client\\src\\cas_client\\adaptive_concurrency\\controller.rs","line_number":586}
{"timestamp":"2026-09-07T14:02:58.689857Z","level":"INFO","fields":{"message":"Concurrency control for download: Decreased concurrency from 1 to 1; reason: success ratio below threshold (connection struggling) (success_ratio = 1.000, threshold = 0.500)"},"filename":"D:\\a\\xet-core\\xet-core\\xet_client\\src\\cas_client\\adaptive_concurrency\\controller.rs","line_number":586}
{"timestamp":"2026-09-07T14:02:59.056693Z","level":"INFO","fields":{"message":"Concurrency control for download: Current concurrency = 1; predicted bandwidth = 250238; success_ratio = 1.000; reference_size = 61.0MB; observed bytes sent so far = 938795150; completed transmissions = 39"},"filename":"D:\\a\\xet-core\\xet-core\\xet_client\\src\\cas_client\\adaptive_concurrency\\controller.rs","line_number":602}
{"timestamp":"2026-09-07T14:02:59.463381Z","level":"INFO","fields":{"message":"Concurrency control for download: Decreased concurrency from 1 to 1; reason: success ratio below threshold (connection struggling) (success_ratio = 1.000, threshold = 0.500)"},"filename":"D:\\a\\xet-core\\xet-core\\xet_client\\src\\cas_client\\adaptive_concurrency\\controller.rs","line_number":586}
{"timestamp":"2026-09-07T14:03:00.473610Z","level":"INFO","fields":{"message":"Concurrency control for download: Decreased concurrency from 1 to 1; reason: success ratio below threshold (connection struggling) (success_ratio = 1.000, threshold = 0.500)"},"filename":"D:\\a\\xet-core\\xet-core\\xet_client\\src\\cas_client\\adaptive_concurrency\\controller.rs","line_number":586}
{"timestamp":"2026-09-07T14:03:01.158308Z","level":"INFO","fields":{"message":"Concurrency control for download: Decreased concurrency from 1 to 1; reason: success ratio below threshold (connection struggling) (success_ratio = 1.000, threshold = 0.500)"},"filename":"D:\\a\\xet-core\\xet-core\\xet_client\\src\\cas_client\\adaptive_concurrency\\controller.rs","line_number":586}
{"timestamp":"2026-09-07T14:03:02.270608Z","level":"INFO","fields":{"message":"Concurrency control for download: Decreased concurrency from 1 to 1; reason: success ratio below threshold (connection struggling) (success_ratio = 1.000, threshold = 0.500)"},"filename":"D:\\a\\xet-core\\xet-core\\xet_client\\src\\cas_client\\adaptive_concurrency\\controller.rs","line_number":586}
{"timestamp":"2026-09-07T14:03:03.515793Z","level":"INFO","fields":{"message":"Concurrency control for download: Decreased concurrency from 1 to 1; reason: success ratio below threshold (connection struggling) (success_ratio = 1.000, threshold = 0.500)"},"filename":"D:\\a\\xet-core\\xet-core\\xet_client\\src\\cas_client\\adaptive_concurrency\\controller.rs","line_number":586}
{"timestamp":"2026-09-07T14:03:04.149220Z","level":"INFO","fields":{"message":"Concurrency control for download: Decreased concurrency from 1 to 1; reason: success ratio below threshold (connection struggling) (success_ratio = 1.000, threshold = 0.500)"},"filename":"D:\\a\\xet-core\\xet-core\\xet_client\\src\\cas_client\\adaptive_concurrency\\controller.rs","line_number":586}
{"timestamp":"2026-09-07T14:03:04.745655Z","level":"INFO","fields":{"message":"Concurrency control for download: Decreased concurrency from 1 to 1; reason: success ratio below threshold (connection struggling) (success_ratio = 1.000, threshold = 0.500)"},"filename":"D:\\a\\xet-core\\xet-core\\xet_client\\src\\cas_client\\adaptive_concurrency\\controller.rs","line_number":586}
{"timestamp":"2026-09-07T14:03:06.045494Z","level":"INFO","fields":{"message":"Concurrency control for download: Decreased concurrency from 1 to 1; reason: success ratio below threshold (connection struggling) (success_ratio = 1.000, threshold = 0.500)"},"filename":"D:\\a\\xet-core\\xet-core\\xet_client\\src\\cas_client\\adaptive_concurrency\\controller.rs","line_number":586}
{"timestamp":"2026-09-07T14:03:06.795044Z","level":"INFO","fields":{"message":"Concurrency control for download: Decreased concurrency from 1 to 1; reason: success ratio below threshold (connection struggling) (success_ratio = 1.000, threshold = 0.500)"},"filename":"D:\\a\\xet-core\\xet-core\\xet_client\\src\\cas_client\\adaptive_concurrency\\controller.rs","line_number":586}
{"timestamp":"2026-09-07T14:03:07.814718Z","level":"INFO","fields":{"message":"Concurrency control for download: Decreased concurrency from 1 to 1; reason: success ratio below threshold (connection struggling) (success_ratio = 1.000, threshold = 0.500)"},"filename":"D:\\a\\xet-core\\xet-core\\xet_client\\src\\cas_client\\adaptive_concurrency\\controller.rs","line_number":586}
{"timestamp":"2026-09-07T14:03:08.627000Z","level":"INFO","fields":{"message":"Concurrency control for download: Decreased concurrency from 1 to 1; reason: success ratio below threshold (connection struggling) (success_ratio = 1.000, threshold = 0.500)"},"filename":"D:\\a\\xet-core\\xet-core\\xet_client\\src\\cas_client\\adaptive_concurrency\\controller.rs","line_number":586}
{"timestamp":"2026-09-07T14:03:09.058922Z","level":"INFO","fields":{"message":"Concurrency control for download: Current concurrency = 1; predicted bandwidth = 267915; success_ratio = 1.000; reference_size = 61.0MB; observed bytes sent so far = 939958414; completed transmissions = 39"},"filename":"D:\\a\\xet-core\\xet-core\\xet_client\\src\\cas_client\\adaptive_concurrency\\controller.rs","line_number":602}
{"timestamp":"2026-09-07T14:03:09.359708Z","level":"INFO","fields":{"message":"Concurrency control for download: Decreased concurrency from 1 to 1; reason: success ratio below threshold (connection struggling) (success_ratio = 1.000, threshold = 0.500)"},"filename":"D:\\a\\xet-core\\xet-core\\xet_client\\src\\cas_client\\adaptive_concurrency\\controller.rs","line_number":586}
{"timestamp":"2026-09-07T14:03:09.864692Z","level":"INFO","fields":{"message":"Concurrency control for download: Decreased concurrency from 1 to 1; reason: success ratio below threshold (connection struggling) (success_ratio = 1.000, threshold = 0.500)"},"filename":"D:\\a\\xet-core\\xet-core\\xet_client\\src\\cas_client\\adaptive_concurrency\\controller.rs","line_number":586}
{"timestamp":"2026-09-07T14:03:10.955668Z","level":"INFO","fields":{"message":"Concurrency control for download: Decreased concurrency from 1 to 1; reason: success ratio below threshold (connection struggling) (success_ratio = 1.000, threshold = 0.500)"},"filename":"D:\\a\\xet-core\\xet-core\\xet_client\\src\\cas_client\\adaptive_concurrency\\controller.rs","line_number":586}
{"timestamp":"2026-09-07T14:03:11.946811Z","level":"INFO","fields":{"message":"Concurrency control for download: Decreased concurrency from 1 to 1; reason: success ratio below threshold (connection struggling) (success_ratio = 1.000, threshold = 0.500)"},"filename":"D:\\a\\xet-core\\xet-core\\xet_client\\src\\cas_client\\adaptive_concurrency\\controller.rs","line_number":586}
{"timestamp":"2026-09-07T14:03:13.018869Z","level":"INFO","fields":{"message":"Concurrency control for download: Decreased concurrency from 1 to 1; reason: success ratio below threshold (connection struggling) (success_ratio = 1.000, threshold = 0.500)"},"filename":"D:\\a\\xet-core\\xet-core\\xet_client\\src\\cas_client\\adaptive_concurrency\\controller.rs","line_number":586}
{"timestamp":"2026-09-07T14:03:13.606437Z","level":"INFO","fields":{"message":"Concurrency control for download: Decreased concurrency from 1 to 1; reason: success ratio below threshold (connection struggling) (success_ratio = 1.000, threshold = 0.500)"},"filename":"D:\\a\\xet-core\\xet-core\\xet_client\\src\\cas_client\\adaptive_concurrency\\controller.rs","line_number":586}
{"timestamp":"2026-09-07T14:03:14.220274Z","level":"INFO","fields":{"message":"Concurrency control for download: Decreased concurrency from 1 to 1; reason: success ratio below threshold (connection struggling) (success_ratio = 1.000, threshold = 0.500)"},"filename":"D:\\a\\xet-core\\xet-core\\xet_client\\src\\cas_client\\adaptive_concurrency\\controller.rs","line_number":586}
{"timestamp":"2026-09-07T14:03:15.007040Z","level":"INFO","fields":{"message":"Concurrency control for download: Decreased concurrency from 1 to 1; reason: success ratio below threshold (connection struggling) (success_ratio = 1.000, threshold = 0.500)"},"filename":"D:\\a\\xet-core\\xet-core\\xet_client\\src\\cas_client\\adaptive_concurrency\\controller.rs","line_number":586}
{"timestamp":"2026-09-07T14:03:15.520132Z","level":"INFO","fields":{"message":"Concurrency control for download: Decreased concurrency from 1 to 1; reason: success ratio below threshold (connection struggling) (success_ratio = 1.000, threshold = 0.500)"},"filename":"D:\\a\\xet-core\\xet-core\\xet_client\\src\\cas_client\\adaptive_concurrency\\controller.rs","line_number":586}
{"timestamp":"2026-09-07T14:03:16.189164Z","level":"INFO","fields":{"message":"Concurrency control for download: Decreased concurrency from 1 to 1; reason: success ratio below threshold (connection struggling) (success_ratio = 1.000, threshold = 0.500)"},"filename":"D:\\a\\xet-core\\xet-core\\xet_client\\src\\cas_client\\adaptive_concurrency\\controller.rs","line_number":586}
{"timestamp":"2026-09-07T14:03:16.838107Z","level":"INFO","fields":{"message":"Concurrency control for download: Decreased concurrency from 1 to 1; reason: success ratio below threshold (connection struggling) (success_ratio = 1.000, threshold = 0.500)"},"filename":"D:\\a\\xet-core\\xet-core\\xet_client\\src\\cas_client\\adaptive_concurrency\\controller.rs","line_number":586}
{"timestamp":"2026-09-07T14:03:17.480637Z","level":"INFO","fields":{"message":"Concurrency control for download: Decreased concurrency from 1 to 1; reason: success ratio below threshold (connection struggling) (success_ratio = 1.000, threshold = 0.500)"},"filename":"D:\\a\\xet-core\\xet-core\\xet_client\\src\\cas_client\\adaptive_concurrency\\controller.rs","line_number":586}
{"timestamp":"2026-09-07T14:03:18.077559Z","level":"INFO","fields":{"message":"Concurrency control for download: Decreased concurrency from 1 to 1; reason: success ratio below threshold (connection struggling) (success_ratio = 1.000, threshold = 0.500)"},"filename":"D:\\a\\xet-core\\xet-core\\xet_client\\src\\cas_client\\adaptive_concurrency\\controller.rs","line_number":586}
{"timestamp":"2026-09-07T14:03:18.783144Z","level":"INFO","fields":{"message":"Concurrency control for download: Decreased concurrency from 1 to 1; reason: success ratio below threshold (connection struggling) (success_ratio = 1.000, threshold = 0.500)"},"filename":"D:\\a\\xet-core\\xet-core\\xet_client\\src\\cas_client\\adaptive_concurrency\\controller.rs","line_number":586}
{"timestamp":"2026-09-07T14:03:20.429124Z","level":"INFO","fields":{"message":"Concurrency control for download: Decreased concurrency from 1 to 1; reason: success ratio below threshold (connection struggling) (success_ratio = 1.000, threshold = 0.500)"},"filename":"D:\\a\\xet-core\\xet-core\\xet_client\\src\\cas_client\\adaptive_concurrency\\controller.rs","line_number":586}
{"timestamp":"2026-09-07T14:03:20.429182Z","level":"INFO","fields":{"message":"Concurrency control for download: Current concurrency = 1; predicted bandwidth = 311934; success_ratio = 1.000; reference_size = 61.0MB; observed bytes sent so far = 941760654; completed transmissions = 39"},"filename":"D:\\a\\xet-core\\xet-core\\xet_client\\src\\cas_client\\adaptive_concurrency\\controller.rs","line_number":602}
{"timestamp":"2026-09-07T14:03:20.939968Z","level":"INFO","fields":{"message":"Concurrency control for download: Decreased concurrency from 1 to 1; reason: success ratio below threshold (connection struggling) (success_ratio = 1.000, threshold = 0.500)"},"filename":"D:\\a\\xet-core\\xet-core\\xet_client\\src\\cas_client\\adaptive_concurrency\\controller.rs","line_number":586}
{"timestamp":"2026-09-07T14:03:22.540408Z","level":"INFO","fields":{"message":"Concurrency control for download: Decreased concurrency from 1 to 1; reason: success ratio below threshold (connection struggling) (success_ratio = 1.000, threshold = 0.500)"},"filename":"D:\\a\\xet-core\\xet-core\\xet_client\\src\\cas_client\\adaptive_concurrency\\controller.rs","line_number":586}
{"timestamp":"2026-09-07T14:03:23.117927Z","level":"INFO","fields":{"message":"Concurrency control for download: Decreased concurrency from 1 to 1; reason: success ratio below threshold (connection struggling) (success_ratio = 1.000, threshold = 0.500)"},"filename":"D:\\a\\xet-core\\xet-core\\xet_client\\src\\cas_client\\adaptive_concurrency\\controller.rs","line_number":586}
{"timestamp":"2026-09-07T14:03:23.926195Z","level":"INFO","fields":{"message":"Concurrency control for download: Decreased concurrency from 1 to 1; reason: success ratio below threshold (connection struggling) (success_ratio = 1.000, threshold = 0.500)"},"filename":"D:\\a\\xet-core\\xet-core\\xet_client\\src\\cas_client\\adaptive_concurrency\\controller.rs","line_number":586}
{"timestamp":"2026-09-07T14:03:24.731103Z","level":"INFO","fields":{"message":"Concurrency control for download: Decreased concurrency from 1 to 1; reason: success ratio below threshold (connection struggling) (success_ratio = 1.000, threshold = 0.500)"},"filename":"D:\\a\\xet-core\\xet-core\\xet_client\\src\\cas_client\\adaptive_concurrency\\controller.rs","line_number":586}
{"timestamp":"2026-09-07T14:03:25.375901Z","level":"INFO","fields":{"message":"Concurrency control for download: Decreased concurrency from 1 to 1; reason: success ratio below threshold (connection struggling) (success_ratio = 1.000, threshold = 0.500)"},"filename":"D:\\a\\xet-core\\xet-core\\xet_client\\src\\cas_client\\adaptive_concurrency\\controller.rs","line_number":586}
{"timestamp":"2026-09-07T14:03:26.093568Z","level":"INFO","fields":{"message":"Concurrency control for download: Decreased concurrency from 1 to 1; reason: success ratio below threshold (connection struggling) (success_ratio = 1.000, threshold = 0.500)"},"filename":"D:\\a\\xet-core\\xet-core\\xet_client\\src\\cas_client\\adaptive_concurrency\\controller.rs","line_number":586}
{"timestamp":"2026-09-07T14:03:26.649730Z","level":"INFO","fields":{"message":"Concurrency control for download: Decreased concurrency from 1 to 1; reason: success ratio below threshold (connection struggling) (success_ratio = 1.000, threshold = 0.500)"},"filename":"D:\\a\\xet-core\\xet-core\\xet_client\\src\\cas_client\\adaptive_concurrency\\controller.rs","line_number":586}
{"timestamp":"2026-09-07T14:03:27.369385Z","level":"INFO","fields":{"message":"Concurrency control for download: Decreased concurrency from 1 to 1; reason: success ratio below threshold (connection struggling) (success_ratio = 1.000, threshold = 0.500)"},"filename":"D:\\a\\xet-core\\xet-core\\xet_client\\src\\cas_client\\adaptive_concurrency\\controller.rs","line_number":586}
{"timestamp":"2026-09-07T14:03:27.935441Z","level":"INFO","fields":{"message":"Concurrency control for download: Decreased concurrency from 1 to 1; reason: success ratio below threshold (connection struggling) (success_ratio = 1.000, threshold = 0.500)"},"filename":"D:\\a\\xet-core\\xet-core\\xet_client\\src\\cas_client\\adaptive_concurrency\\controller.rs","line_number":586}
{"timestamp":"2026-09-07T14:03:28.471033Z","level":"INFO","fields":{"message":"Concurrency control for download: Decreased concurrency from 1 to 1; reason: success ratio below threshold (connection struggling) (success_ratio = 1.000, threshold = 0.500)"},"filename":"D:\\a\\xet-core\\xet-core\\xet_client\\src\\cas_client\\adaptive_concurrency\\controller.rs","line_number":586}
{"timestamp":"2026-09-07T14:03:28.995010Z","level":"INFO","fields":{"message":"Concurrency control for download: Decreased concurrency from 1 to 1; reason: success ratio below threshold (connection struggling) (success_ratio = 1.000, threshold = 0.500)"},"filename":"D:\\a\\xet-core\\xet-core\\xet_client\\src\\cas_client\\adaptive_concurrency\\controller.rs","line_number":586}
{"timestamp":"2026-09-07T14:03:29.539385Z","level":"INFO","fields":{"message":"Concurrency control for download: Decreased concurrency from 1 to 1; reason: success ratio below threshold (connection struggling) (success_ratio = 1.000, threshold = 0.500)"},"filename":"D:\\a\\xet-core\\xet-core\\xet_client\\src\\cas_client\\adaptive_concurrency\\controller.rs","line_number":586}
{"timestamp":"2026-09-07T14:03:30.071373Z","level":"INFO","fields":{"message":"Concurrency control for download: Decreased concurrency from 1 to 1; reason: success ratio below threshold (connection struggling) (success_ratio = 1.000, threshold = 0.500)"},"filename":"D:\\a\\xet-core\\xet-core\\xet_client\\src\\cas_client\\adaptive_concurrency\\controller.rs","line_number":586}
{"timestamp":"2026-09-07T14:03:30.579343Z","level":"INFO","fields":{"message":"Concurrency control for download: Decreased concurrency from 1 to 1; reason: success ratio below threshold (connection struggling) (success_ratio = 1.000, threshold = 0.500)"},"filename":"D:\\a\\xet-core\\xet-core\\xet_client\\src\\cas_client\\adaptive_concurrency\\controller.rs","line_number":586}
{"timestamp":"2026-09-07T14:03:30.579385Z","level":"INFO","fields":{"message":"Concurrency control for download: Current concurrency = 1; predicted bandwidth = 385056; success_ratio = 1.000; reference_size = 61.0MB; observed bytes sent so far = 943693966; completed transmissions = 39"},"filename":"D:\\a\\xet-core\\xet-core\\xet_client\\src\\cas_client\\adaptive_concurrency\\controller.rs","line_number":602}
{"timestamp":"2026-09-07T14:03:31.120981Z","level":"INFO","fields":{"message":"Concurrency control for download: Decreased concurrency from 1 to 1; reason: success ratio below threshold (connection struggling) (success_ratio = 1.000, threshold = 0.500)"},"filename":"D:\\a\\xet-core\\xet-core\\xet_client\\src\\cas_client\\adaptive_concurrency\\controller.rs","line_number":586}
{"timestamp":"2026-09-07T14:03:31.816115Z","level":"INFO","fields":{"message":"Concurrency control for download: Decreased concurrency from 1 to 1; reason: success ratio below threshold (connection struggling) (success_ratio = 1.000, threshold = 0.500)"},"filename":"D:\\a\\xet-core\\xet-core\\xet_client\\src\\cas_client\\adaptive_concurrency\\controller.rs","line_number":586}
{"timestamp":"2026-09-07T14:03:32.570672Z","level":"INFO","fields":{"message":"Concurrency control for download: Decreased concurrency from 1 to 1; reason: success ratio below threshold (connection struggling) (success_ratio = 1.000, threshold = 0.500)"},"filename":"D:\\a\\xet-core\\xet-core\\xet_client\\src\\cas_client\\adaptive_concurrency\\controller.rs","line_number":586}
{"timestamp":"2026-09-07T14:03:33.448403Z","level":"INFO","fields":{"message":"Concurrency control for download: Decreased concurrency from 1 to 1; reason: success ratio below threshold (connection struggling) (success_ratio = 1.000, threshold = 0.500)"},"filename":"D:\\a\\xet-core\\xet-core\\xet_client\\src\\cas_client\\adaptive_concurrency\\controller.rs","line_number":586}
{"timestamp":"2026-09-07T14:03:35.919982Z","level":"INFO","fields":{"message":"Concurrency control for download: Decreased concurrency from 1 to 1; reason: success ratio below threshold (connection struggling) (success_ratio = 1.000, threshold = 0.500)"},"filename":"D:\\a\\xet-core\\xet-core\\xet_client\\src\\cas_client\\adaptive_concurrency\\controller.rs","line_number":586}
{"timestamp":"2026-09-07T14:03:36.591922Z","level":"INFO","fields":{"message":"Concurrency control for download: Decreased concurrency from 1 to 1; reason: success ratio below threshold (connection struggling) (success_ratio = 1.000, threshold = 0.500)"},"filename":"D:\\a\\xet-core\\xet-core\\xet_client\\src\\cas_client\\adaptive_concurrency\\controller.rs","line_number":586}
{"timestamp":"2026-09-07T14:03:38.799306Z","level":"INFO","fields":{"message":"Concurrency control for download: Decreased concurrency from 1 to 1; reason: success ratio below threshold (connection struggling) (success_ratio = 1.000, threshold = 0.500)"},"filename":"D:\\a\\xet-core\\xet-core\\xet_client\\src\\cas_client\\adaptive_concurrency\\controller.rs","line_number":586}
{"timestamp":"2026-09-07T14:03:39.431655Z","level":"INFO","fields":{"message":"Concurrency control for download: Decreased concurrency from 1 to 1; reason: success ratio below threshold (connection struggling) (success_ratio = 1.000, threshold = 0.500)"},"filename":"D:\\a\\xet-core\\xet-core\\xet_client\\src\\cas_client\\adaptive_concurrency\\controller.rs","line_number":586}
{"timestamp":"2026-09-07T14:03:40.002362Z","level":"INFO","fields":{"message":"Concurrency control for download: Decreased concurrency from 1 to 1; reason: success ratio below threshold (connection struggling) (success_ratio = 1.000, threshold = 0.500)"},"filename":"D:\\a\\xet-core\\xet-core\\xet_client\\src\\cas_client\\adaptive_concurrency\\controller.rs","line_number":586}
{"timestamp":"2026-09-07T14:03:40.618443Z","level":"INFO","fields":{"message":"Concurrency control for download: Decreased concurrency from 1 to 1; reason: success ratio below threshold (connection struggling) (success_ratio = 1.000, threshold = 0.500)"},"filename":"D:\\a\\xet-core\\xet-core\\xet_client\\src\\cas_client\\adaptive_concurrency\\controller.rs","line_number":586}
{"timestamp":"2026-09-07T14:03:40.618474Z","level":"INFO","fields":{"message":"Concurrency control for download: Current concurrency = 1; predicted bandwidth = 434364; success_ratio = 1.000; reference_size = 61.0MB; observed bytes sent so far = 944627854; completed transmissions = 39"},"filename":"D:\\a\\xet-core\\xet-core\\xet_client\\src\\cas_client\\adaptive_concurrency\\controller.rs","line_number":602}
{"timestamp":"2026-09-07T14:03:41.311733Z","level":"INFO","fields":{"message":"Concurrency control for download: Decreased concurrency from 1 to 1; reason: success ratio below threshold (connection struggling) (success_ratio = 1.000, threshold = 0.500)"},"filename":"D:\\a\\xet-core\\xet-core\\xet_client\\src\\cas_client\\adaptive_concurrency\\controller.rs","line_number":586}
{"timestamp":"2026-09-07T14:03:41.939445Z","level":"INFO","fields":{"message":"Concurrency control for download: Decreased concurrency from 1 to 1; reason: success ratio below threshold (connection struggling) (success_ratio = 1.000, threshold = 0.500)"},"filename":"D:\\a\\xet-core\\xet-core\\xet_client\\src\\cas_client\\adaptive_concurrency\\controller.rs","line_number":586}
{"timestamp":"2026-09-07T14:03:42.493997Z","level":"INFO","fields":{"message":"Concurrency control for download: Decreased concurrency from 1 to 1; reason: success ratio below threshold (connection struggling) (success_ratio = 1.000, threshold = 0.500)"},"filename":"D:\\a\\xet-core\\xet-core\\xet_client\\src\\cas_client\\adaptive_concurrency\\controller.rs","line_number":586}
{"timestamp":"2026-09-07T14:03:43.209709Z","level":"INFO","fields":{"message":"Concurrency control for download: Decreased concurrency from 1 to 1; reason: success ratio below threshold (connection struggling) (success_ratio = 1.000, threshold = 0.500)"},"filename":"D:\\a\\xet-core\\xet-core\\xet_client\\src\\cas_client\\adaptive_concurrency\\controller.rs","line_number":586}
{"timestamp":"2026-09-07T14:03:44.047919Z","level":"INFO","fields":{"message":"Concurrency control for download: Decreased concurrency from 1 to 1; reason: success ratio below threshold (connection struggling) (success_ratio = 1.000, threshold = 0.500)"},"filename":"D:\\a\\xet-core\\xet-core\\xet_client\\src\\cas_client\\adaptive_concurrency\\controller.rs","line_number":586}
{"timestamp":"2026-09-07T14:03:45.426443Z","level":"INFO","fields":{"message":"Concurrency control for download: Decreased concurrency from 1 to 1; reason: success ratio below threshold (connection struggling) (success_ratio = 1.000, threshold = 0.500)"},"filename":"D:\\a\\xet-core\\xet-core\\xet_client\\src\\cas_client\\adaptive_concurrency\\controller.rs","line_number":586}
{"timestamp":"2026-09-07T14:03:46.313453Z","level":"INFO","fields":{"message":"Concurrency control for download: Decreased concurrency from 1 to 1; reason: success ratio below threshold (connection struggling) (success_ratio = 1.000, threshold = 0.500)"},"filename":"D:\\a\\xet-core\\xet-core\\xet_client\\src\\cas_client\\adaptive_concurrency\\controller.rs","line_number":586}
{"timestamp":"2026-09-07T14:03:47.844841Z","level":"INFO","fields":{"message":"Concurrency control for download: Decreased concurrency from 1 to 1; reason: success ratio below threshold (connection struggling) (success_ratio = 1.000, threshold = 0.500)"},"filename":"D:\\a\\xet-core\\xet-core\\xet_client\\src\\cas_client\\adaptive_concurrency\\controller.rs","line_number":586}
{"timestamp":"2026-09-07T14:03:48.472772Z","level":"INFO","fields":{"message":"Concurrency control for download: Decreased concurrency from 1 to 1; reason: success ratio below threshold (connection struggling) (success_ratio = 1.000, threshold = 0.500)"},"filename":"D:\\a\\xet-core\\xet-core\\xet_client\\src\\cas_client\\adaptive_concurrency\\controller.rs","line_number":586}
{"timestamp":"2026-09-07T14:03:48.976038Z","level":"INFO","fields":{"message":"Concurrency control for download: Decreased concurrency from 1 to 1; reason: success ratio below threshold (connection struggling) (success_ratio = 1.000, threshold = 0.500)"},"filename":"D:\\a\\xet-core\\xet-core\\xet_client\\src\\cas_client\\adaptive_concurrency\\controller.rs","line_number":586}
{"timestamp":"2026-09-07T14:03:49.580494Z","level":"INFO","fields":{"message":"Concurrency control for download: Decreased concurrency from 1 to 1; reason: success ratio below threshold (connection struggling) (success_ratio = 1.000, threshold = 0.500)"},"filename":"D:\\a\\xet-core\\xet-core\\xet_client\\src\\cas_client\\adaptive_concurrency\\controller.rs","line_number":586}
{"timestamp":"2026-09-07T14:03:53.788823Z","level":"INFO","fields":{"message":"Concurrency control for download: Decreased concurrency from 1 to 1; reason: success ratio below threshold (connection struggling) (success_ratio = 1.000, threshold = 0.500)"},"filename":"D:\\a\\xet-core\\xet-core\\xet_client\\src\\cas_client\\adaptive_concurrency\\controller.rs","line_number":586}
{"timestamp":"2026-09-07T14:03:53.788864Z","level":"INFO","fields":{"message":"Concurrency control for download: Current concurrency = 1; predicted bandwidth = 513512; success_ratio = 1.000; reference_size = 61.0MB; observed bytes sent so far = 945676430; completed transmissions = 39"},"filename":"D:\\a\\xet-core\\xet-core\\xet_client\\src\\cas_client\\adaptive_concurrency\\controller.rs","line_number":602}
{"timestamp":"2026-09-07T14:03:56.273925Z","level":"INFO","fields":{"message":"Concurrency control for download: Decreased concurrency from 1 to 1; reason: success ratio below threshold (connection struggling) (success_ratio = 1.000, threshold = 0.500)"},"filename":"D:\\a\\xet-core\\xet-core\\xet_client\\src\\cas_client\\adaptive_concurrency\\controller.rs","line_number":586}
{"timestamp":"2026-09-07T14:03:57.025850Z","level":"INFO","fields":{"message":"Concurrency control for download: Decreased concurrency from 1 to 1; reason: success ratio below threshold (connection struggling) (success_ratio = 1.000, threshold = 0.500)"},"filename":"D:\\a\\xet-core\\xet-core\\xet_client\\src\\cas_client\\adaptive_concurrency\\controller.rs","line_number":586}
{"timestamp":"2026-09-07T14:03:57.590039Z","level":"INFO","fields":{"message":"Concurrency control for download: Decreased concurrency from 1 to 1; reason: success ratio below threshold (connection struggling) (success_ratio = 1.000, threshold = 0.500)"},"filename":"D:\\a\\xet-core\\xet-core\\xet_client\\src\\cas_client\\adaptive_concurrency\\controller.rs","line_number":586}
{"timestamp":"2026-09-07T14:03:58.695992Z","level":"INFO","fields":{"message":"Concurrency control for download: Decreased concurrency from 1 to 1; reason: success ratio below threshold (connection struggling) (success_ratio = 1.000, threshold = 0.500)"},"filename":"D:\\a\\xet-core\\xet-core\\xet_client\\src\\cas_client\\adaptive_concurrency\\controller.rs","line_number":586}
{"timestamp":"2026-09-07T14:03:59.254549Z","level":"INFO","fields":{"message":"Concurrency control for download: Decreased concurrency from 1 to 1; reason: success ratio below threshold (connection struggling) (success_ratio = 1.000, threshold = 0.500)"},"filename":"D:\\a\\xet-core\\xet-core\\xet_client\\src\\cas_client\\adaptive_concurrency\\controller.rs","line_number":586}
{"timestamp":"2026-09-07T14:03:59.785208Z","level":"INFO","fields":{"message":"Concurrency control for download: Decreased concurrency from 1 to 1; reason: success ratio below threshold (connection struggling) (success_ratio = 1.000, threshold = 0.500)"},"filename":"D:\\a\\xet-core\\xet-core\\xet_client\\src\\cas_client\\adaptive_concurrency\\controller.rs","line_number":586}
{"timestamp":"2026-09-07T14:04:00.658577Z","level":"INFO","fields":{"message":"Concurrency control for download: Decreased concurrency from 1 to 1; reason: success ratio below threshold (connection struggling) (success_ratio = 1.000, threshold = 0.500)"},"filename":"D:\\a\\xet-core\\xet-core\\xet_client\\src\\cas_client\\adaptive_concurrency\\controller.rs","line_number":586}
{"timestamp":"2026-09-07T14:04:01.882951Z","level":"INFO","fields":{"message":"Concurrency control for download: Decreased concurrency from 1 to 1; reason: success ratio below threshold (connection struggling) (success_ratio = 1.000, threshold = 0.500)"},"filename":"D:\\a\\xet-core\\xet-core\\xet_client\\src\\cas_client\\adaptive_concurrency\\controller.rs","line_number":586}
{"timestamp":"2026-09-07T14:04:02.476475Z","level":"INFO","fields":{"message":"Concurrency control for download: Decreased concurrency from 1 to 1; reason: success ratio below threshold (connection struggling) (success_ratio = 1.000, threshold = 0.500)"},"filename":"D:\\a\\xet-core\\xet-core\\xet_client\\src\\cas_client\\adaptive_concurrency\\controller.rs","line_number":586}
{"timestamp":"2026-09-07T14:04:03.890717Z","level":"INFO","fields":{"message":"Concurrency control for download: Decreased concurrency from 1 to 1; reason: success ratio below threshold (connection struggling) (success_ratio = 1.000, threshold = 0.500)"},"filename":"D:\\a\\xet-core\\xet-core\\xet_client\\src\\cas_client\\adaptive_concurrency\\controller.rs","line_number":586}
{"timestamp":"2026-09-07T14:04:03.890746Z","level":"INFO","fields":{"message":"Concurrency control for download: Current concurrency = 1; predicted bandwidth = 552332; success_ratio = 1.000; reference_size = 61.0MB; observed bytes sent so far = 946135182; completed transmissions = 39"},"filename":"D:\\a\\xet-core\\xet-core\\xet_client\\src\\cas_client\\adaptive_concurrency\\controller.rs","line_number":602}
{"timestamp":"2026-09-07T14:04:04.491000Z","level":"INFO","fields":{"message":"Concurrency control for download: Decreased concurrency from 1 to 1; reason: success ratio below threshold (connection struggling) (success_ratio = 1.000, threshold = 0.500)"},"filename":"D:\\a\\xet-core\\xet-core\\xet_client\\src\\cas_client\\adaptive_concurrency\\controller.rs","line_number":586}
{"timestamp":"2026-09-07T14:04:05.874190Z","level":"INFO","fields":{"message":"Concurrency control for download: Decreased concurrency from 1 to 1; reason: success ratio below threshold (connection struggling) (success_ratio = 1.000, threshold = 0.500)"},"filename":"D:\\a\\xet-core\\xet-core\\xet_client\\src\\cas_client\\adaptive_concurrency\\controller.rs","line_number":586}
{"timestamp":"2026-09-07T14:04:06.734601Z","level":"INFO","fields":{"message":"Concurrency control for download: Decreased concurrency from 1 to 1; reason: success ratio below threshold (connection struggling) (success_ratio = 1.000, threshold = 0.500)"},"filename":"D:\\a\\xet-core\\xet-core\\xet_client\\src\\cas_client\\adaptive_concurrency\\controller.rs","line_number":586}
{"timestamp":"2026-09-07T14:04:08.289026Z","level":"INFO","fields":{"message":"Concurrency control for download: Decreased concurrency from 1 to 1; reason: success ratio below threshold (connection struggling) (success_ratio = 1.000, threshold = 0.500)"},"filename":"D:\\a\\xet-core\\xet-core\\xet_client\\src\\cas_client\\adaptive_concurrency\\controller.rs","line_number":586}
{"timestamp":"2026-09-07T14:04:09.124704Z","level":"INFO","fields":{"message":"Concurrency control for download: Decreased concurrency from 1 to 1; reason: success ratio below threshold (connection struggling) (success_ratio = 1.000, threshold = 0.500)"},"filename":"D:\\a\\xet-core\\xet-core\\xet_client\\src\\cas_client\\adaptive_concurrency\\controller.rs","line_number":586}
{"timestamp":"2026-09-07T14:04:09.855537Z","level":"INFO","fields":{"message":"Concurrency control for download: Decreased concurrency from 1 to 1; reason: success ratio below threshold (connection struggling) (success_ratio = 1.000, threshold = 0.500)"},"filename":"D:\\a\\xet-core\\xet-core\\xet_client\\src\\cas_client\\adaptive_concurrency\\controller.rs","line_number":586}
{"timestamp":"2026-09-07T14:04:11.258448Z","level":"INFO","fields":{"message":"Concurrency control for download: Decreased concurrency from 1 to 1; reason: success ratio below threshold (connection struggling) (success_ratio = 1.000, threshold = 0.500)"},"filename":"D:\\a\\xet-core\\xet-core\\xet_client\\src\\cas_client\\adaptive_concurrency\\controller.rs","line_number":586}
{"timestamp":"2026-09-07T14:04:11.966040Z","level":"INFO","fields":{"message":"Concurrency control for download: Decreased concurrency from 1 to 1; reason: success ratio below threshold (connection struggling) (success_ratio = 1.000, threshold = 0.500)"},"filename":"D:\\a\\xet-core\\xet-core\\xet_client\\src\\cas_client\\adaptive_concurrency\\controller.rs","line_number":586}
{"timestamp":"2026-09-07T14:04:12.982376Z","level":"INFO","fields":{"message":"Concurrency control for download: Decreased concurrency from 1 to 1; reason: success ratio below threshold (connection struggling) (success_ratio = 1.000, threshold = 0.500)"},"filename":"D:\\a\\xet-core\\xet-core\\xet_client\\src\\cas_client\\adaptive_concurrency\\controller.rs","line_number":586}
{"timestamp":"2026-09-07T14:04:13.590940Z","level":"INFO","fields":{"message":"Concurrency control for download: Decreased concurrency from 1 to 1; reason: success ratio below threshold (connection struggling) (success_ratio = 1.000, threshold = 0.500)"},"filename":"D:\\a\\xet-core\\xet-core\\xet_client\\src\\cas_client\\adaptive_concurrency\\controller.rs","line_number":586}
{"timestamp":"2026-09-07T14:04:14.567789Z","level":"INFO","fields":{"message":"Concurrency control for download: Decreased concurrency from 1 to 1; reason: success ratio below threshold (connection struggling) (success_ratio = 1.000, threshold = 0.500)"},"filename":"D:\\a\\xet-core\\xet-core\\xet_client\\src\\cas_client\\adaptive_concurrency\\controller.rs","line_number":586}
{"timestamp":"2026-09-07T14:04:14.567827Z","level":"INFO","fields":{"message":"Concurrency control for download: Current concurrency = 1; predicted bandwidth = 598046; success_ratio = 1.000; reference_size = 61.0MB; observed bytes sent so far = 946872462; completed transmissions = 39"},"filename":"D:\\a\\xet-core\\xet-core\\xet_client\\src\\cas_client\\adaptive_concurrency\\controller.rs","line_number":602}
{"timestamp":"2026-09-07T14:04:16.528245Z","level":"INFO","fields":{"message":"Concurrency control for download: Decreased concurrency from 1 to 1; reason: success ratio below threshold (connection struggling) (success_ratio = 1.000, threshold = 0.500)"},"filename":"D:\\a\\xet-core\\xet-core\\xet_client\\src\\cas_client\\adaptive_concurrency\\controller.rs","line_number":586}
{"timestamp":"2026-09-07T14:04:17.240501Z","level":"INFO","fields":{"message":"Concurrency control for download: Decreased concurrency from 1 to 1; reason: success ratio below threshold (connection struggling) (success_ratio = 1.000, threshold = 0.500)"},"filename":"D:\\a\\xet-core\\xet-core\\xet_client\\src\\cas_client\\adaptive_concurrency\\controller.rs","line_number":586}
{"timestamp":"2026-09-07T14:04:18.053695Z","level":"INFO","fields":{"message":"Concurrency control for download: Decreased concurrency from 1 to 1; reason: success ratio below threshold (connection struggling) (success_ratio = 1.000, threshold = 0.500)"},"filename":"D:\\a\\xet-core\\xet-core\\xet_client\\src\\cas_client\\adaptive_concurrency\\controller.rs","line_number":586}
{"timestamp":"2026-09-07T14:04:18.986590Z","level":"INFO","fields":{"message":"Concurrency control for download: Decreased concurrency from 1 to 1; reason: success ratio below threshold (connection struggling) (success_ratio = 1.000, threshold = 0.500)"},"filename":"D:\\a\\xet-core\\xet-core\\xet_client\\src\\cas_client\\adaptive_concurrency\\controller.rs","line_number":586}
{"timestamp":"2026-09-07T14:04:20.349796Z","level":"INFO","fields":{"message":"Concurrency control for download: Decreased concurrency from 1 to 1; reason: success ratio below threshold (connection struggling) (success_ratio = 1.000, threshold = 0.500)"},"filename":"D:\\a\\xet-core\\xet-core\\xet_client\\src\\cas_client\\adaptive_concurrency\\controller.rs","line_number":586}
{"timestamp":"2026-09-07T14:04:21.433360Z","level":"INFO","fields":{"message":"Concurrency control for download: Decreased concurrency from 1 to 1; reason: success ratio below threshold (connection struggling) (success_ratio = 1.000, threshold = 0.500)"},"filename":"D:\\a\\xet-core\\xet-core\\xet_client\\src\\cas_client\\adaptive_concurrency\\controller.rs","line_number":586}
{"timestamp":"2026-09-07T14:04:22.003163Z","level":"INFO","fields":{"message":"Concurrency control for download: Decreased concurrency from 1 to 1; reason: success ratio below threshold (connection struggling) (success_ratio = 1.000, threshold = 0.500)"},"filename":"D:\\a\\xet-core\\xet-core\\xet_client\\src\\cas_client\\adaptive_concurrency\\controller.rs","line_number":586}
{"timestamp":"2026-09-07T14:04:22.613278Z","level":"INFO","fields":{"message":"Concurrency control for download: Decreased concurrency from 1 to 1; reason: success ratio below threshold (connection struggling) (success_ratio = 1.000, threshold = 0.500)"},"filename":"D:\\a\\xet-core\\xet-core\\xet_client\\src\\cas_client\\adaptive_concurrency\\controller.rs","line_number":586}
{"timestamp":"2026-09-07T14:04:23.149446Z","level":"INFO","fields":{"message":"Concurrency control for download: Decreased concurrency from 1 to 1; reason: success ratio below threshold (connection struggling) (success_ratio = 1.000, threshold = 0.500)"},"filename":"D:\\a\\xet-core\\xet-core\\xet_client\\src\\cas_client\\adaptive_concurrency\\controller.rs","line_number":586}
{"timestamp":"2026-09-07T14:04:23.690246Z","level":"INFO","fields":{"message":"Concurrency control for download: Decreased concurrency from 1 to 1; reason: success ratio below threshold (connection struggling) (success_ratio = 1.000, threshold = 0.500)"},"filename":"D:\\a\\xet-core\\xet-core\\xet_client\\src\\cas_client\\adaptive_concurrency\\controller.rs","line_number":586}
{"timestamp":"2026-09-07T14:04:24.283939Z","level":"INFO","fields":{"message":"Concurrency control for download: Decreased concurrency from 1 to 1; reason: success ratio below threshold (connection struggling) (success_ratio = 1.000, threshold = 0.500)"},"filename":"D:\\a\\xet-core\\xet-core\\xet_client\\src\\cas_client\\adaptive_concurrency\\controller.rs","line_number":586}
{"timestamp":"2026-09-07T14:04:25.105989Z","level":"INFO","fields":{"message":"Concurrency control for download: Decreased concurrency from 1 to 1; reason: success ratio below threshold (connection struggling) (success_ratio = 1.000, threshold = 0.500)"},"filename":"D:\\a\\xet-core\\xet-core\\xet_client\\src\\cas_client\\adaptive_concurrency\\controller.rs","line_number":586}
{"timestamp":"2026-09-07T14:04:25.106019Z","level":"INFO","fields":{"message":"Concurrency control for download: Current concurrency = 1; predicted bandwidth = 650764; success_ratio = 1.000; reference_size = 61.0MB; observed bytes sent so far = 947511438; completed transmissions = 39"},"filename":"D:\\a\\xet-core\\xet-core\\xet_client\\src\\cas_client\\adaptive_concurrency\\controller.rs","line_number":602}
{"timestamp":"2026-09-07T14:04:25.895334Z","level":"INFO","fields":{"message":"Concurrency control for download: Decreased concurrency from 1 to 1; reason: success ratio below threshold (connection struggling) (success_ratio = 1.000, threshold = 0.500)"},"filename":"D:\\a\\xet-core\\xet-core\\xet_client\\src\\cas_client\\adaptive_concurrency\\controller.rs","line_number":586}
{"timestamp":"2026-09-07T14:04:26.459414Z","level":"INFO","fields":{"message":"Concurrency control for download: Decreased concurrency from 1 to 1; reason: success ratio below threshold (connection struggling) (success_ratio = 1.000, threshold = 0.500)"},"filename":"D:\\a\\xet-core\\xet-core\\xet_client\\src\\cas_client\\adaptive_concurrency\\controller.rs","line_number":586}
{"timestamp":"2026-09-07T14:04:27.579194Z","level":"INFO","fields":{"message":"Concurrency control for download: Decreased concurrency from 1 to 1; reason: success ratio below threshold (connection struggling) (success_ratio = 1.000, threshold = 0.500)"},"filename":"D:\\a\\xet-core\\xet-core\\xet_client\\src\\cas_client\\adaptive_concurrency\\controller.rs","line_number":586}
{"timestamp":"2026-09-07T14:04:28.096033Z","level":"INFO","fields":{"message":"Concurrency control for download: Decreased concurrency from 1 to 1; reason: success ratio below threshold (connection struggling) (success_ratio = 1.000, threshold = 0.500)"},"filename":"D:\\a\\xet-core\\xet-core\\xet_client\\src\\cas_client\\adaptive_concurrency\\controller.rs","line_number":586}
{"timestamp":"2026-09-07T14:04:28.673056Z","level":"INFO","fields":{"message":"Concurrency control for download: Decreased concurrency from 1 to 1; reason: success ratio below threshold (connection struggling) (success_ratio = 1.000, threshold = 0.500)"},"filename":"D:\\a\\xet-core\\xet-core\\xet_client\\src\\cas_client\\adaptive_concurrency\\controller.rs","line_number":586}
{"timestamp":"2026-09-07T14:04:29.750655Z","level":"INFO","fields":{"message":"Concurrency control for download: Decreased concurrency from 1 to 1; reason: success ratio below threshold (connection struggling) (success_ratio = 1.000, threshold = 0.500)"},"filename":"D:\\a\\xet-core\\xet-core\\xet_client\\src\\cas_client\\adaptive_concurrency\\controller.rs","line_number":586}
{"timestamp":"2026-09-07T14:04:30.435984Z","level":"INFO","fields":{"message":"Concurrency control for download: Decreased concurrency from 1 to 1; reason: success ratio below threshold (connection struggling) (success_ratio = 1.000, threshold = 0.500)"},"filename":"D:\\a\\xet-core\\xet-core\\xet_client\\src\\cas_client\\adaptive_concurrency\\controller.rs","line_number":586}
{"timestamp":"2026-09-07T14:04:30.985686Z","level":"INFO","fields":{"message":"Concurrency control for download: Decreased concurrency from 1 to 1; reason: success ratio below threshold (connection struggling) (success_ratio = 1.000, threshold = 0.500)"},"filename":"D:\\a\\xet-core\\xet-core\\xet_client\\src\\cas_client\\adaptive_concurrency\\controller.rs","line_number":586}
{"timestamp":"2026-09-07T14:04:31.539354Z","level":"INFO","fields":{"message":"Concurrency control for download: Decreased concurrency from 1 to 1; reason: success ratio below threshold (connection struggling) (success_ratio = 1.000, threshold = 0.500)"},"filename":"D:\\a\\xet-core\\xet-core\\xet_client\\src\\cas_client\\adaptive_concurrency\\controller.rs","line_number":586}
{"timestamp":"2026-09-07T14:04:32.200066Z","level":"INFO","fields":{"message":"Concurrency control for download: Decreased concurrency from 1 to 1; reason: success ratio below threshold (connection struggling) (success_ratio = 1.000, threshold = 0.500)"},"filename":"D:\\a\\xet-core\\xet-core\\xet_client\\src\\cas_client\\adaptive_concurrency\\controller.rs","line_number":586}
{"timestamp":"2026-09-07T14:04:32.725633Z","level":"INFO","fields":{"message":"Concurrency control for download: Decreased concurrency from 1 to 1; reason: success ratio below threshold (connection struggling) (success_ratio = 1.000, threshold = 0.500)"},"filename":"D:\\a\\xet-core\\xet-core\\xet_client\\src\\cas_client\\adaptive_concurrency\\controller.rs","line_number":586}
{"timestamp":"2026-09-07T14:04:33.204937Z","level":"INFO","fields":{"message":"Received CAS response","request_id":"01M1Y2YPDJDTDRP2A2AYKQAZCG","status_code":206},"filename":"D:\\a\\xet-core\\xet-core\\xet_client\\src\\common\\http_client.rs","line_number":288}
{"timestamp":"2026-09-07T14:04:33.205002Z","level":"INFO","fields":{"message":"Request Success: s3::get_range api call succeeded (request id 01M1Y2YPDJDTDRP2A2AYKQAZCG, retry 2)."},"filename":"D:\\a\\xet-core\\xet-core\\xet_client\\src\\cas_client\\retry_wrapper.rs","line_number":237}
{"timestamp":"2026-09-07T14:04:33.520272Z","level":"INFO","fields":{"message":"Concurrency control for download: Decreased concurrency from 1 to 1; reason: success ratio below threshold (connection struggling) (success_ratio = 1.000, threshold = 0.500)"},"filename":"D:\\a\\xet-core\\xet-core\\xet_client\\src\\cas_client\\adaptive_concurrency\\controller.rs","line_number":586}
{"timestamp":"2026-09-07T14:04:34.305817Z","level":"INFO","fields":{"message":"Concurrency control for download: Decreased concurrency from 1 to 1; reason: success ratio below threshold (connection struggling) (success_ratio = 1.000, threshold = 0.500)"},"filename":"D:\\a\\xet-core\\xet-core\\xet_client\\src\\cas_client\\adaptive_concurrency\\controller.rs","line_number":586}
{"timestamp":"2026-09-07T14:04:35.703697Z","level":"INFO","fields":{"message":"Received CAS response","request_id":"01M1Y2YRK7DXATXNFFCBHDP85E","status_code":206},"filename":"D:\\a\\xet-core\\xet-core\\xet_client\\src\\common\\http_client.rs","line_number":288}
{"timestamp":"2026-09-07T14:04:35.703734Z","level":"INFO","fields":{"message":"Request Success: s3::get_range api call succeeded (request id 01M1Y2YRK7DXATXNFFCBHDP85E, retry 2)."},"filename":"D:\\a\\xet-core\\xet-core\\xet_client\\src\\cas_client\\retry_wrapper.rs","line_number":237}
{"timestamp":"2026-09-07T14:04:35.728675Z","level":"INFO","fields":{"message":"Concurrency control for download: Decreased concurrency from 1 to 1; reason: success ratio below threshold (connection struggling) (success_ratio = 1.000, threshold = 0.500)"},"filename":"D:\\a\\xet-core\\xet-core\\xet_client\\src\\cas_client\\adaptive_concurrency\\controller.rs","line_number":586}
{"timestamp":"2026-09-07T14:04:35.728722Z","level":"INFO","fields":{"message":"Concurrency control for download: Current concurrency = 1; predicted bandwidth = 748678; success_ratio = 1.000; reference_size = 61.0MB; observed bytes sent so far = 948871310; completed transmissions = 42"},"filename":"D:\\a\\xet-core\\xet-core\\xet_client\\src\\cas_client\\adaptive_concurrency\\controller.rs","line_number":602}
{"timestamp":"2026-09-07T14:04:37.803713Z","level":"INFO","fields":{"message":"Concurrency control for download: Decreased concurrency from 1 to 1; reason: success ratio below threshold (connection struggling) (success_ratio = 1.000, threshold = 0.500)"},"filename":"D:\\a\\xet-core\\xet-core\\xet_client\\src\\cas_client\\adaptive_concurrency\\controller.rs","line_number":586}
{"timestamp":"2026-09-07T14:04:39.649610Z","level":"INFO","fields":{"message":"Concurrency control for download: Decreased concurrency from 1 to 1; reason: success ratio below threshold (connection struggling) (success_ratio = 1.000, threshold = 0.500)"},"filename":"D:\\a\\xet-core\\xet-core\\xet_client\\src\\cas_client\\adaptive_concurrency\\controller.rs","line_number":586}
{"timestamp":"2026-09-07T14:04:39.768773Z","level":"INFO","fields":{"message":"Received CAS response","request_id":"01M1Y2YWSTT912E5QV9AN3KNZA","status_code":206},"filename":"D:\\a\\xet-core\\xet-core\\xet_client\\src\\common\\http_client.rs","line_number":288}
{"timestamp":"2026-09-07T14:04:39.768833Z","level":"INFO","fields":{"message":"Request Success: s3::get_range api call succeeded (request id 01M1Y2YWSTT912E5QV9AN3KNZA, retry 2)."},"filename":"D:\\a\\xet-core\\xet-core\\xet_client\\src\\cas_client\\retry_wrapper.rs","line_number":237}
{"timestamp":"2026-09-07T14:04:40.593583Z","level":"INFO","fields":{"message":"Concurrency control for download: Decreased concurrency from 1 to 1; reason: success ratio below threshold (connection struggling) (success_ratio = 1.000, threshold = 0.500)"},"filename":"D:\\a\\xet-core\\xet-core\\xet_client\\src\\cas_client\\adaptive_concurrency\\controller.rs","line_number":586}
{"timestamp":"2026-09-07T14:04:41.371388Z","level":"INFO","fields":{"message":"Concurrency control for download: Decreased concurrency from 1 to 1; reason: success ratio below threshold (connection struggling) (success_ratio = 1.000, threshold = 0.500)"},"filename":"D:\\a\\xet-core\\xet-core\\xet_client\\src\\cas_client\\adaptive_concurrency\\controller.rs","line_number":586}
{"timestamp":"2026-09-07T14:04:43.288899Z","level":"INFO","fields":{"message":"Concurrency control for download: Decreased concurrency from 1 to 1; reason: success ratio below threshold (connection struggling) (success_ratio = 1.000, threshold = 0.500)"},"filename":"D:\\a\\xet-core\\xet-core\\xet_client\\src\\cas_client\\adaptive_concurrency\\controller.rs","line_number":586}
{"timestamp":"2026-09-07T14:04:44.007078Z","level":"INFO","fields":{"message":"Concurrency control for download: Decreased concurrency from 1 to 1; reason: success ratio below threshold (connection struggling) (success_ratio = 1.000, threshold = 0.500)"},"filename":"D:\\a\\xet-core\\xet-core\\xet_client\\src\\cas_client\\adaptive_concurrency\\controller.rs","line_number":586}
{"timestamp":"2026-09-07T14:04:44.640514Z","level":"INFO","fields":{"message":"Concurrency control for download: Decreased concurrency from 1 to 1; reason: success ratio below threshold (connection struggling) (success_ratio = 1.000, threshold = 0.500)"},"filename":"D:\\a\\xet-core\\xet-core\\xet_client\\src\\cas_client\\adaptive_concurrency\\controller.rs","line_number":586}
{"timestamp":"2026-09-07T14:04:45.251702Z","level":"INFO","fields":{"message":"Concurrency control for download: Decreased concurrency from 1 to 1; reason: success ratio below threshold (connection struggling) (success_ratio = 1.000, threshold = 0.500)"},"filename":"D:\\a\\xet-core\\xet-core\\xet_client\\src\\cas_client\\adaptive_concurrency\\controller.rs","line_number":586}
{"timestamp":"2026-09-07T14:04:46.760787Z","level":"INFO","fields":{"message":"Concurrency control for download: Decreased concurrency from 1 to 1; reason: success ratio below threshold (connection struggling) (success_ratio = 1.000, threshold = 0.500)"},"filename":"D:\\a\\xet-core\\xet-core\\xet_client\\src\\cas_client\\adaptive_concurrency\\controller.rs","line_number":586}
{"timestamp":"2026-09-07T14:04:46.760821Z","level":"INFO","fields":{"message":"Concurrency control for download: Current concurrency = 1; predicted bandwidth = 867728; success_ratio = 1.000; reference_size = 61.0MB; observed bytes sent so far = 949067918; completed transmissions = 42"},"filename":"D:\\a\\xet-core\\xet-core\\xet_client\\src\\cas_client\\adaptive_concurrency\\controller.rs","line_number":602}
{"timestamp":"2026-09-07T14:04:47.729720Z","level":"INFO","fields":{"message":"Concurrency control for download: Decreased concurrency from 1 to 1; reason: success ratio below threshold (connection struggling) (success_ratio = 1.000, threshold = 0.500)"},"filename":"D:\\a\\xet-core\\xet-core\\xet_client\\src\\cas_client\\adaptive_concurrency\\controller.rs","line_number":586}
{"timestamp":"2026-09-07T14:04:48.899537Z","level":"INFO","fields":{"message":"Concurrency control for download: Decreased concurrency from 1 to 1; reason: success ratio below threshold (connection struggling) (success_ratio = 1.000, threshold = 0.500)"},"filename":"D:\\a\\xet-core\\xet-core\\xet_client\\src\\cas_client\\adaptive_concurrency\\controller.rs","line_number":586}
{"timestamp":"2026-09-07T14:04:49.535344Z","level":"INFO","fields":{"message":"Concurrency control for download: Decreased concurrency from 1 to 1; reason: success ratio below threshold (connection struggling) (success_ratio = 1.000, threshold = 0.500)"},"filename":"D:\\a\\xet-core\\xet-core\\xet_client\\src\\cas_client\\adaptive_concurrency\\controller.rs","line_number":586}
{"timestamp":"2026-09-07T14:04:50.915231Z","level":"INFO","fields":{"message":"Concurrency control for download: Decreased concurrency from 1 to 1; reason: success ratio below threshold (connection struggling) (success_ratio = 1.000, threshold = 0.500)"},"filename":"D:\\a\\xet-core\\xet-core\\xet_client\\src\\cas_client\\adaptive_concurrency\\controller.rs","line_number":586}
{"timestamp":"2026-09-07T14:04:52.180913Z","level":"INFO","fields":{"message":"Concurrency control for download: Decreased concurrency from 1 to 1; reason: success ratio below threshold (connection struggling) (success_ratio = 1.000, threshold = 0.500)"},"filename":"D:\\a\\xet-core\\xet-core\\xet_client\\src\\cas_client\\adaptive_concurrency\\controller.rs","line_number":586}
{"timestamp":"2026-09-07T14:04:52.923265Z","level":"INFO","fields":{"message":"Concurrency control for download: Decreased concurrency from 1 to 1; reason: success ratio below threshold (connection struggling) (success_ratio = 1.000, threshold = 0.500)"},"filename":"D:\\a\\xet-core\\xet-core\\xet_client\\src\\cas_client\\adaptive_concurrency\\controller.rs","line_number":586}
{"timestamp":"2026-09-07T14:04:54.930573Z","level":"INFO","fields":{"message":"Concurrency control for download: Decreased concurrency from 1 to 1; reason: success ratio below threshold (connection struggling) (success_ratio = 1.000, threshold = 0.500)"},"filename":"D:\\a\\xet-core\\xet-core\\xet_client\\src\\cas_client\\adaptive_concurrency\\controller.rs","line_number":586}
{"timestamp":"2026-09-07T14:04:56.815432Z","level":"INFO","fields":{"message":"Concurrency control for download: Decreased concurrency from 1 to 1; reason: success ratio below threshold (connection struggling) (success_ratio = 1.000, threshold = 0.500)"},"filename":"D:\\a\\xet-core\\xet-core\\xet_client\\src\\cas_client\\adaptive_concurrency\\controller.rs","line_number":586}
{"timestamp":"2026-09-07T14:04:56.815475Z","level":"INFO","fields":{"message":"Concurrency control for download: Current concurrency = 1; predicted bandwidth = 1023788; success_ratio = 1.000; reference_size = 61.0MB; observed bytes sent so far = 949231758; completed transmissions = 42"},"filename":"D:\\a\\xet-core\\xet-core\\xet_client\\src\\cas_client\\adaptive_concurrency\\controller.rs","line_number":602}
{"timestamp":"2026-09-07T14:04:57.860575Z","level":"INFO","fields":{"message":"Concurrency control for download: Decreased concurrency from 1 to 1; reason: success ratio below threshold (connection struggling) (success_ratio = 1.000, threshold = 0.500)"},"filename":"D:\\a\\xet-core\\xet-core\\xet_client\\src\\cas_client\\adaptive_concurrency\\controller.rs","line_number":586}
{"timestamp":"2026-09-07T14:04:59.946853Z","level":"INFO","fields":{"message":"Concurrency control for download: Decreased concurrency from 1 to 1; reason: success ratio below threshold (connection struggling) (success_ratio = 1.000, threshold = 0.500)"},"filename":"D:\\a\\xet-core\\xet-core\\xet_client\\src\\cas_client\\adaptive_concurrency\\controller.rs","line_number":586}
{"timestamp":"2026-09-07T14:05:01.546061Z","level":"INFO","fields":{"message":"Concurrency control for download: Decreased concurrency from 1 to 1; reason: success ratio below threshold (connection struggling) (success_ratio = 1.000, threshold = 0.500)"},"filename":"D:\\a\\xet-core\\xet-core\\xet_client\\src\\cas_client\\adaptive_concurrency\\controller.rs","line_number":586}
{"timestamp":"2026-09-07T14:05:03.653507Z","level":"INFO","fields":{"message":"Concurrency control for download: Decreased concurrency from 1 to 1; reason: success ratio below threshold (connection struggling) (success_ratio = 1.000, threshold = 0.500)"},"filename":"D:\\a\\xet-core\\xet-core\\xet_client\\src\\cas_client\\adaptive_concurrency\\controller.rs","line_number":586}
{"timestamp":"2026-09-07T14:05:04.214011Z","level":"INFO","fields":{"message":"Concurrency control for download: Decreased concurrency from 1 to 1; reason: success ratio below threshold (connection struggling) (success_ratio = 1.000, threshold = 0.500)"},"filename":"D:\\a\\xet-core\\xet-core\\xet_client\\src\\cas_client\\adaptive_concurrency\\controller.rs","line_number":586}
{"timestamp":"2026-09-07T14:05:05.996613Z","level":"INFO","fields":{"message":"Concurrency control for download: Decreased concurrency from 1 to 1; reason: success ratio below threshold (connection struggling) (success_ratio = 1.000, threshold = 0.500)"},"filename":"D:\\a\\xet-core\\xet-core\\xet_client\\src\\cas_client\\adaptive_concurrency\\controller.rs","line_number":586}
{"timestamp":"2026-09-07T14:05:06.790333Z","level":"INFO","fields":{"message":"Concurrency control for download: Decreased concurrency from 1 to 1; reason: success ratio below threshold (connection struggling) (success_ratio = 1.000, threshold = 0.500)"},"filename":"D:\\a\\xet-core\\xet-core\\xet_client\\src\\cas_client\\adaptive_concurrency\\controller.rs","line_number":586}
{"timestamp":"2026-09-07T14:05:09.815316Z","level":"INFO","fields":{"message":"Concurrency control for download: Decreased concurrency from 1 to 1; reason: success ratio below threshold (connection struggling) (success_ratio = 1.000, threshold = 0.500)"},"filename":"D:\\a\\xet-core\\xet-core\\xet_client\\src\\cas_client\\adaptive_concurrency\\controller.rs","line_number":586}
{"timestamp":"2026-09-07T14:05:09.815333Z","level":"INFO","fields":{"message":"Concurrency control for download: Current concurrency = 1; predicted bandwidth = 1286131; success_ratio = 1.000; reference_size = 61.0MB; observed bytes sent so far = 949395598; completed transmissions = 42"},"filename":"D:\\a\\xet-core\\xet-core\\xet_client\\src\\cas_client\\adaptive_concurrency\\controller.rs","line_number":602}
{"timestamp":"2026-09-07T14:05:10.924658Z","level":"INFO","fields":{"message":"Concurrency control for download: Decreased concurrency from 1 to 1; reason: success ratio below threshold (connection struggling) (success_ratio = 1.000, threshold = 0.500)"},"filename":"D:\\a\\xet-core\\xet-core\\xet_client\\src\\cas_client\\adaptive_concurrency\\controller.rs","line_number":586}
{"timestamp":"2026-09-07T14:05:12.494680Z","level":"INFO","fields":{"message":"Concurrency control for download: Decreased concurrency from 1 to 1; reason: success ratio below threshold (connection struggling) (success_ratio = 1.000, threshold = 0.500)"},"filename":"D:\\a\\xet-core\\xet-core\\xet_client\\src\\cas_client\\adaptive_concurrency\\controller.rs","line_number":586}
{"timestamp":"2026-09-07T14:05:13.823441Z","level":"INFO","fields":{"message":"Concurrency control for download: Decreased concurrency from 1 to 1; reason: success ratio below threshold (connection struggling) (success_ratio = 1.000, threshold = 0.500)"},"filename":"D:\\a\\xet-core\\xet-core\\xet_client\\src\\cas_client\\adaptive_concurrency\\controller.rs","line_number":586}
{"timestamp":"2026-09-07T14:05:14.902854Z","level":"INFO","fields":{"message":"Concurrency control for download: Decreased concurrency from 1 to 1; reason: success ratio below threshold (connection struggling) (success_ratio = 1.000, threshold = 0.500)"},"filename":"D:\\a\\xet-core\\xet-core\\xet_client\\src\\cas_client\\adaptive_concurrency\\controller.rs","line_number":586}
{"timestamp":"2026-09-07T14:05:16.620594Z","level":"INFO","fields":{"message":"Concurrency control for download: Decreased concurrency from 1 to 1; reason: success ratio below threshold (connection struggling) (success_ratio = 1.000, threshold = 0.500)"},"filename":"D:\\a\\xet-core\\xet-core\\xet_client\\src\\cas_client\\adaptive_concurrency\\controller.rs","line_number":586}
{"timestamp":"2026-09-07T14:05:17.986027Z","level":"INFO","fields":{"message":"Concurrency control for download: Decreased concurrency from 1 to 1; reason: success ratio below threshold (connection struggling) (success_ratio = 1.000, threshold = 0.500)"},"filename":"D:\\a\\xet-core\\xet-core\\xet_client\\src\\cas_client\\adaptive_concurrency\\controller.rs","line_number":586}
{"timestamp":"2026-09-07T14:05:19.522994Z","level":"INFO","fields":{"message":"Concurrency control for download: Decreased concurrency from 1 to 1; reason: success ratio below threshold (connection struggling) (success_ratio = 1.000, threshold = 0.500)"},"filename":"D:\\a\\xet-core\\xet-core\\xet_client\\src\\cas_client\\adaptive_concurrency\\controller.rs","line_number":586}
{"timestamp":"2026-09-07T14:05:20.421207Z","level":"INFO","fields":{"message":"Concurrency control for download: Decreased concurrency from 1 to 1; reason: success ratio below threshold (connection struggling) (success_ratio = 1.000, threshold = 0.500)"},"filename":"D:\\a\\xet-core\\xet-core\\xet_client\\src\\cas_client\\adaptive_concurrency\\controller.rs","line_number":586}
{"timestamp":"2026-09-07T14:05:20.421252Z","level":"INFO","fields":{"message":"Concurrency control for download: Current concurrency = 1; predicted bandwidth = 1683176; success_ratio = 1.000; reference_size = 61.0MB; observed bytes sent so far = 949526670; completed transmissions = 42"},"filename":"D:\\a\\xet-core\\xet-core\\xet_client\\src\\cas_client\\adaptive_concurrency\\controller.rs","line_number":602}
{"timestamp":"2026-09-07T14:05:22.274196Z","level":"INFO","fields":{"message":"Concurrency control for download: Decreased concurrency from 1 to 1; reason: success ratio below threshold (connection struggling) (success_ratio = 1.000, threshold = 0.500)"},"filename":"D:\\a\\xet-core\\xet-core\\xet_client\\src\\cas_client\\adaptive_concurrency\\controller.rs","line_number":586}
{"timestamp":"2026-09-07T14:05:22.926062Z","level":"INFO","fields":{"message":"Concurrency control for download: Decreased concurrency from 1 to 1; reason: transfer failed (success_ratio = 1.000, threshold = 0.500)"},"filename":"D:\\a\\xet-core\\xet-core\\xet_client\\src\\cas_client\\adaptive_concurrency\\controller.rs","line_number":586}
{"timestamp":"2026-09-07T14:05:23.600375Z","level":"INFO","fields":{"message":"Concurrency control for download: Decreased concurrency from 1 to 1; reason: success ratio below threshold (connection struggling) (success_ratio = 1.000, threshold = 0.500)"},"filename":"D:\\a\\xet-core\\xet-core\\xet_client\\src\\cas_client\\adaptive_concurrency\\controller.rs","line_number":586}
{"timestamp":"2026-09-07T14:05:24.987058Z","level":"INFO","fields":{"message":"Concurrency control for download: Decreased concurrency from 1 to 1; reason: success ratio below threshold (connection struggling) (success_ratio = 1.000, threshold = 0.500)"},"filename":"D:\\a\\xet-core\\xet-core\\xet_client\\src\\cas_client\\adaptive_concurrency\\controller.rs","line_number":586}
{"timestamp":"2026-09-07T14:05:26.169025Z","level":"INFO","fields":{"message":"Concurrency control for download: Decreased concurrency from 1 to 1; reason: success ratio below threshold (connection struggling) (success_ratio = 1.000, threshold = 0.500)"},"filename":"D:\\a\\xet-core\\xet-core\\xet_client\\src\\cas_client\\adaptive_concurrency\\controller.rs","line_number":586}
{"timestamp":"2026-09-07T14:05:27.368860Z","level":"INFO","fields":{"message":"Concurrency control for download: Decreased concurrency from 1 to 1; reason: success ratio below threshold (connection struggling) (success_ratio = 1.000, threshold = 0.500)"},"filename":"D:\\a\\xet-core\\xet-core\\xet_client\\src\\cas_client\\adaptive_concurrency\\controller.rs","line_number":586}
{"timestamp":"2026-09-07T14:05:28.668885Z","level":"INFO","fields":{"message":"Concurrency control for download: Decreased concurrency from 1 to 1; reason: success ratio below threshold (connection struggling) (success_ratio = 1.000, threshold = 0.500)"},"filename":"D:\\a\\xet-core\\xet-core\\xet_client\\src\\cas_client\\adaptive_concurrency\\controller.rs","line_number":586}
{"timestamp":"2026-09-07T14:05:30.048724Z","level":"INFO","fields":{"message":"Concurrency control for download: Decreased concurrency from 1 to 1; reason: success ratio below threshold (connection struggling) (success_ratio = 1.000, threshold = 0.500)"},"filename":"D:\\a\\xet-core\\xet-core\\xet_client\\src\\cas_client\\adaptive_concurrency\\controller.rs","line_number":586}
{"timestamp":"2026-09-07T14:05:31.428205Z","level":"INFO","fields":{"message":"Concurrency control for download: Decreased concurrency from 1 to 1; reason: success ratio below threshold (connection struggling) (success_ratio = 1.000, threshold = 0.500)"},"filename":"D:\\a\\xet-core\\xet-core\\xet_client\\src\\cas_client\\adaptive_concurrency\\controller.rs","line_number":586}
{"timestamp":"2026-09-07T14:05:31.428245Z","level":"INFO","fields":{"message":"Concurrency control for download: Current concurrency = 1; predicted bandwidth = 2573850; success_ratio = 1.000; reference_size = 61.0MB; observed bytes sent so far = 949657742; completed transmissions = 43"},"filename":"D:\\a\\xet-core\\xet-core\\xet_client\\src\\cas_client\\adaptive_concurrency\\controller.rs","line_number":602}
{"timestamp":"2026-09-07T14:05:32.133762Z","level":"INFO","fields":{"message":"Concurrency control for download: Decreased concurrency from 1 to 1; reason: success ratio below threshold (connection struggling) (success_ratio = 1.000, threshold = 0.500)"},"filename":"D:\\a\\xet-core\\xet-core\\xet_client\\src\\cas_client\\adaptive_concurrency\\controller.rs","line_number":586}
{"timestamp":"2026-09-07T14:05:32.275170Z","level":"INFO","fields":{"message":"Received CAS response","request_id":"01M1Y30G2WQZXD5N2YBAKXJ91Z","status_code":206},"filename":"D:\\a\\xet-core\\xet-core\\xet_client\\src\\common\\http_client.rs","line_number":288}
{"timestamp":"2026-09-07T14:05:32.275205Z","level":"INFO","fields":{"message":"Request Success: s3::get_range api call succeeded (request id 01M1Y30G2WQZXD5N2YBAKXJ91Z, retry 2)."},"filename":"D:\\a\\xet-core\\xet-core\\xet_client\\src\\cas_client\\retry_wrapper.rs","line_number":237}
{"timestamp":"2026-09-07T14:05:33.157379Z","level":"INFO","fields":{"message":"Concurrency control for download: Decreased concurrency from 1 to 1; reason: success ratio below threshold (connection struggling) (success_ratio = 1.000, threshold = 0.500)"},"filename":"D:\\a\\xet-core\\xet-core\\xet_client\\src\\cas_client\\adaptive_concurrency\\controller.rs","line_number":586}
{"timestamp":"2026-09-07T14:05:34.461022Z","level":"INFO","fields":{"message":"Concurrency control for download: Decreased concurrency from 1 to 1; reason: success ratio below threshold (connection struggling) (success_ratio = 1.000, threshold = 0.500)"},"filename":"D:\\a\\xet-core\\xet-core\\xet_client\\src\\cas_client\\adaptive_concurrency\\controller.rs","line_number":586}
{"timestamp":"2026-09-07T14:05:35.639294Z","level":"INFO","fields":{"message":"Concurrency control for download: Decreased concurrency from 1 to 1; reason: success ratio below threshold (connection struggling) (success_ratio = 1.000, threshold = 0.500)"},"filename":"D:\\a\\xet-core\\xet-core\\xet_client\\src\\cas_client\\adaptive_concurrency\\controller.rs","line_number":586}
{"timestamp":"2026-09-07T14:05:36.437350Z","level":"INFO","fields":{"message":"Concurrency control for download: Decreased concurrency from 1 to 1; reason: success ratio below threshold (connection struggling) (success_ratio = 1.000, threshold = 0.500)"},"filename":"D:\\a\\xet-core\\xet-core\\xet_client\\src\\cas_client\\adaptive_concurrency\\controller.rs","line_number":586}
{"timestamp":"2026-09-07T14:05:37.153622Z","level":"INFO","fields":{"message":"Concurrency control for download: Decreased concurrency from 1 to 1; reason: success ratio below threshold (connection struggling) (success_ratio = 1.000, threshold = 0.500)"},"filename":"D:\\a\\xet-core\\xet-core\\xet_client\\src\\cas_client\\adaptive_concurrency\\controller.rs","line_number":586}
{"timestamp":"2026-09-07T14:05:38.578168Z","level":"INFO","fields":{"message":"Concurrency control for download: Decreased concurrency from 1 to 1; reason: success ratio below threshold (connection struggling) (success_ratio = 1.000, threshold = 0.500)"},"filename":"D:\\a\\xet-core\\xet-core\\xet_client\\src\\cas_client\\adaptive_concurrency\\controller.rs","line_number":586}
{"timestamp":"2026-09-07T14:05:39.470340Z","level":"INFO","fields":{"message":"Concurrency control for download: Decreased concurrency from 1 to 1; reason: success ratio below threshold (connection struggling) (success_ratio = 1.000, threshold = 0.500)"},"filename":"D:\\a\\xet-core\\xet-core\\xet_client\\src\\cas_client\\adaptive_concurrency\\controller.rs","line_number":586}
{"timestamp":"2026-09-07T14:05:40.415287Z","level":"INFO","fields":{"message":"Concurrency control for download: Decreased concurrency from 1 to 1; reason: success ratio below threshold (connection struggling) (success_ratio = 1.000, threshold = 0.500)"},"filename":"D:\\a\\xet-core\\xet-core\\xet_client\\src\\cas_client\\adaptive_concurrency\\controller.rs","line_number":586}
{"timestamp":"2026-09-07T14:05:41.243095Z","level":"INFO","fields":{"message":"Concurrency control for download: Decreased concurrency from 1 to 1; reason: success ratio below threshold (connection struggling) (success_ratio = 1.000, threshold = 0.500)"},"filename":"D:\\a\\xet-core\\xet-core\\xet_client\\src\\cas_client\\adaptive_concurrency\\controller.rs","line_number":586}
{"timestamp":"2026-09-07T14:05:41.588534Z","level":"INFO","fields":{"message":"Concurrency control for download: Current concurrency = 1; predicted bandwidth = 10485760000000; success_ratio = 1.000; reference_size = 61.0MB; observed bytes sent so far = 949952654; completed transmissions = 43"},"filename":"D:\\a\\xet-core\\xet-core\\xet_client\\src\\cas_client\\adaptive_concurrency\\controller.rs","line_number":602}
{"timestamp":"2026-09-07T14:05:42.008686Z","level":"INFO","fields":{"message":"Concurrency control for download: Decreased concurrency from 1 to 1; reason: success ratio below threshold (connection struggling) (success_ratio = 1.000, threshold = 0.500)"},"filename":"D:\\a\\xet-core\\xet-core\\xet_client\\src\\cas_client\\adaptive_concurrency\\controller.rs","line_number":586}
{"timestamp":"2026-09-07T14:05:43.067894Z","level":"INFO","fields":{"message":"Concurrency control for download: Decreased concurrency from 1 to 1; reason: success ratio below threshold (connection struggling) (success_ratio = 1.000, threshold = 0.500)"},"filename":"D:\\a\\xet-core\\xet-core\\xet_client\\src\\cas_client\\adaptive_concurrency\\controller.rs","line_number":586}
{"timestamp":"2026-09-07T14:05:43.890976Z","level":"INFO","fields":{"message":"Concurrency control for download: Decreased concurrency from 1 to 1; reason: success ratio below threshold (connection struggling) (success_ratio = 1.000, threshold = 0.500)"},"filename":"D:\\a\\xet-core\\xet-core\\xet_client\\src\\cas_client\\adaptive_concurrency\\controller.rs","line_number":586}
{"timestamp":"2026-09-07T14:05:44.421197Z","level":"INFO","fields":{"message":"Concurrency control for download: Decreased concurrency from 1 to 1; reason: success ratio below threshold (connection struggling) (success_ratio = 1.000, threshold = 0.500)"},"filename":"D:\\a\\xet-core\\xet-core\\xet_client\\src\\cas_client\\adaptive_concurrency\\controller.rs","line_number":586}
{"timestamp":"2026-09-07T14:05:45.094098Z","level":"INFO","fields":{"message":"Concurrency control for download: Decreased concurrency from 1 to 1; reason: success ratio below threshold (connection struggling) (success_ratio = 1.000, threshold = 0.500)"},"filename":"D:\\a\\xet-core\\xet-core\\xet_client\\src\\cas_client\\adaptive_concurrency\\controller.rs","line_number":586}
{"timestamp":"2026-09-07T14:05:45.664708Z","level":"INFO","fields":{"message":"Concurrency control for download: Decreased concurrency from 1 to 1; reason: success ratio below threshold (connection struggling) (success_ratio = 1.000, threshold = 0.500)"},"filename":"D:\\a\\xet-core\\xet-core\\xet_client\\src\\cas_client\\adaptive_concurrency\\controller.rs","line_number":586}
{"timestamp":"2026-09-07T14:05:46.303041Z","level":"INFO","fields":{"message":"Concurrency control for download: Decreased concurrency from 1 to 1; reason: success ratio below threshold (connection struggling) (success_ratio = 1.000, threshold = 0.500)"},"filename":"D:\\a\\xet-core\\xet-core\\xet_client\\src\\cas_client\\adaptive_concurrency\\controller.rs","line_number":586}
{"timestamp":"2026-09-07T14:05:46.803822Z","level":"INFO","fields":{"message":"Concurrency control for download: Decreased concurrency from 1 to 1; reason: success ratio below threshold (connection struggling) (success_ratio = 1.000, threshold = 0.500)"},"filename":"D:\\a\\xet-core\\xet-core\\xet_client\\src\\cas_client\\adaptive_concurrency\\controller.rs","line_number":586}
{"timestamp":"2026-09-07T14:05:47.371863Z","level":"INFO","fields":{"message":"Concurrency control for download: Decreased concurrency from 1 to 1; reason: success ratio below threshold (connection struggling) (success_ratio = 1.000, threshold = 0.500)"},"filename":"D:\\a\\xet-core\\xet-core\\xet_client\\src\\cas_client\\adaptive_concurrency\\controller.rs","line_number":586}
{"timestamp":"2026-09-07T14:05:47.969429Z","level":"INFO","fields":{"message":"Concurrency control for download: Decreased concurrency from 1 to 1; reason: success ratio below threshold (connection struggling) (success_ratio = 1.000, threshold = 0.500)"},"filename":"D:\\a\\xet-core\\xet-core\\xet_client\\src\\cas_client\\adaptive_concurrency\\controller.rs","line_number":586}
{"timestamp":"2026-09-07T14:05:48.474187Z","level":"INFO","fields":{"message":"Concurrency control for download: Decreased concurrency from 1 to 1; reason: success ratio below threshold (connection struggling) (success_ratio = 1.000, threshold = 0.500)"},"filename":"D:\\a\\xet-core\\xet-core\\xet_client\\src\\cas_client\\adaptive_concurrency\\controller.rs","line_number":586}
{"timestamp":"2026-09-07T14:05:49.487024Z","level":"INFO","fields":{"message":"Concurrency control for download: Decreased concurrency from 1 to 1; reason: success ratio below threshold (connection struggling) (success_ratio = 1.000, threshold = 0.500)"},"filename":"D:\\a\\xet-core\\xet-core\\xet_client\\src\\cas_client\\adaptive_concurrency\\controller.rs","line_number":586}
{"timestamp":"2026-09-07T14:05:50.172973Z","level":"INFO","fields":{"message":"Concurrency control for download: Decreased concurrency from 1 to 1; reason: success ratio below threshold (connection struggling) (success_ratio = 1.000, threshold = 0.500)"},"filename":"D:\\a\\xet-core\\xet-core\\xet_client\\src\\cas_client\\adaptive_concurrency\\controller.rs","line_number":586}
{"timestamp":"2026-09-07T14:11:12.545982Z","level":"INFO","fields":{"message":"Concurrency control for download: Decreased concurrency from 1 to 1; reason: success ratio below threshold (connection struggling) (success_ratio = 1.000, threshold = 0.500)"},"filename":"D:\\a\\xet-core\\xet-core\\xet_client\\src\\cas_client\\adaptive_concurrency\\controller.rs","line_number":586}
{"timestamp":"2026-09-07T14:11:12.546042Z","level":"INFO","fields":{"message":"Concurrency control for download: Current concurrency = 1; predicted bandwidth = 10485760000000; success_ratio = 1.000; reference_size = 61.0MB; observed bytes sent so far = 950934434; completed transmissions = 44"},"filename":"D:\\a\\xet-core\\xet-core\\xet_client\\src\\cas_client\\adaptive_concurrency\\controller.rs","line_number":602}
{"timestamp":"2026-09-07T14:11:13.591387Z","level":"INFO","fields":{"message":"Concurrency control for download: Decreased concurrency from 1 to 1; reason: success ratio below threshold (connection struggling) (success_ratio = 1.000, threshold = 0.500)"},"filename":"D:\\a\\xet-core\\xet-core\\xet_client\\src\\cas_client\\adaptive_concurrency\\controller.rs","line_number":586}
{"timestamp":"2026-09-07T14:11:14.362415Z","level":"INFO","fields":{"message":"Concurrency control for download: Decreased concurrency from 1 to 1; reason: success ratio below threshold (connection struggling) (success_ratio = 1.000, threshold = 0.500)"},"filename":"D:\\a\\xet-core\\xet-core\\xet_client\\src\\cas_client\\adaptive_concurrency\\controller.rs","line_number":586}
{"timestamp":"2026-09-07T14:11:15.899695Z","level":"INFO","fields":{"message":"Concurrency control for download: Decreased concurrency from 1 to 1; reason: success ratio below threshold (connection struggling) (success_ratio = 1.000, threshold = 0.500)"},"filename":"D:\\a\\xet-core\\xet-core\\xet_client\\src\\cas_client\\adaptive_concurrency\\controller.rs","line_number":586}
{"timestamp":"2026-09-07T14:11:17.009460Z","level":"INFO","fields":{"message":"Concurrency control for download: Decreased concurrency from 1 to 1; reason: success ratio below threshold (connection struggling) (success_ratio = 1.000, threshold = 0.500)"},"filename":"D:\\a\\xet-core\\xet-core\\xet_client\\src\\cas_client\\adaptive_concurrency\\controller.rs","line_number":586}
{"timestamp":"2026-09-07T14:11:17.902403Z","level":"INFO","fields":{"message":"Concurrency control for download: Decreased concurrency from 1 to 1; reason: success ratio below threshold (connection struggling) (success_ratio = 1.000, threshold = 0.500)"},"filename":"D:\\a\\xet-core\\xet-core\\xet_client\\src\\cas_client\\adaptive_concurrency\\controller.rs","line_number":586}
{"timestamp":"2026-09-07T14:11:18.617447Z","level":"INFO","fields":{"message":"Concurrency control for download: Decreased concurrency from 1 to 1; reason: success ratio below threshold (connection struggling) (success_ratio = 1.000, threshold = 0.500)"},"filename":"D:\\a\\xet-core\\xet-core\\xet_client\\src\\cas_client\\adaptive_concurrency\\controller.rs","line_number":586}
{"timestamp":"2026-09-07T14:11:20.020745Z","level":"INFO","fields":{"message":"Concurrency control for download: Decreased concurrency from 1 to 1; reason: success ratio below threshold (connection struggling) (success_ratio = 1.000, threshold = 0.500)"},"filename":"D:\\a\\xet-core\\xet-core\\xet_client\\src\\cas_client\\adaptive_concurrency\\controller.rs","line_number":586}
{"timestamp":"2026-09-07T14:11:20.710592Z","level":"INFO","fields":{"message":"Concurrency control for download: Decreased concurrency from 1 to 1; reason: success ratio below threshold (connection struggling) (success_ratio = 1.000, threshold = 0.500)"},"filename":"D:\\a\\xet-core\\xet-core\\xet_client\\src\\cas_client\\adaptive_concurrency\\controller.rs","line_number":586}
{"timestamp":"2026-09-07T14:11:21.887685Z","level":"INFO","fields":{"message":"Concurrency control for download: Decreased concurrency from 1 to 1; reason: success ratio below threshold (connection struggling) (success_ratio = 1.000, threshold = 0.500)"},"filename":"D:\\a\\xet-core\\xet-core\\xet_client\\src\\cas_client\\adaptive_concurrency\\controller.rs","line_number":586}
{"timestamp":"2026-09-07T14:11:22.726525Z","level":"INFO","fields":{"message":"Concurrency control for download: Decreased concurrency from 1 to 1; reason: success ratio below threshold (connection struggling) (success_ratio = 1.000, threshold = 0.500)"},"filename":"D:\\a\\xet-core\\xet-core\\xet_client\\src\\cas_client\\adaptive_concurrency\\controller.rs","line_number":586}
{"timestamp":"2026-09-07T14:11:22.726557Z","level":"INFO","fields":{"message":"Concurrency control for download: Current concurrency = 1; predicted bandwidth = 10485760000000; success_ratio = 1.000; reference_size = 61.0MB; observed bytes sent so far = 952982434; completed transmissions = 44"},"filename":"D:\\a\\xet-core\\xet-core\\xet_client\\src\\cas_client\\adaptive_concurrency\\controller.rs","line_number":602}
{"timestamp":"2026-09-07T14:11:27.945026Z","level":"INFO","fields":{"message":"Received CAS response","request_id":"01M1Y3BB9RNWQCPV2EP9H47ZBZ","status_code":206},"filename":"D:\\a\\xet-core\\xet-core\\xet_client\\src\\common\\http_client.rs","line_number":288}
{"timestamp":"2026-09-07T14:11:27.945091Z","level":"INFO","fields":{"message":"Request Success: s3::get_range api call succeeded (request id 01M1Y3BB9RNWQCPV2EP9H47ZBZ, retry 3)."},"filename":"D:\\a\\xet-core\\xet-core\\xet_client\\src\\cas_client\\retry_wrapper.rs","line_number":237}
{"timestamp":"2026-09-07T14:11:44.883533Z","level":"INFO","fields":{"message":"Concurrency control for download: Decreased concurrency from 1 to 1; reason: transfer failed (success_ratio = 1.000, threshold = 0.500)"},"filename":"D:\\a\\xet-core\\xet-core\\xet_client\\src\\cas_client\\adaptive_concurrency\\controller.rs","line_number":586}
{"timestamp":"2026-09-07T14:11:44.883564Z","level":"INFO","fields":{"message":"Concurrency control for download: Current concurrency = 1; predicted bandwidth = 10485760000000; success_ratio = 1.000; reference_size = 61.0MB; observed bytes sent so far = 952982434; completed transmissions = 46"},"filename":"D:\\a\\xet-core\\xet-core\\xet_client\\src\\cas_client\\adaptive_concurrency\\controller.rs","line_number":602}
{"timestamp":"2026-09-07T14:11:49.668374Z","level":"INFO","fields":{"message":"Concurrency control for download: Decreased concurrency from 1 to 1; reason: transfer failed (success_ratio = 1.000, threshold = 0.500)"},"filename":"D:\\a\\xet-core\\xet-core\\xet_client\\src\\cas_client\\adaptive_concurrency\\controller.rs","line_number":586}
{"timestamp":"2026-09-07T14:11:51.912642Z","level":"INFO","fields":{"message":"Concurrency control for download: Decreased concurrency from 1 to 1; reason: transfer failed (success_ratio = 1.000, threshold = 0.500)"},"filename":"D:\\a\\xet-core\\xet-core\\xet_client\\src\\cas_client\\adaptive_concurrency\\controller.rs","line_number":586}
{"timestamp":"2026-09-07T14:11:57.423008Z","level":"INFO","fields":{"message":"Received CAS response","request_id":"01M1Y3C7MN8Q0VSE67AHEFTMKF","status_code":206},"filename":"D:\\a\\xet-core\\xet-core\\xet_client\\src\\common\\http_client.rs","line_number":288}
{"timestamp":"2026-09-07T14:11:57.423047Z","level":"INFO","fields":{"message":"Request Success: s3::get_range api call succeeded (request id 01M1Y3C7MN8Q0VSE67AHEFTMKF, retry 3)."},"filename":"D:\\a\\xet-core\\xet-core\\xet_client\\src\\cas_client\\retry_wrapper.rs","line_number":237}
{"timestamp":"2026-09-07T14:12:00.442281Z","level":"INFO","fields":{"message":"Received CAS response","request_id":"01M1Y3CB3MZNW5F3A7NJC76SZ0","status_code":206},"filename":"D:\\a\\xet-core\\xet-core\\xet_client\\src\\common\\http_client.rs","line_number":288}
{"timestamp":"2026-09-07T14:12:00.442297Z","level":"INFO","fields":{"message":"Request Success: s3::get_range api call succeeded (request id 01M1Y3CB3MZNW5F3A7NJC76SZ0, retry 3)."},"filename":"D:\\a\\xet-core\\xet-core\\xet_client\\src\\cas_client\\retry_wrapper.rs","line_number":237}
{"timestamp":"2026-09-07T14:12:02.436766Z","level":"INFO","fields":{"message":"Received CAS response","request_id":"01M1Y3CCS3YRE8EBCWM3H1RHNM","status_code":206},"filename":"D:\\a\\xet-core\\xet-core\\xet_client\\src\\common\\http_client.rs","line_number":288}
{"timestamp":"2026-09-07T14:12:02.436817Z","level":"INFO","fields":{"message":"Request Success: s3::get_range api call succeeded (request id 01M1Y3CCS3YRE8EBCWM3H1RHNM, retry 3)."},"filename":"D:\\a\\xet-core\\xet-core\\xet_client\\src\\cas_client\\retry_wrapper.rs","line_number":237}
{"timestamp":"2026-09-07T14:12:50.445275Z","level":"INFO","fields":{"message":"Session SIGINT abort, session_id=01a07c0a-dfb3-7262-8d30-f87b2779182b"},"filename":"D:\\a\\xet-core\\xet-core\\xet_pkg\\src\\xet_session\\session.rs","line_number":351}
