{"timestamp":"2026-09-03T18:26:31.787631Z","level":"INFO","fields":{"message":"python/3.14.4; huggingface_hub/1.28.0; hf_xet/1.6.0; , xet-core revision de71453-modified"},"filename":"D:\\a\\xet-core\\xet-core\\xet_runtime\\src\\logging\\init.rs","line_number":71}
{"timestamp":"2026-09-03T18:26:31.787689Z","level":"INFO","fields":{"message":"hf_xet logging configured."},"filename":"src\\logging.rs","line_number":36}
{"timestamp":"2026-09-03T18:26:31.787741Z","level":"INFO","fields":{"message":"Config: min_spacing_between_global_dedup_queries = 256 (default)"},"filename":"D:\\a\\xet-core\\xet-core\\xet_runtime\\src\\utils\\configuration_utils.rs","line_number":54}
{"timestamp":"2026-09-03T18:26:31.787744Z","level":"INFO","fields":{"message":"Config: local_cas_scheme = \"local://\" (default)"},"filename":"D:\\a\\xet-core\\xet-core\\xet_runtime\\src\\utils\\configuration_utils.rs","line_number":54}
{"timestamp":"2026-09-03T18:26:31.787749Z","level":"INFO","fields":{"message":"Config: max_concurrent_file_ingestion = 8 (default)"},"filename":"D:\\a\\xet-core\\xet-core\\xet_runtime\\src\\utils\\configuration_utils.rs","line_number":54}
{"timestamp":"2026-09-03T18:26:31.787751Z","level":"INFO","fields":{"message":"Config: max_concurrent_file_downloads = 8 (default)"},"filename":"D:\\a\\xet-core\\xet-core\\xet_runtime\\src\\utils\\configuration_utils.rs","line_number":54}
{"timestamp":"2026-09-03T18:26:31.787753Z","level":"INFO","fields":{"message":"Config: ingestion_block_size = 8MB (default)"},"filename":"D:\\a\\xet-core\\xet-core\\xet_runtime\\src\\utils\\configuration_utils.rs","line_number":54}
{"timestamp":"2026-09-03T18:26:31.787758Z","level":"INFO","fields":{"message":"Config: progress_update_interval = 200ms (default)"},"filename":"D:\\a\\xet-core\\xet-core\\xet_runtime\\src\\utils\\configuration_utils.rs","line_number":54}
{"timestamp":"2026-09-03T18:26:31.787762Z","level":"INFO","fields":{"message":"Config: progress_update_speed_sampling_window = 10s (default)"},"filename":"D:\\a\\xet-core\\xet-core\\xet_runtime\\src\\utils\\configuration_utils.rs","line_number":54}
{"timestamp":"2026-09-03T18:26:31.787764Z","level":"INFO","fields":{"message":"Config: progress_update_speed_min_observations = 4 (default)"},"filename":"D:\\a\\xet-core\\xet-core\\xet_runtime\\src\\utils\\configuration_utils.rs","line_number":54}
{"timestamp":"2026-09-03T18:26:31.787766Z","level":"INFO","fields":{"message":"Config: session_xorb_metadata_flush_interval = 20s (default)"},"filename":"D:\\a\\xet-core\\xet-core\\xet_runtime\\src\\utils\\configuration_utils.rs","line_number":54}
{"timestamp":"2026-09-03T18:26:31.787768Z","level":"INFO","fields":{"message":"Config: session_xorb_metadata_flush_max_count = 64 (default)"},"filename":"D:\\a\\xet-core\\xet-core\\xet_runtime\\src\\utils\\configuration_utils.rs","line_number":54}
{"timestamp":"2026-09-03T18:26:31.787770Z","level":"INFO","fields":{"message":"Config: default_cas_endpoint = \"http://localhost:8080\" (default)"},"filename":"D:\\a\\xet-core\\xet-core\\xet_runtime\\src\\utils\\configuration_utils.rs","line_number":54}
{"timestamp":"2026-09-03T18:26:31.787772Z","level":"INFO","fields":{"message":"Config: aggregate_progress = true (default)"},"filename":"D:\\a\\xet-core\\xet-core\\xet_runtime\\src\\utils\\configuration_utils.rs","line_number":54}
{"timestamp":"2026-09-03T18:26:31.787773Z","level":"INFO","fields":{"message":"Config: default_prefix = \"default\" (default)"},"filename":"D:\\a\\xet-core\\xet-core\\xet_runtime\\src\\utils\\configuration_utils.rs","line_number":54}
{"timestamp":"2026-09-03T18:26:31.787775Z","level":"INFO","fields":{"message":"Config: staging_subdir = \"staging\" (default)"},"filename":"D:\\a\\xet-core\\xet-core\\xet_runtime\\src\\utils\\configuration_utils.rs","line_number":54}
{"timestamp":"2026-09-03T18:26:31.787777Z","level":"INFO","fields":{"message":"Config: target_size = 67108864 (default)"},"filename":"D:\\a\\xet-core\\xet-core\\xet_runtime\\src\\utils\\configuration_utils.rs","line_number":54}
{"timestamp":"2026-09-03T18:26:31.787779Z","level":"INFO","fields":{"message":"Config: max_target_size = 67108864 (default)"},"filename":"D:\\a\\xet-core\\xet-core\\xet_runtime\\src\\utils\\configuration_utils.rs","line_number":54}
{"timestamp":"2026-09-03T18:26:31.787781Z","level":"INFO","fields":{"message":"Config: cache_size_limit = 16GB (default)"},"filename":"D:\\a\\xet-core\\xet-core\\xet_runtime\\src\\utils\\configuration_utils.rs","line_number":54}
{"timestamp":"2026-09-03T18:26:31.787784Z","level":"INFO","fields":{"message":"Config: chunk_index_table_max_size = 67108864 (default)"},"filename":"D:\\a\\xet-core\\xet-core\\xet_runtime\\src\\utils\\configuration_utils.rs","line_number":54}
{"timestamp":"2026-09-03T18:26:31.787785Z","level":"INFO","fields":{"message":"Config: cache_subdir = \"shard-cache\" (default)"},"filename":"D:\\a\\xet-core\\xet-core\\xet_runtime\\src\\utils\\configuration_utils.rs","line_number":54}
{"timestamp":"2026-09-03T18:26:31.787787Z","level":"INFO","fields":{"message":"Config: nranges_in_streaming_fragmentation_estimator = 128 (default)"},"filename":"D:\\a\\xet-core\\xet-core\\xet_runtime\\src\\utils\\configuration_utils.rs","line_number":54}
{"timestamp":"2026-09-03T18:26:31.787789Z","level":"INFO","fields":{"message":"Config: min_n_chunks_per_range_hysteresis_factor = 0.5 (default)"},"filename":"D:\\a\\xet-core\\xet-core\\xet_runtime\\src\\utils\\configuration_utils.rs","line_number":54}
{"timestamp":"2026-09-03T18:26:31.787796Z","level":"INFO","fields":{"message":"Config: min_n_chunks_per_range = 8.0 (default)"},"filename":"D:\\a\\xet-core\\xet-core\\xet_runtime\\src\\utils\\configuration_utils.rs","line_number":54}
{"timestamp":"2026-09-03T18:26:31.787798Z","level":"INFO","fields":{"message":"Config: global_dedup_query_enabled = true (default)"},"filename":"D:\\a\\xet-core\\xet-core\\xet_runtime\\src\\utils\\configuration_utils.rs","line_number":54}
{"timestamp":"2026-09-03T18:26:31.787800Z","level":"INFO","fields":{"message":"Config: size_bytes = 0 (default)"},"filename":"D:\\a\\xet-core\\xet-core\\xet_runtime\\src\\utils\\configuration_utils.rs","line_number":54}
{"timestamp":"2026-09-03T18:26:31.787802Z","level":"INFO","fields":{"message":"Config: retry_max_attempts = 5 (default)"},"filename":"D:\\a\\xet-core\\xet-core\\xet_runtime\\src\\utils\\configuration_utils.rs","line_number":54}
{"timestamp":"2026-09-03T18:26:31.787804Z","level":"INFO","fields":{"message":"Config: retry_base_delay = 3s (default)"},"filename":"D:\\a\\xet-core\\xet-core\\xet_runtime\\src\\utils\\configuration_utils.rs","line_number":54}
{"timestamp":"2026-09-03T18:26:31.787805Z","level":"INFO","fields":{"message":"Config: retry_max_duration = 360s (default)"},"filename":"D:\\a\\xet-core\\xet-core\\xet_runtime\\src\\utils\\configuration_utils.rs","line_number":54}
{"timestamp":"2026-09-03T18:26:31.787807Z","level":"INFO","fields":{"message":"Config: idle_connection_timeout = 60s (default)"},"filename":"D:\\a\\xet-core\\xet-core\\xet_runtime\\src\\utils\\configuration_utils.rs","line_number":54}
{"timestamp":"2026-09-03T18:26:31.787809Z","level":"INFO","fields":{"message":"Config: max_idle_connections = 16 (default)"},"filename":"D:\\a\\xet-core\\xet-core\\xet_runtime\\src\\utils\\configuration_utils.rs","line_number":54}
{"timestamp":"2026-09-03T18:26:31.787810Z","level":"INFO","fields":{"message":"Config: connect_timeout = 60s (default)"},"filename":"D:\\a\\xet-core\\xet-core\\xet_runtime\\src\\utils\\configuration_utils.rs","line_number":54}
{"timestamp":"2026-09-03T18:26:31.787812Z","level":"INFO","fields":{"message":"Config: read_timeout = 300s (default)"},"filename":"D:\\a\\xet-core\\xet-core\\xet_runtime\\src\\utils\\configuration_utils.rs","line_number":54}
{"timestamp":"2026-09-03T18:26:31.787814Z","level":"INFO","fields":{"message":"Config: upload_reporting_block_size = 524288 (default)"},"filename":"D:\\a\\xet-core\\xet-core\\xet_runtime\\src\\utils\\configuration_utils.rs","line_number":54}
{"timestamp":"2026-09-03T18:26:31.787815Z","level":"INFO","fields":{"message":"Config: enable_adaptive_concurrency = true (default)"},"filename":"D:\\a\\xet-core\\xet-core\\xet_runtime\\src\\utils\\configuration_utils.rs","line_number":54}
{"timestamp":"2026-09-03T18:26:31.787817Z","level":"INFO","fields":{"message":"Config: ac_min_adjustment_window_ms = 500 (default)"},"filename":"D:\\a\\xet-core\\xet-core\\xet_runtime\\src\\utils\\configuration_utils.rs","line_number":54}
{"timestamp":"2026-09-03T18:26:31.787819Z","level":"INFO","fields":{"message":"Config: ac_min_bytes_required_for_adjustment = 20MB (default)"},"filename":"D:\\a\\xet-core\\xet-core\\xet_runtime\\src\\utils\\configuration_utils.rs","line_number":54}
{"timestamp":"2026-09-03T18:26:31.787820Z","level":"INFO","fields":{"message":"Config: ac_num_transmissions_required_for_adjustment = 1 (default)"},"filename":"D:\\a\\xet-core\\xet-core\\xet_runtime\\src\\utils\\configuration_utils.rs","line_number":54}
{"timestamp":"2026-09-03T18:26:31.787822Z","level":"INFO","fields":{"message":"Config: ac_latency_rtt_half_life = 64.0 (default)"},"filename":"D:\\a\\xet-core\\xet-core\\xet_runtime\\src\\utils\\configuration_utils.rs","line_number":54}
{"timestamp":"2026-09-03T18:26:31.787824Z","level":"INFO","fields":{"message":"Config: ac_success_tracking_half_life = 8.0 (default)"},"filename":"D:\\a\\xet-core\\xet-core\\xet_runtime\\src\\utils\\configuration_utils.rs","line_number":54}
{"timestamp":"2026-09-03T18:26:31.787826Z","level":"INFO","fields":{"message":"Config: ac_target_rtt = 60s (default)"},"filename":"D:\\a\\xet-core\\xet-core\\xet_runtime\\src\\utils\\configuration_utils.rs","line_number":54}
{"timestamp":"2026-09-03T18:26:31.787827Z","level":"INFO","fields":{"message":"Config: ac_max_healthy_rtt = 90s (default)"},"filename":"D:\\a\\xet-core\\xet-core\\xet_runtime\\src\\utils\\configuration_utils.rs","line_number":54}
{"timestamp":"2026-09-03T18:26:31.787829Z","level":"INFO","fields":{"message":"Config: ac_rtt_success_max_quantile = 0.95 (default)"},"filename":"D:\\a\\xet-core\\xet-core\\xet_runtime\\src\\utils\\configuration_utils.rs","line_number":54}
{"timestamp":"2026-09-03T18:26:31.787831Z","level":"INFO","fields":{"message":"Config: ac_healthy_success_ratio_threshold = 0.8 (default)"},"filename":"D:\\a\\xet-core\\xet-core\\xet_runtime\\src\\utils\\configuration_utils.rs","line_number":54}
{"timestamp":"2026-09-03T18:26:31.787833Z","level":"INFO","fields":{"message":"Config: ac_unhealthy_success_ratio_threshold = 0.5 (default)"},"filename":"D:\\a\\xet-core\\xet-core\\xet_runtime\\src\\utils\\configuration_utils.rs","line_number":54}
{"timestamp":"2026-09-03T18:26:31.787835Z","level":"INFO","fields":{"message":"Config: ac_max_reference_transmission_size = 64MB (default)"},"filename":"D:\\a\\xet-core\\xet-core\\xet_runtime\\src\\utils\\configuration_utils.rs","line_number":54}
{"timestamp":"2026-09-03T18:26:31.787836Z","level":"INFO","fields":{"message":"Config: ac_min_reference_transmission_size = 1MB (default)"},"filename":"D:\\a\\xet-core\\xet-core\\xet_runtime\\src\\utils\\configuration_utils.rs","line_number":54}
{"timestamp":"2026-09-03T18:26:31.787842Z","level":"INFO","fields":{"message":"Config: ac_logging_interval_ms = 10000 (default)"},"filename":"D:\\a\\xet-core\\xet-core\\xet_runtime\\src\\utils\\configuration_utils.rs","line_number":54}
{"timestamp":"2026-09-03T18:26:31.787846Z","level":"INFO","fields":{"message":"Config: ac_max_upload_concurrency = 64 (default)"},"filename":"D:\\a\\xet-core\\xet-core\\xet_runtime\\src\\utils\\configuration_utils.rs","line_number":54}
{"timestamp":"2026-09-03T18:26:31.787848Z","level":"INFO","fields":{"message":"Config: ac_min_upload_concurrency = 1 (default)"},"filename":"D:\\a\\xet-core\\xet-core\\xet_runtime\\src\\utils\\configuration_utils.rs","line_number":54}
{"timestamp":"2026-09-03T18:26:31.787850Z","level":"INFO","fields":{"message":"Config: ac_initial_upload_concurrency = 2 (default)"},"filename":"D:\\a\\xet-core\\xet-core\\xet_runtime\\src\\utils\\configuration_utils.rs","line_number":54}
{"timestamp":"2026-09-03T18:26:31.787852Z","level":"INFO","fields":{"message":"Config: ac_max_download_concurrency = 64 (default)"},"filename":"D:\\a\\xet-core\\xet-core\\xet_runtime\\src\\utils\\configuration_utils.rs","line_number":54}
{"timestamp":"2026-09-03T18:26:31.787854Z","level":"INFO","fields":{"message":"Config: ac_min_download_concurrency = 1 (default)"},"filename":"D:\\a\\xet-core\\xet-core\\xet_runtime\\src\\utils\\configuration_utils.rs","line_number":54}
{"timestamp":"2026-09-03T18:26:31.787856Z","level":"INFO","fields":{"message":"Config: ac_initial_download_concurrency = 4 (default)"},"filename":"D:\\a\\xet-core\\xet-core\\xet_runtime\\src\\utils\\configuration_utils.rs","line_number":54}
{"timestamp":"2026-09-03T18:26:31.787858Z","level":"INFO","fields":{"message":"Config: unix_socket_path = None (default)"},"filename":"D:\\a\\xet-core\\xet-core\\xet_runtime\\src\\utils\\configuration_utils.rs","line_number":54}
{"timestamp":"2026-09-03T18:26:31.787859Z","level":"INFO","fields":{"message":"Config: reconstruction_api_version = None (default)"},"filename":"D:\\a\\xet-core\\xet-core\\xet_runtime\\src\\utils\\configuration_utils.rs","line_number":54}
{"timestamp":"2026-09-03T18:26:31.787861Z","level":"INFO","fields":{"message":"Config: shard_api_version = None (default)"},"filename":"D:\\a\\xet-core\\xet-core\\xet_runtime\\src\\utils\\configuration_utils.rs","line_number":54}
{"timestamp":"2026-09-03T18:26:31.787863Z","level":"INFO","fields":{"message":"Config: enable_multirange_fetching = false (default)"},"filename":"D:\\a\\xet-core\\xet-core\\xet_runtime\\src\\utils\\configuration_utils.rs","line_number":54}
{"timestamp":"2026-09-03T18:26:31.787864Z","level":"INFO","fields":{"message":"Config: dest = None (default)"},"filename":"D:\\a\\xet-core\\xet-core\\xet_runtime\\src\\utils\\configuration_utils.rs","line_number":54}
{"timestamp":"2026-09-03T18:26:31.787866Z","level":"INFO","fields":{"message":"Config: format = None (default)"},"filename":"D:\\a\\xet-core\\xet-core\\xet_runtime\\src\\utils\\configuration_utils.rs","line_number":54}
{"timestamp":"2026-09-03T18:26:31.787867Z","level":"INFO","fields":{"message":"Config: prefix = \"xet\" (default)"},"filename":"D:\\a\\xet-core\\xet-core\\xet_runtime\\src\\utils\\configuration_utils.rs","line_number":54}
{"timestamp":"2026-09-03T18:26:31.787869Z","level":"INFO","fields":{"message":"Config: dir_disable_cleanup = false (default)"},"filename":"D:\\a\\xet-core\\xet-core\\xet_runtime\\src\\utils\\configuration_utils.rs","line_number":54}
{"timestamp":"2026-09-03T18:26:31.787871Z","level":"INFO","fields":{"message":"Config: dir_max_size = 250MB (default)"},"filename":"D:\\a\\xet-core\\xet-core\\xet_runtime\\src\\utils\\configuration_utils.rs","line_number":54}
{"timestamp":"2026-09-03T18:26:31.787872Z","level":"INFO","fields":{"message":"Config: dir_min_deletion_age = 86400s (default)"},"filename":"D:\\a\\xet-core\\xet-core\\xet_runtime\\src\\utils\\configuration_utils.rs","line_number":54}
{"timestamp":"2026-09-03T18:26:31.787874Z","level":"INFO","fields":{"message":"Config: dir_max_retention_age = 1209600s (default)"},"filename":"D:\\a\\xet-core\\xet-core\\xet_runtime\\src\\utils\\configuration_utils.rs","line_number":54}
{"timestamp":"2026-09-03T18:26:31.787876Z","level":"INFO","fields":{"message":"Config: min_reconstruction_fetch_size = 256MB (default)"},"filename":"D:\\a\\xet-core\\xet-core\\xet_runtime\\src\\utils\\configuration_utils.rs","line_number":54}
{"timestamp":"2026-09-03T18:26:31.787878Z","level":"INFO","fields":{"message":"Config: max_reconstruction_fetch_size = 8GB (default)"},"filename":"D:\\a\\xet-core\\xet-core\\xet_runtime\\src\\utils\\configuration_utils.rs","line_number":54}
{"timestamp":"2026-09-03T18:26:31.787879Z","level":"INFO","fields":{"message":"Config: download_buffer_size = 2GB (default)"},"filename":"D:\\a\\xet-core\\xet-core\\xet_runtime\\src\\utils\\configuration_utils.rs","line_number":54}
{"timestamp":"2026-09-03T18:26:31.787881Z","level":"INFO","fields":{"message":"Config: download_buffer_perfile_size = 512MB (default)"},"filename":"D:\\a\\xet-core\\xet-core\\xet_runtime\\src\\utils\\configuration_utils.rs","line_number":54}
{"timestamp":"2026-09-03T18:26:31.787883Z","level":"INFO","fields":{"message":"Config: download_buffer_limit = 8GB (default)"},"filename":"D:\\a\\xet-core\\xet-core\\xet_runtime\\src\\utils\\configuration_utils.rs","line_number":54}
{"timestamp":"2026-09-03T18:26:31.787885Z","level":"INFO","fields":{"message":"Config: completion_rate_estimator_half_life = 4.0 (default)"},"filename":"D:\\a\\xet-core\\xet-core\\xet_runtime\\src\\utils\\configuration_utils.rs","line_number":54}
{"timestamp":"2026-09-03T18:26:31.787886Z","level":"INFO","fields":{"message":"Config: target_block_completion_time = 900s (default)"},"filename":"D:\\a\\xet-core\\xet-core\\xet_runtime\\src\\utils\\configuration_utils.rs","line_number":54}
{"timestamp":"2026-09-03T18:26:31.787888Z","level":"INFO","fields":{"message":"Config: min_prefetch_buffer = 1GB (default)"},"filename":"D:\\a\\xet-core\\xet-core\\xet_runtime\\src\\utils\\configuration_utils.rs","line_number":54}
{"timestamp":"2026-09-03T18:26:31.787890Z","level":"INFO","fields":{"message":"Config: use_vectored_write = true (default)"},"filename":"D:\\a\\xet-core\\xet-core\\xet_runtime\\src\\utils\\configuration_utils.rs","line_number":54}
{"timestamp":"2026-09-03T18:26:31.787891Z","level":"INFO","fields":{"message":"Config: compression_scheme_retest_interval = 32 (default)"},"filename":"D:\\a\\xet-core\\xet-core\\xet_runtime\\src\\utils\\configuration_utils.rs","line_number":54}
{"timestamp":"2026-09-03T18:26:31.787893Z","level":"INFO","fields":{"message":"Config: compression_policy = \"auto\" (default)"},"filename":"D:\\a\\xet-core\\xet-core\\xet_runtime\\src\\utils\\config_enum.rs","line_number":174}
{"timestamp":"2026-09-03T18:26:31.787895Z","level":"INFO","fields":{"message":"Config: simulation_max_bytes = None (default)"},"filename":"D:\\a\\xet-core\\xet-core\\xet_runtime\\src\\utils\\configuration_utils.rs","line_number":54}
{"timestamp":"2026-09-03T18:26:31.787897Z","level":"INFO","fields":{"message":"Config: simulation_max_chunks = None (default)"},"filename":"D:\\a\\xet-core\\xet-core\\xet_runtime\\src\\utils\\configuration_utils.rs","line_number":54}
{"timestamp":"2026-09-03T18:26:31.787900Z","level":"INFO","fields":{"message":"Config: dir_name = \"shard-session\" (default)"},"filename":"D:\\a\\xet-core\\xet-core\\xet_runtime\\src\\utils\\configuration_utils.rs","line_number":54}
{"timestamp":"2026-09-03T18:26:31.787902Z","level":"INFO","fields":{"message":"Config: enabled = false (default)"},"filename":"D:\\a\\xet-core\\xet-core\\xet_runtime\\src\\utils\\configuration_utils.rs","line_number":54}
{"timestamp":"2026-09-03T18:26:31.787903Z","level":"INFO","fields":{"message":"Config: sample_interval = 5s (default)"},"filename":"D:\\a\\xet-core\\xet-core\\xet_runtime\\src\\utils\\configuration_utils.rs","line_number":54}
{"timestamp":"2026-09-03T18:26:31.787905Z","level":"INFO","fields":{"message":"Config: log_path = None (default)"},"filename":"D:\\a\\xet-core\\xet-core\\xet_runtime\\src\\utils\\configuration_utils.rs","line_number":54}
{"timestamp":"2026-09-03T18:26:31.787920Z","level":"INFO","fields":{"message":"Using 16 async threads for tokio runtime"},"filename":"D:\\a\\xet-core\\xet-core\\xet_runtime\\src\\core\\runtime\\native.rs","line_number":63}
{"timestamp":"2026-09-03T18:26:31.788427Z","level":"INFO","fields":{"message":"Session created, session_id=01a06885-c2ec-7523-915a-82a265a22d87"},"filename":"D:\\a\\xet-core\\xet-core\\xet_pkg\\src\\xet_session\\session.rs","line_number":192}
{"timestamp":"2026-09-03T18:26:31.790055Z","level":"INFO","fields":{"message":"starting log cleanup in \"C:\\\\Users\\\\pc\\\\Desktop\\\\telnet-support-bot\\\\models_cache\\\\xet\\\\logs\" (min_age=86400s, max_retention=1209600s, max_size=250MB bytes)"},"filename":"D:\\a\\xet-core\\xet-core\\xet_runtime\\src\\logging\\init.rs","line_number":253}
{"timestamp":"2026-09-03T18:26:31.790524Z","level":"INFO","fields":{"message":"CAS auth disabled","caller":"D:\\a\\xet-core\\xet-core\\xet_client\\src\\common\\http_client.rs:166"},"filename":"D:\\a\\xet-core\\xet-core\\xet_runtime\\src\\error_printer\\mod.rs","line_number":198}
{"timestamp":"2026-09-03T18:26:31.790690Z","level":"INFO","fields":{"message":"HTTP client configured","idle_timeout":"60s","max_idle_connections":16,"custom_headers":"Some({\"user-agent\": \"unknown/None; hf_hub/1.28.0; python/3.14.4; torch/2.13.0; transformers/5.15.1; session_id/a510478dc13440e4a5ecd9ff7f8ee20d; file_type/model; framework/pytorch; from_auto_class/True\"})"},"filename":"D:\\a\\xet-core\\xet-core\\xet_client\\src\\common\\http_client.rs","line_number":187}
{"timestamp":"2026-09-03T18:26:31.790712Z","level":"INFO","fields":{"message":"Retry strategy","retry":"RetryWrapper { max_attempts: 5, base_delay: 3s, max_duration: 360s, no_retry_on_429: false, retry_on_403: false, expected_416: false, expected_404: false, log_errors_as_info: false, api_tag: \"xet-token\", has_connection_permit: false }"},"filename":"D:\\a\\xet-core\\xet-core\\xet_client\\src\\cas_client\\retry_wrapper.rs","line_number":274}
{"timestamp":"2026-09-03T18:26:31.850038Z","level":"INFO","fields":{"message":"Log Directory Cleanup: found 176.663kB of logs in 2 log files, with 0B in 0 files eligible for deletion."},"filename":"D:\\a\\xet-core\\xet-core\\xet_runtime\\src\\logging\\init.rs","line_number":331}
{"timestamp":"2026-09-03T18:26:31.850055Z","level":"INFO","fields":{"message":"Log Directory Cleanup: deleted 0B in 0 files"},"filename":"D:\\a\\xet-core\\xet-core\\xet_runtime\\src\\logging\\init.rs","line_number":395}
{"timestamp":"2026-09-03T18:26:32.176620Z","level":"INFO","fields":{"message":"Received CAS response","request_id":"Root=1-6a99bbd8-4b499f387f5cd09f2708d03f","status_code":200},"filename":"D:\\a\\xet-core\\xet-core\\xet_client\\src\\common\\http_client.rs","line_number":288}
{"timestamp":"2026-09-03T18:26:32.176667Z","level":"INFO","fields":{"message":"Request Success: xet-token api call succeeded (request id Root=1-6a99bbd8-4b499f387f5cd09f2708d03f)."},"filename":"D:\\a\\xet-core\\xet-core\\xet_client\\src\\cas_client\\retry_wrapper.rs","line_number":237}
{"timestamp":"2026-09-03T18:26:32.177541Z","level":"INFO","fields":{"message":"TranslatorConfig initialized","endpoint":"https://cas-server.xethub.hf.co","session_id":"Some(\"01a06885-c470-7700-a808-01ff554701e1\")","shard_cache":"C:\\Users\\pc\\Desktop\\telnet-support-bot\\models_cache\\xet\\https___cas_serv-tGqkUaZf_CBPHQ6h\\shard-cache","shard_session":"C:\\Users\\pc\\Desktop\\telnet-support-bot\\models_cache\\xet\\https___cas_serv-tGqkUaZf_CBPHQ6h\\staging\\shard-session"},"filename":"D:\\a\\xet-core\\xet-core\\xet_data\\src\\processing\\configurations.rs","line_number":127}
{"timestamp":"2026-09-03T18:26:32.177708Z","level":"INFO","fields":{"message":"HTTP client configured","idle_timeout":"60s","max_idle_connections":16,"custom_headers":"Some({\"user-agent\": \"unknown/None; hf_hub/1.28.0; python/3.14.4; torch/2.13.0; transformers/5.15.1; session_id/a510478dc13440e4a5ecd9ff7f8ee20d; file_type/model; framework/pytorch; from_auto_class/True; hf_xet/1.6.0\"})"},"filename":"D:\\a\\xet-core\\xet-core\\xet_client\\src\\common\\http_client.rs","line_number":187}
{"timestamp":"2026-09-03T18:26:32.177753Z","level":"INFO","fields":{"message":"CAS auth disabled","caller":"D:\\a\\xet-core\\xet-core\\xet_client\\src\\common\\http_client.rs:166"},"filename":"D:\\a\\xet-core\\xet-core\\xet_runtime\\src\\error_printer\\mod.rs","line_number":198}
{"timestamp":"2026-09-03T18:26:32.177763Z","level":"INFO","fields":{"message":"HTTP client configured","idle_timeout":"60s","max_idle_connections":16,"custom_headers":"Some({\"user-agent\": \"unknown/None; hf_hub/1.28.0; python/3.14.4; torch/2.13.0; transformers/5.15.1; session_id/a510478dc13440e4a5ecd9ff7f8ee20d; file_type/model; framework/pytorch; from_auto_class/True; hf_xet/1.6.0\"})"},"filename":"D:\\a\\xet-core\\xet-core\\xet_client\\src\\common\\http_client.rs","line_number":187}
{"timestamp":"2026-09-03T18:26:32.177820Z","level":"INFO","fields":{"message":"No-read-timeout HTTP client configured (for shard uploads)","connect_timeout":"60s"},"filename":"D:\\a\\xet-core\\xet-core\\xet_client\\src\\common\\http_client.rs","line_number":136}
{"timestamp":"2026-09-03T18:26:32.177840Z","level":"INFO","fields":{"message":"Initializing Adaptive Concurrency Controller for upload with starting concurrency = 2; min = 1, max = 64, min_bytes_for_adjustment = 20000000, min_completed_transmissions_for_adjustment = 1"},"filename":"D:\\a\\xet-core\\xet-core\\xet_client\\src\\cas_client\\adaptive_concurrency\\controller.rs","line_number":306}
{"timestamp":"2026-09-03T18:26:32.177852Z","level":"INFO","fields":{"message":"Initializing Adaptive Concurrency Controller for download with starting concurrency = 4; min = 1, max = 64, min_bytes_for_adjustment = 20000000, min_completed_transmissions_for_adjustment = 1"},"filename":"D:\\a\\xet-core\\xet-core\\xet_client\\src\\cas_client\\adaptive_concurrency\\controller.rs","line_number":306}
{"timestamp":"2026-09-03T18:26:32.178132Z","level":"INFO","fields":{"message":"New file download group, session_id=01a06885-c2ec-7523-915a-82a265a22d87, group_id=1"},"filename":"D:\\a\\xet-core\\xet-core\\xet_pkg\\src\\xet_session\\file_download_group.rs","line_number":61}
{"timestamp":"2026-09-03T18:26:32.178412Z","level":"INFO","fields":{"message":"Download file to path","group_id":"1","dest_path":"\"C:\\\\Users\\\\pc\\\\Desktop\\\\telnet-support-bot\\\\models_cache\\\\models--BAAI--bge-m3\\\\blobs\\\\b5e0ce3470abf5ef3831aa1bd5553b486803e83251590ab7ff35a117cf6aad38.60b8ad6e.incomplete\"","hash":"61c2417ef33baa8496de69bd4394784d9b887a9027830afeac7e2ab8b4e1a6f1"},"filename":"D:\\a\\xet-core\\xet-core\\xet_pkg\\src\\xet_session\\file_download_group.rs","line_number":287}
{"timestamp":"2026-09-03T18:26:32.178623Z","level":"INFO","fields":{"message":"Reconstructing file to disk","file_hash":"61c2417ef33baa8496de69bd4394784d9b887a9027830afeac7e2ab8b4e1a6f1","byte_range":"None","path":"C:\\Users\\pc\\Desktop\\telnet-support-bot\\models_cache\\models--BAAI--bge-m3\\blobs\\b5e0ce3470abf5ef3831aa1bd5553b486803e83251590ab7ff35a117cf6aad38.60b8ad6e.incomplete","write_offset":"None"},"filename":"D:\\a\\xet-core\\xet-core\\xet_data\\src\\file_reconstruction\\file_reconstructor.rs","line_number":126}
{"timestamp":"2026-09-03T18:26:32.179420Z","level":"INFO","fields":{"message":"Scheduling prefetch block","file_hash":"61c2417ef33baa8496de69bd4394784d9b887a9027830afeac7e2ab8b4e1a6f1","prefetch_range":"(0, 256000000)","requested_block_size":256000000,"actual_block_size":256000000,"queue_depth":1},"filename":"D:\\a\\xet-core\\xet-core\\xet_data\\src\\file_reconstruction\\reconstruction_terms\\manager.rs","line_number":277}
{"timestamp":"2026-09-03T18:26:32.179452Z","level":"INFO","fields":{"message":"Scheduling prefetch block","file_hash":"61c2417ef33baa8496de69bd4394784d9b887a9027830afeac7e2ab8b4e1a6f1","prefetch_range":"(256000000, 768000000)","requested_block_size":512000000,"actual_block_size":512000000,"queue_depth":2},"filename":"D:\\a\\xet-core\\xet-core\\xet_data\\src\\file_reconstruction\\reconstruction_terms\\manager.rs","line_number":277}
{"timestamp":"2026-09-03T18:26:32.179451Z","level":"INFO","fields":{"message":"Download group finish","group_id":"1"},"filename":"D:\\a\\xet-core\\xet-core\\xet_pkg\\src\\xet_session\\file_download_group.rs","line_number":306}
{"timestamp":"2026-09-03T18:26:32.179472Z","level":"INFO","fields":{"message":"Scheduling prefetch block","file_hash":"61c2417ef33baa8496de69bd4394784d9b887a9027830afeac7e2ab8b4e1a6f1","prefetch_range":"(768000000, 1024000000)","requested_block_size":256000000,"actual_block_size":256000000,"queue_depth":3},"filename":"D:\\a\\xet-core\\xet-core\\xet_data\\src\\file_reconstruction\\reconstruction_terms\\manager.rs","line_number":277}
{"timestamp":"2026-09-03T18:26:32.179505Z","level":"INFO","fields":{"message":"Starting get_reconstruction API call","call_id":1,"file_id":"61c2417ef33baa8496de69bd4394784d9b887a9027830afeac7e2ab8b4e1a6f1","bytes_range":"Some(Range { start: 768000000, end: 1024000000 })","api_version":"v2"},"filename":"D:\\a\\xet-core\\xet-core\\xet_client\\src\\cas_client\\remote_client.rs","line_number":214}
{"timestamp":"2026-09-03T18:26:32.179519Z","level":"INFO","fields":{"message":"Retry strategy","retry":"RetryWrapper { max_attempts: 5, base_delay: 3s, max_duration: 360s, no_retry_on_429: false, retry_on_403: false, expected_416: true, expected_404: false, log_errors_as_info: false, api_tag: \"cas::get_reconstruction_v2\", has_connection_permit: false }"},"filename":"D:\\a\\xet-core\\xet-core\\xet_client\\src\\cas_client\\retry_wrapper.rs","line_number":274}
{"timestamp":"2026-09-03T18:26:32.179563Z","level":"INFO","fields":{"message":"Starting get_reconstruction API call","call_id":2,"file_id":"61c2417ef33baa8496de69bd4394784d9b887a9027830afeac7e2ab8b4e1a6f1","bytes_range":"Some(Range { start: 0, end: 256000000 })","api_version":"v2"},"filename":"D:\\a\\xet-core\\xet-core\\xet_client\\src\\cas_client\\remote_client.rs","line_number":214}
{"timestamp":"2026-09-03T18:26:32.179579Z","level":"INFO","fields":{"message":"Retry strategy","retry":"RetryWrapper { max_attempts: 5, base_delay: 3s, max_duration: 360s, no_retry_on_429: false, retry_on_403: false, expected_416: true, expected_404: false, log_errors_as_info: false, api_tag: \"cas::get_reconstruction_v2\", has_connection_permit: false }"},"filename":"D:\\a\\xet-core\\xet-core\\xet_client\\src\\cas_client\\retry_wrapper.rs","line_number":274}
{"timestamp":"2026-09-03T18:26:32.179595Z","level":"INFO","fields":{"message":"Starting get_reconstruction API call","call_id":3,"file_id":"61c2417ef33baa8496de69bd4394784d9b887a9027830afeac7e2ab8b4e1a6f1","bytes_range":"Some(Range { start: 256000000, end: 768000000 })","api_version":"v2"},"filename":"D:\\a\\xet-core\\xet-core\\xet_client\\src\\cas_client\\remote_client.rs","line_number":214}
{"timestamp":"2026-09-03T18:26:32.179613Z","level":"INFO","fields":{"message":"Retry strategy","retry":"RetryWrapper { max_attempts: 5, base_delay: 3s, max_duration: 360s, no_retry_on_429: false, retry_on_403: false, expected_416: true, expected_404: false, log_errors_as_info: false, api_tag: \"cas::get_reconstruction_v2\", has_connection_permit: false }"},"filename":"D:\\a\\xet-core\\xet-core\\xet_client\\src\\cas_client\\retry_wrapper.rs","line_number":274}
{"timestamp":"2026-09-03T18:26:32.986690Z","level":"INFO","fields":{"message":"Received CAS response","request_id":"01M1M8BHR7A9NKZVEC4JRSWSVX","status_code":200},"filename":"D:\\a\\xet-core\\xet-core\\xet_client\\src\\common\\http_client.rs","line_number":288}
{"timestamp":"2026-09-03T18:26:32.986737Z","level":"INFO","fields":{"message":"Request Success: cas::get_reconstruction_v2 api call succeeded (request id 01M1M8BHR7A9NKZVEC4JRSWSVX)."},"filename":"D:\\a\\xet-core\\xet-core\\xet_client\\src\\cas_client\\retry_wrapper.rs","line_number":237}
{"timestamp":"2026-09-03T18:26:32.986879Z","level":"INFO","fields":{"message":"Completed get_reconstruction API call","call_id":3,"file_id":"61c2417ef33baa8496de69bd4394784d9b887a9027830afeac7e2ab8b4e1a6f1","bytes_range":"Some(Range { start: 256000000, end: 768000000 })","api_version":"v2"},"filename":"D:\\a\\xet-core\\xet-core\\xet_client\\src\\cas_client\\remote_client.rs","line_number":238}
{"timestamp":"2026-09-03T18:26:33.014026Z","level":"INFO","fields":{"message":"Received CAS response","request_id":"01M1M8BHS2X2JN7ZVYDSVBWF6P","status_code":200},"filename":"D:\\a\\xet-core\\xet-core\\xet_client\\src\\common\\http_client.rs","line_number":288}
{"timestamp":"2026-09-03T18:26:33.014045Z","level":"INFO","fields":{"message":"Request Success: cas::get_reconstruction_v2 api call succeeded (request id 01M1M8BHS2X2JN7ZVYDSVBWF6P)."},"filename":"D:\\a\\xet-core\\xet-core\\xet_client\\src\\cas_client\\retry_wrapper.rs","line_number":237}
{"timestamp":"2026-09-03T18:26:33.014073Z","level":"INFO","fields":{"message":"Completed get_reconstruction API call","call_id":2,"file_id":"61c2417ef33baa8496de69bd4394784d9b887a9027830afeac7e2ab8b4e1a6f1","bytes_range":"Some(Range { start: 0, end: 256000000 })","api_version":"v2"},"filename":"D:\\a\\xet-core\\xet-core\\xet_client\\src\\cas_client\\remote_client.rs","line_number":238}
{"timestamp":"2026-09-03T18:26:33.014103Z","level":"INFO","fields":{"message":"Received block of file terms from prefetch queue","file_hash":"61c2417ef33baa8496de69bd4394784d9b887a9027830afeac7e2ab8b4e1a6f1","domain":"us.aws.cdn.hf.co","block_start":0,"block_end":256000000,"block_size":4},"filename":"D:\\a\\xet-core\\xet-core\\xet_data\\src\\file_reconstruction\\reconstruction_terms\\manager.rs","line_number":156}
{"timestamp":"2026-09-03T18:26:33.014147Z","level":"INFO","fields":{"message":"Updated completion rate estimate based on previous block completion time (seconds).","file_hash":"61c2417ef33baa8496de69bd4394784d9b887a9027830afeac7e2ab8b4e1a6f1","block_start":0,"block_end":256000000,"block_size":256000000,"completion_time":0.0000443},"filename":"D:\\a\\xet-core\\xet-core\\xet_data\\src\\file_reconstruction\\reconstruction_terms\\manager.rs","line_number":109}
{"timestamp":"2026-09-03T18:26:33.014154Z","level":"INFO","fields":{"message":"Scheduling prefetch block","file_hash":"61c2417ef33baa8496de69bd4394784d9b887a9027830afeac7e2ab8b4e1a6f1","prefetch_range":"(1024000000, 9024000000)","requested_block_size":8000000000,"actual_block_size":8000000000,"queue_depth":3},"filename":"D:\\a\\xet-core\\xet-core\\xet_data\\src\\file_reconstruction\\reconstruction_terms\\manager.rs","line_number":277}
{"timestamp":"2026-09-03T18:26:33.014162Z","level":"INFO","fields":{"message":"Received block of file terms from prefetch queue","file_hash":"61c2417ef33baa8496de69bd4394784d9b887a9027830afeac7e2ab8b4e1a6f1","domain":"us.aws.cdn.hf.co","block_start":256000000,"block_end":768000000,"block_size":9},"filename":"D:\\a\\xet-core\\xet-core\\xet_data\\src\\file_reconstruction\\reconstruction_terms\\manager.rs","line_number":156}
{"timestamp":"2026-09-03T18:26:33.014189Z","level":"INFO","fields":{"message":"Updated completion rate estimate based on previous block completion time (seconds).","file_hash":"61c2417ef33baa8496de69bd4394784d9b887a9027830afeac7e2ab8b4e1a6f1","block_start":256000000,"block_end":768000000,"block_size":512000000,"completion_time":0.000027},"filename":"D:\\a\\xet-core\\xet-core\\xet_data\\src\\file_reconstruction\\reconstruction_terms\\manager.rs","line_number":109}
{"timestamp":"2026-09-03T18:26:33.014192Z","level":"INFO","fields":{"message":"Scheduling prefetch block","file_hash":"61c2417ef33baa8496de69bd4394784d9b887a9027830afeac7e2ab8b4e1a6f1","prefetch_range":"(9024000000, 17024000000)","requested_block_size":8000000000,"actual_block_size":8000000000,"queue_depth":3},"filename":"D:\\a\\xet-core\\xet-core\\xet_data\\src\\file_reconstruction\\reconstruction_terms\\manager.rs","line_number":277}
{"timestamp":"2026-09-03T18:26:33.014198Z","level":"INFO","fields":{"message":"Starting get_reconstruction API call","call_id":4,"file_id":"61c2417ef33baa8496de69bd4394784d9b887a9027830afeac7e2ab8b4e1a6f1","bytes_range":"Some(Range { start: 9024000000, end: 17024000000 })","api_version":"v2"},"filename":"D:\\a\\xet-core\\xet-core\\xet_client\\src\\cas_client\\remote_client.rs","line_number":214}
{"timestamp":"2026-09-03T18:26:33.014201Z","level":"INFO","fields":{"message":"Retry strategy","retry":"RetryWrapper { max_attempts: 5, base_delay: 3s, max_duration: 360s, no_retry_on_429: false, retry_on_403: false, expected_416: true, expected_404: false, log_errors_as_info: false, api_tag: \"cas::get_reconstruction_v2\", has_connection_permit: false }"},"filename":"D:\\a\\xet-core\\xet-core\\xet_client\\src\\cas_client\\retry_wrapper.rs","line_number":274}
{"timestamp":"2026-09-03T18:26:33.014214Z","level":"INFO","fields":{"message":"Retry strategy","retry":"RetryWrapper { max_attempts: 5, base_delay: 3s, max_duration: 360s, no_retry_on_429: false, retry_on_403: true, expected_416: false, expected_404: false, log_errors_as_info: false, api_tag: \"s3::get_range\", has_connection_permit: true }"},"filename":"D:\\a\\xet-core\\xet-core\\xet_client\\src\\cas_client\\retry_wrapper.rs","line_number":274}
{"timestamp":"2026-09-03T18:26:33.014216Z","level":"INFO","fields":{"message":"Retry strategy","retry":"RetryWrapper { max_attempts: 5, base_delay: 3s, max_duration: 360s, no_retry_on_429: false, retry_on_403: true, expected_416: false, expected_404: false, log_errors_as_info: false, api_tag: \"s3::get_range\", has_connection_permit: true }"},"filename":"D:\\a\\xet-core\\xet-core\\xet_client\\src\\cas_client\\retry_wrapper.rs","line_number":274}
{"timestamp":"2026-09-03T18:26:33.014235Z","level":"INFO","fields":{"message":"Retry strategy","retry":"RetryWrapper { max_attempts: 5, base_delay: 3s, max_duration: 360s, no_retry_on_429: false, retry_on_403: true, expected_416: false, expected_404: false, log_errors_as_info: false, api_tag: \"s3::get_range\", has_connection_permit: true }"},"filename":"D:\\a\\xet-core\\xet-core\\xet_client\\src\\cas_client\\retry_wrapper.rs","line_number":274}
{"timestamp":"2026-09-03T18:26:33.014287Z","level":"INFO","fields":{"message":"Retry strategy","retry":"RetryWrapper { max_attempts: 5, base_delay: 3s, max_duration: 360s, no_retry_on_429: false, retry_on_403: true, expected_416: false, expected_404: false, log_errors_as_info: false, api_tag: \"s3::get_range\", has_connection_permit: true }"},"filename":"D:\\a\\xet-core\\xet-core\\xet_client\\src\\cas_client\\retry_wrapper.rs","line_number":274}
{"timestamp":"2026-09-03T18:26:33.014378Z","level":"INFO","fields":{"message":"Starting get_reconstruction API call","call_id":5,"file_id":"61c2417ef33baa8496de69bd4394784d9b887a9027830afeac7e2ab8b4e1a6f1","bytes_range":"Some(Range { start: 1024000000, end: 9024000000 })","api_version":"v2"},"filename":"D:\\a\\xet-core\\xet-core\\xet_client\\src\\cas_client\\remote_client.rs","line_number":214}
{"timestamp":"2026-09-03T18:26:33.014404Z","level":"INFO","fields":{"message":"Retry strategy","retry":"RetryWrapper { max_attempts: 5, base_delay: 3s, max_duration: 360s, no_retry_on_429: false, retry_on_403: false, expected_416: true, expected_404: false, log_errors_as_info: false, api_tag: \"cas::get_reconstruction_v2\", has_connection_permit: false }"},"filename":"D:\\a\\xet-core\\xet-core\\xet_client\\src\\cas_client\\retry_wrapper.rs","line_number":274}
{"timestamp":"2026-09-03T18:26:33.060788Z","level":"INFO","fields":{"message":"Received CAS response","request_id":"01M1M8BHSGCB06JFHQ68113S0T","status_code":200},"filename":"D:\\a\\xet-core\\xet-core\\xet_client\\src\\common\\http_client.rs","line_number":288}
{"timestamp":"2026-09-03T18:26:33.060849Z","level":"INFO","fields":{"message":"Request Success: cas::get_reconstruction_v2 api call succeeded (request id 01M1M8BHSGCB06JFHQ68113S0T)."},"filename":"D:\\a\\xet-core\\xet-core\\xet_client\\src\\cas_client\\retry_wrapper.rs","line_number":237}
{"timestamp":"2026-09-03T18:26:33.060924Z","level":"INFO","fields":{"message":"Completed get_reconstruction API call","call_id":1,"file_id":"61c2417ef33baa8496de69bd4394784d9b887a9027830afeac7e2ab8b4e1a6f1","bytes_range":"Some(Range { start: 768000000, end: 1024000000 })","api_version":"v2"},"filename":"D:\\a\\xet-core\\xet-core\\xet_client\\src\\cas_client\\remote_client.rs","line_number":238}
{"timestamp":"2026-09-03T18:26:33.060992Z","level":"INFO","fields":{"message":"Received block of file terms from prefetch queue","file_hash":"61c2417ef33baa8496de69bd4394784d9b887a9027830afeac7e2ab8b4e1a6f1","domain":"us.aws.cdn.hf.co","block_start":768000000,"block_end":1024000000,"block_size":5},"filename":"D:\\a\\xet-core\\xet-core\\xet_data\\src\\file_reconstruction\\reconstruction_terms\\manager.rs","line_number":156}
{"timestamp":"2026-09-03T18:26:33.061030Z","level":"INFO","fields":{"message":"Updated completion rate estimate based on previous block completion time (seconds).","file_hash":"61c2417ef33baa8496de69bd4394784d9b887a9027830afeac7e2ab8b4e1a6f1","block_start":768000000,"block_end":1024000000,"block_size":256000000,"completion_time":0.0000368},"filename":"D:\\a\\xet-core\\xet-core\\xet_data\\src\\file_reconstruction\\reconstruction_terms\\manager.rs","line_number":109}
{"timestamp":"2026-09-03T18:26:33.061040Z","level":"INFO","fields":{"message":"Scheduling prefetch block","file_hash":"61c2417ef33baa8496de69bd4394784d9b887a9027830afeac7e2ab8b4e1a6f1","prefetch_range":"(17024000000, 25024000000)","requested_block_size":8000000000,"actual_block_size":8000000000,"queue_depth":3},"filename":"D:\\a\\xet-core\\xet-core\\xet_data\\src\\file_reconstruction\\reconstruction_terms\\manager.rs","line_number":277}
{"timestamp":"2026-09-03T18:26:33.061059Z","level":"INFO","fields":{"message":"Starting get_reconstruction API call","call_id":6,"file_id":"61c2417ef33baa8496de69bd4394784d9b887a9027830afeac7e2ab8b4e1a6f1","bytes_range":"Some(Range { start: 17024000000, end: 25024000000 })","api_version":"v2"},"filename":"D:\\a\\xet-core\\xet-core\\xet_client\\src\\cas_client\\remote_client.rs","line_number":214}
{"timestamp":"2026-09-03T18:26:33.061069Z","level":"INFO","fields":{"message":"Retry strategy","retry":"RetryWrapper { max_attempts: 5, base_delay: 3s, max_duration: 360s, no_retry_on_429: false, retry_on_403: false, expected_416: true, expected_404: false, log_errors_as_info: false, api_tag: \"cas::get_reconstruction_v2\", has_connection_permit: false }"},"filename":"D:\\a\\xet-core\\xet-core\\xet_client\\src\\cas_client\\retry_wrapper.rs","line_number":274}
{"timestamp":"2026-09-03T18:26:33.185726Z","level":"INFO","fields":{"message":"Received CAS response","request_id":"01M1M8BJ1TDJHMCZZGYCTG696Z","status_code":416},"filename":"D:\\a\\xet-core\\xet-core\\xet_client\\src\\common\\http_client.rs","line_number":288}
{"timestamp":"2026-09-03T18:26:33.185974Z","level":"INFO","fields":{"message":"Reached end of reconstruction 416 (Range Not Satisfiable): \"cas::get_reconstruction_v2\" api call failed (request id 01M1M8BJ1TDJHMCZZGYCTG696Z): HTTP status client error (416 Range Not Satisfiable) for url (https://cas-server.xethub.hf.co/v2/reconstructions/61c2417ef33baa8496de69bd4394784d9b887a9027830afeac7e2ab8b4e1a6f1)"},"filename":"D:\\a\\xet-core\\xet-core\\xet_client\\src\\cas_client\\retry_wrapper.rs","line_number":189}
{"timestamp":"2026-09-03T18:26:33.246587Z","level":"INFO","fields":{"message":"Received CAS response","request_id":"01M1M8BJ3SGN8DJVR26RDT7CEH","status_code":416},"filename":"D:\\a\\xet-core\\xet-core\\xet_client\\src\\common\\http_client.rs","line_number":288}
{"timestamp":"2026-09-03T18:26:33.246627Z","level":"INFO","fields":{"message":"Reached end of reconstruction 416 (Range Not Satisfiable): \"cas::get_reconstruction_v2\" api call failed (request id 01M1M8BJ3SGN8DJVR26RDT7CEH): HTTP status client error (416 Range Not Satisfiable) for url (https://cas-server.xethub.hf.co/v2/reconstructions/61c2417ef33baa8496de69bd4394784d9b887a9027830afeac7e2ab8b4e1a6f1)"},"filename":"D:\\a\\xet-core\\xet-core\\xet_client\\src\\cas_client\\retry_wrapper.rs","line_number":189}
{"timestamp":"2026-09-03T18:26:33.272134Z","level":"INFO","fields":{"message":"Received CAS response","request_id":"01M1M8BJ5ZHAKHSCBDZ1Y10X9G","status_code":206},"filename":"D:\\a\\xet-core\\xet-core\\xet_client\\src\\common\\http_client.rs","line_number":288}
{"timestamp":"2026-09-03T18:26:33.272201Z","level":"INFO","fields":{"message":"Request Success: s3::get_range api call succeeded (request id 01M1M8BJ5ZHAKHSCBDZ1Y10X9G)."},"filename":"D:\\a\\xet-core\\xet-core\\xet_client\\src\\cas_client\\retry_wrapper.rs","line_number":237}
{"timestamp":"2026-09-03T18:26:33.277996Z","level":"INFO","fields":{"message":"Received CAS response","request_id":"01M1M8BJ6JX2634PQH9NK7961F","status_code":206},"filename":"D:\\a\\xet-core\\xet-core\\xet_client\\src\\common\\http_client.rs","line_number":288}
{"timestamp":"2026-09-03T18:26:33.278045Z","level":"INFO","fields":{"message":"Request Success: s3::get_range api call succeeded (request id 01M1M8BJ6JX2634PQH9NK7961F)."},"filename":"D:\\a\\xet-core\\xet-core\\xet_client\\src\\cas_client\\retry_wrapper.rs","line_number":237}
{"timestamp":"2026-09-03T18:26:33.296948Z","level":"INFO","fields":{"message":"Received CAS response","request_id":"01M1M8BJ6M8M83YYXP1ZA54NN1","status_code":206},"filename":"D:\\a\\xet-core\\xet-core\\xet_client\\src\\common\\http_client.rs","line_number":288}
{"timestamp":"2026-09-03T18:26:33.296984Z","level":"INFO","fields":{"message":"Request Success: s3::get_range api call succeeded (request id 01M1M8BJ6M8M83YYXP1ZA54NN1)."},"filename":"D:\\a\\xet-core\\xet-core\\xet_client\\src\\cas_client\\retry_wrapper.rs","line_number":237}
{"timestamp":"2026-09-03T18:26:33.300217Z","level":"INFO","fields":{"message":"Received CAS response","request_id":"01M1M8BJ6SGE4CYP1BTRX8NZWV","status_code":206},"filename":"D:\\a\\xet-core\\xet-core\\xet_client\\src\\common\\http_client.rs","line_number":288}
{"timestamp":"2026-09-03T18:26:33.300280Z","level":"INFO","fields":{"message":"Request Success: s3::get_range api call succeeded (request id 01M1M8BJ6SGE4CYP1BTRX8NZWV)."},"filename":"D:\\a\\xet-core\\xet-core\\xet_client\\src\\cas_client\\retry_wrapper.rs","line_number":237}
{"timestamp":"2026-09-03T18:26:33.314880Z","level":"INFO","fields":{"message":"Received CAS response","request_id":"01M1M8BJ1XBG3ZKSC8A4K9K8MH","status_code":200},"filename":"D:\\a\\xet-core\\xet-core\\xet_client\\src\\common\\http_client.rs","line_number":288}
{"timestamp":"2026-09-03T18:26:33.314922Z","level":"INFO","fields":{"message":"Request Success: cas::get_reconstruction_v2 api call succeeded (request id 01M1M8BJ1XBG3ZKSC8A4K9K8MH)."},"filename":"D:\\a\\xet-core\\xet-core\\xet_client\\src\\cas_client\\retry_wrapper.rs","line_number":237}
{"timestamp":"2026-09-03T18:26:33.315119Z","level":"INFO","fields":{"message":"Completed get_reconstruction API call","call_id":5,"file_id":"61c2417ef33baa8496de69bd4394784d9b887a9027830afeac7e2ab8b4e1a6f1","bytes_range":"Some(Range { start: 1024000000, end: 9024000000 })","api_version":"v2"},"filename":"D:\\a\\xet-core\\xet-core\\xet_client\\src\\cas_client\\remote_client.rs","line_number":238}
{"timestamp":"2026-09-03T18:26:33.315205Z","level":"INFO","fields":{"message":"Received block of file terms from prefetch queue","file_hash":"61c2417ef33baa8496de69bd4394784d9b887a9027830afeac7e2ab8b4e1a6f1","domain":"us.aws.cdn.hf.co","block_start":1024000000,"block_end":2271145830,"block_size":19},"filename":"D:\\a\\xet-core\\xet-core\\xet_data\\src\\file_reconstruction\\reconstruction_terms\\manager.rs","line_number":156}
{"timestamp":"2026-09-03T18:26:33.315293Z","level":"INFO","fields":{"message":"Updated completion rate estimate based on previous block completion time (seconds).","file_hash":"61c2417ef33baa8496de69bd4394784d9b887a9027830afeac7e2ab8b4e1a6f1","block_start":1024000000,"block_end":2271145830,"block_size":1247145830,"completion_time":0.0000871},"filename":"D:\\a\\xet-core\\xet-core\\xet_data\\src\\file_reconstruction\\reconstruction_terms\\manager.rs","line_number":109}
{"timestamp":"2026-09-03T18:26:33.315305Z","level":"INFO","fields":{"message":"Completed prefetch queue; end of file reached.","file_hash":"61c2417ef33baa8496de69bd4394784d9b887a9027830afeac7e2ab8b4e1a6f1","prefetched_byte_position":25024000000},"filename":"D:\\a\\xet-core\\xet-core\\xet_data\\src\\file_reconstruction\\reconstruction_terms\\manager.rs","line_number":183}
{"timestamp":"2026-09-03T18:26:33.315313Z","level":"INFO","fields":{"message":"All term blocks received and scheduled for writing","file_hash":"61c2417ef33baa8496de69bd4394784d9b887a9027830afeac7e2ab8b4e1a6f1","block_count":4,"total_terms_processed":37,"total_bytes_scheduled":2271145830},"filename":"D:\\a\\xet-core\\xet-core\\xet_data\\src\\file_reconstruction\\run_state.rs","line_number":150}
{"timestamp":"2026-09-03T18:26:42.309136Z","level":"INFO","fields":{"message":"Concurrency control for download: Current concurrency = 4; predicted bandwidth = 1139864; success_ratio = 1.000; reference_size = 61.0MB; observed bytes sent so far = 8066374; completed transmissions = 0"},"filename":"D:\\a\\xet-core\\xet-core\\xet_client\\src\\cas_client\\adaptive_concurrency\\controller.rs","line_number":602}
{"timestamp":"2026-09-03T18:26:52.489443Z","level":"INFO","fields":{"message":"Concurrency control for download: Current concurrency = 4; predicted bandwidth = 882901; success_ratio = 1.000; reference_size = 61.0MB; observed bytes sent so far = 17618246; completed transmissions = 0"},"filename":"D:\\a\\xet-core\\xet-core\\xet_client\\src\\cas_client\\adaptive_concurrency\\controller.rs","line_number":602}
{"timestamp":"2026-09-03T18:27:02.529648Z","level":"INFO","fields":{"message":"Concurrency control for download: Current concurrency = 4; predicted bandwidth = 586636; success_ratio = 1.000; reference_size = 61.0MB; observed bytes sent so far = 27465030; completed transmissions = 0"},"filename":"D:\\a\\xet-core\\xet-core\\xet_client\\src\\cas_client\\adaptive_concurrency\\controller.rs","line_number":602}
{"timestamp":"2026-09-03T18:27:12.594569Z","level":"INFO","fields":{"message":"Concurrency control for download: Current concurrency = 4; predicted bandwidth = 397270; success_ratio = 1.000; reference_size = 61.0MB; observed bytes sent so far = 37098822; completed transmissions = 0"},"filename":"D:\\a\\xet-core\\xet-core\\xet_client\\src\\cas_client\\adaptive_concurrency\\controller.rs","line_number":602}
{"timestamp":"2026-09-03T18:27:22.660090Z","level":"INFO","fields":{"message":"Concurrency control for download: Current concurrency = 4; predicted bandwidth = 286033; success_ratio = 1.000; reference_size = 61.0MB; observed bytes sent so far = 46830918; completed transmissions = 0"},"filename":"D:\\a\\xet-core\\xet-core\\xet_client\\src\\cas_client\\adaptive_concurrency\\controller.rs","line_number":602}
{"timestamp":"2026-09-03T18:27:28.758720Z","level":"INFO","fields":{"message":"Retry strategy","retry":"RetryWrapper { max_attempts: 5, base_delay: 3s, max_duration: 360s, no_retry_on_429: false, retry_on_403: true, expected_416: false, expected_404: false, log_errors_as_info: false, api_tag: \"s3::get_range\", has_connection_permit: true }"},"filename":"D:\\a\\xet-core\\xet-core\\xet_client\\src\\cas_client\\retry_wrapper.rs","line_number":274}
{"timestamp":"2026-09-03T18:27:28.825332Z","level":"INFO","fields":{"message":"Received CAS response","request_id":"01M1M8D8EF98F1JJK02YKHJPPZ","status_code":206},"filename":"D:\\a\\xet-core\\xet-core\\xet_client\\src\\common\\http_client.rs","line_number":288}
{"timestamp":"2026-09-03T18:27:28.825382Z","level":"INFO","fields":{"message":"Request Success: s3::get_range api call succeeded (request id 01M1M8D8EF98F1JJK02YKHJPPZ)."},"filename":"D:\\a\\xet-core\\xet-core\\xet_client\\src\\cas_client\\retry_wrapper.rs","line_number":237}
{"timestamp":"2026-09-03T18:27:32.887815Z","level":"INFO","fields":{"message":"Concurrency control for download: Current concurrency = 4; predicted bandwidth = 425958; success_ratio = 1.000; reference_size = 61.0MB; observed bytes sent so far = 56144374; completed transmissions = 1"},"filename":"D:\\a\\xet-core\\xet-core\\xet_client\\src\\cas_client\\adaptive_concurrency\\controller.rs","line_number":602}
{"timestamp":"2026-09-03T18:27:42.971738Z","level":"INFO","fields":{"message":"Concurrency control for download: Current concurrency = 4; predicted bandwidth = 450797; success_ratio = 1.000; reference_size = 61.0MB; observed bytes sent so far = 66105846; completed transmissions = 1"},"filename":"D:\\a\\xet-core\\xet-core\\xet_client\\src\\cas_client\\adaptive_concurrency\\controller.rs","line_number":602}
{"timestamp":"2026-09-03T18:27:53.017562Z","level":"INFO","fields":{"message":"Concurrency control for download: Current concurrency = 4; predicted bandwidth = 338574; success_ratio = 1.000; reference_size = 61.0MB; observed bytes sent so far = 75706870; completed transmissions = 1"},"filename":"D:\\a\\xet-core\\xet-core\\xet_client\\src\\cas_client\\adaptive_concurrency\\controller.rs","line_number":602}
{"timestamp":"2026-09-03T18:27:56.485525Z","level":"INFO","fields":{"message":"Concurrency control for download: Increased concurrency from 4 to 5; reason: success ratio 1.000 is above threshold 0.800 and predicted RTT for 61MB at new concurrency is 59.78s < target 60.0s"},"filename":"D:\\a\\xet-core\\xet-core\\xet_client\\src\\cas_client\\adaptive_concurrency\\controller.rs","line_number":548}
{"timestamp":"2026-09-03T18:27:56.485599Z","level":"INFO","fields":{"message":"Retry strategy","retry":"RetryWrapper { max_attempts: 5, base_delay: 3s, max_duration: 360s, no_retry_on_429: false, retry_on_403: true, expected_416: false, expected_404: false, log_errors_as_info: false, api_tag: \"s3::get_range\", has_connection_permit: true }"},"filename":"D:\\a\\xet-core\\xet-core\\xet_client\\src\\cas_client\\retry_wrapper.rs","line_number":274}
{"timestamp":"2026-09-03T18:27:56.784785Z","level":"INFO","fields":{"message":"Received CAS response","request_id":"01M1M8E3NV3W2TD0XJMKBR26B7","status_code":206},"filename":"D:\\a\\xet-core\\xet-core\\xet_client\\src\\common\\http_client.rs","line_number":288}
{"timestamp":"2026-09-03T18:27:56.784838Z","level":"INFO","fields":{"message":"Request Success: s3::get_range api call succeeded (request id 01M1M8E3NV3W2TD0XJMKBR26B7)."},"filename":"D:\\a\\xet-core\\xet-core\\xet_client\\src\\cas_client\\retry_wrapper.rs","line_number":237}
{"timestamp":"2026-09-03T18:27:57.053773Z","level":"INFO","fields":{"message":"Concurrency control for download: Increased concurrency from 5 to 6; reason: success ratio 1.000 is above threshold 0.800 and predicted RTT for 61MB at new concurrency is 59.55s < target 60.0s"},"filename":"D:\\a\\xet-core\\xet-core\\xet_client\\src\\cas_client\\adaptive_concurrency\\controller.rs","line_number":548}
{"timestamp":"2026-09-03T18:27:57.053817Z","level":"INFO","fields":{"message":"Retry strategy","retry":"RetryWrapper { max_attempts: 5, base_delay: 3s, max_duration: 360s, no_retry_on_429: false, retry_on_403: true, expected_416: false, expected_404: false, log_errors_as_info: false, api_tag: \"s3::get_range\", has_connection_permit: true }"},"filename":"D:\\a\\xet-core\\xet-core\\xet_client\\src\\cas_client\\retry_wrapper.rs","line_number":274}
{"timestamp":"2026-09-03T18:27:57.555742Z","level":"INFO","fields":{"message":"Received CAS response","request_id":"01M1M8E4FPA015DPVN7DWJPP3X","status_code":206},"filename":"D:\\a\\xet-core\\xet-core\\xet_client\\src\\common\\http_client.rs","line_number":288}
{"timestamp":"2026-09-03T18:27:57.555792Z","level":"INFO","fields":{"message":"Request Success: s3::get_range api call succeeded (request id 01M1M8E4FPA015DPVN7DWJPP3X)."},"filename":"D:\\a\\xet-core\\xet-core\\xet_client\\src\\cas_client\\retry_wrapper.rs","line_number":237}
{"timestamp":"2026-09-03T18:28:03.184662Z","level":"INFO","fields":{"message":"Concurrency control for download: Current concurrency = 6; predicted bandwidth = 364919; success_ratio = 1.000; reference_size = 61.0MB; observed bytes sent so far = 84374810; completed transmissions = 1"},"filename":"D:\\a\\xet-core\\xet-core\\xet_client\\src\\cas_client\\adaptive_concurrency\\controller.rs","line_number":602}
{"timestamp":"2026-09-03T18:28:03.225411Z","level":"INFO","fields":{"message":"Concurrency control for download: Decreased concurrency from 6 to 5; reason: success ratio below threshold (connection struggling) (success_ratio = 1.000, threshold = 0.500)"},"filename":"D:\\a\\xet-core\\xet-core\\xet_client\\src\\cas_client\\adaptive_concurrency\\controller.rs","line_number":586}
{"timestamp":"2026-09-03T18:28:03.876343Z","level":"INFO","fields":{"message":"Concurrency control for download: Decreased concurrency from 5 to 4; reason: success ratio below threshold (connection struggling) (success_ratio = 1.000, threshold = 0.500)"},"filename":"D:\\a\\xet-core\\xet-core\\xet_client\\src\\cas_client\\adaptive_concurrency\\controller.rs","line_number":586}
{"timestamp":"2026-09-03T18:28:04.970570Z","level":"INFO","fields":{"message":"Concurrency control for download: Decreased concurrency from 4 to 3; reason: success ratio below threshold (connection struggling) (success_ratio = 1.000, threshold = 0.500)"},"filename":"D:\\a\\xet-core\\xet-core\\xet_client\\src\\cas_client\\adaptive_concurrency\\controller.rs","line_number":586}
{"timestamp":"2026-09-03T18:28:05.667457Z","level":"INFO","fields":{"message":"Concurrency control for download: Decreased concurrency from 3 to 2; reason: success ratio below threshold (connection struggling) (success_ratio = 1.000, threshold = 0.500)"},"filename":"D:\\a\\xet-core\\xet-core\\xet_client\\src\\cas_client\\adaptive_concurrency\\controller.rs","line_number":586}
{"timestamp":"2026-09-03T18:28:06.209673Z","level":"INFO","fields":{"message":"Concurrency control for download: Increased concurrency from 2 to 3; reason: success ratio 1.000 is above threshold 0.800 and predicted RTT for 61MB at new concurrency is 53.25s < target 60.0s"},"filename":"D:\\a\\xet-core\\xet-core\\xet_client\\src\\cas_client\\adaptive_concurrency\\controller.rs","line_number":548}
{"timestamp":"2026-09-03T18:28:07.090349Z","level":"INFO","fields":{"message":"Concurrency control for download: Decreased concurrency from 3 to 2; reason: success ratio below threshold (connection struggling) (success_ratio = 1.000, threshold = 0.500)"},"filename":"D:\\a\\xet-core\\xet-core\\xet_client\\src\\cas_client\\adaptive_concurrency\\controller.rs","line_number":586}
{"timestamp":"2026-09-03T18:28:07.728915Z","level":"INFO","fields":{"message":"Concurrency control for download: Increased concurrency from 2 to 3; reason: success ratio 1.000 is above threshold 0.800 and predicted RTT for 61MB at new concurrency is 53.62s < target 60.0s"},"filename":"D:\\a\\xet-core\\xet-core\\xet_client\\src\\cas_client\\adaptive_concurrency\\controller.rs","line_number":548}
{"timestamp":"2026-09-03T18:28:08.618289Z","level":"INFO","fields":{"message":"Concurrency control for download: Decreased concurrency from 3 to 2; reason: success ratio below threshold (connection struggling) (success_ratio = 1.000, threshold = 0.500)"},"filename":"D:\\a\\xet-core\\xet-core\\xet_client\\src\\cas_client\\adaptive_concurrency\\controller.rs","line_number":586}
{"timestamp":"2026-09-03T18:28:09.189511Z","level":"INFO","fields":{"message":"Concurrency control for download: Increased concurrency from 2 to 3; reason: success ratio 1.000 is above threshold 0.800 and predicted RTT for 61MB at new concurrency is 53.04s < target 60.0s"},"filename":"D:\\a\\xet-core\\xet-core\\xet_client\\src\\cas_client\\adaptive_concurrency\\controller.rs","line_number":548}
{"timestamp":"2026-09-03T18:28:09.940430Z","level":"INFO","fields":{"message":"Concurrency control for download: Decreased concurrency from 3 to 2; reason: success ratio below threshold (connection struggling) (success_ratio = 1.000, threshold = 0.500)"},"filename":"D:\\a\\xet-core\\xet-core\\xet_client\\src\\cas_client\\adaptive_concurrency\\controller.rs","line_number":586}
{"timestamp":"2026-09-03T18:28:10.454478Z","level":"INFO","fields":{"message":"Concurrency control for download: Increased concurrency from 2 to 3; reason: success ratio 1.000 is above threshold 0.800 and predicted RTT for 61MB at new concurrency is 52.63s < target 60.0s"},"filename":"D:\\a\\xet-core\\xet-core\\xet_client\\src\\cas_client\\adaptive_concurrency\\controller.rs","line_number":548}
{"timestamp":"2026-09-03T18:28:11.001617Z","level":"INFO","fields":{"message":"Concurrency control for download: Decreased concurrency from 3 to 2; reason: success ratio below threshold (connection struggling) (success_ratio = 1.000, threshold = 0.500)"},"filename":"D:\\a\\xet-core\\xet-core\\xet_client\\src\\cas_client\\adaptive_concurrency\\controller.rs","line_number":586}
{"timestamp":"2026-09-03T18:28:11.509524Z","level":"INFO","fields":{"message":"Concurrency control for download: Increased concurrency from 2 to 3; reason: success ratio 1.000 is above threshold 0.800 and predicted RTT for 61MB at new concurrency is 53.80s < target 60.0s"},"filename":"D:\\a\\xet-core\\xet-core\\xet_client\\src\\cas_client\\adaptive_concurrency\\controller.rs","line_number":548}
{"timestamp":"2026-09-03T18:28:12.031357Z","level":"INFO","fields":{"message":"Concurrency control for download: Increased concurrency from 3 to 4; reason: success ratio 1.000 is above threshold 0.800 and predicted RTT for 61MB at new concurrency is 59.23s < target 60.0s"},"filename":"D:\\a\\xet-core\\xet-core\\xet_client\\src\\cas_client\\adaptive_concurrency\\controller.rs","line_number":548}
{"timestamp":"2026-09-03T18:28:12.579572Z","level":"INFO","fields":{"message":"Concurrency control for download: Decreased concurrency from 4 to 3; reason: success ratio below threshold (connection struggling) (success_ratio = 1.000, threshold = 0.500)"},"filename":"D:\\a\\xet-core\\xet-core\\xet_client\\src\\cas_client\\adaptive_concurrency\\controller.rs","line_number":586}
{"timestamp":"2026-09-03T18:28:13.109000Z","level":"INFO","fields":{"message":"Concurrency control for download: Decreased concurrency from 3 to 2; reason: success ratio below threshold (connection struggling) (success_ratio = 1.000, threshold = 0.500)"},"filename":"D:\\a\\xet-core\\xet-core\\xet_client\\src\\cas_client\\adaptive_concurrency\\controller.rs","line_number":586}
{"timestamp":"2026-09-03T18:28:13.263073Z","level":"INFO","fields":{"message":"Concurrency control for download: Current concurrency = 2; predicted bandwidth = 281892; success_ratio = 1.000; reference_size = 61.0MB; observed bytes sent so far = 92033422; completed transmissions = 1"},"filename":"D:\\a\\xet-core\\xet-core\\xet_client\\src\\cas_client\\adaptive_concurrency\\controller.rs","line_number":602}
{"timestamp":"2026-09-03T18:28:13.665345Z","level":"INFO","fields":{"message":"Concurrency control for download: Increased concurrency from 2 to 3; reason: success ratio 1.000 is above threshold 0.800 and predicted RTT for 61MB at new concurrency is 54.69s < target 60.0s"},"filename":"D:\\a\\xet-core\\xet-core\\xet_client\\src\\cas_client\\adaptive_concurrency\\controller.rs","line_number":548}
{"timestamp":"2026-09-03T18:28:14.192112Z","level":"INFO","fields":{"message":"Concurrency control for download: Decreased concurrency from 3 to 2; reason: success ratio below threshold (connection struggling) (success_ratio = 1.000, threshold = 0.500)"},"filename":"D:\\a\\xet-core\\xet-core\\xet_client\\src\\cas_client\\adaptive_concurrency\\controller.rs","line_number":586}
{"timestamp":"2026-09-03T18:28:14.740459Z","level":"INFO","fields":{"message":"Concurrency control for download: Increased concurrency from 2 to 3; reason: success ratio 1.000 is above threshold 0.800 and predicted RTT for 61MB at new concurrency is 55.16s < target 60.0s"},"filename":"D:\\a\\xet-core\\xet-core\\xet_client\\src\\cas_client\\adaptive_concurrency\\controller.rs","line_number":548}
{"timestamp":"2026-09-03T18:28:15.290869Z","level":"INFO","fields":{"message":"Concurrency control for download: Decreased concurrency from 3 to 2; reason: success ratio below threshold (connection struggling) (success_ratio = 1.000, threshold = 0.500)"},"filename":"D:\\a\\xet-core\\xet-core\\xet_client\\src\\cas_client\\adaptive_concurrency\\controller.rs","line_number":586}
{"timestamp":"2026-09-03T18:28:16.040443Z","level":"INFO","fields":{"message":"Concurrency control for download: Increased concurrency from 2 to 3; reason: success ratio 1.000 is above threshold 0.800 and predicted RTT for 61MB at new concurrency is 55.40s < target 60.0s"},"filename":"D:\\a\\xet-core\\xet-core\\xet_client\\src\\cas_client\\adaptive_concurrency\\controller.rs","line_number":548}
{"timestamp":"2026-09-03T18:28:16.588124Z","level":"INFO","fields":{"message":"Concurrency control for download: Increased concurrency from 3 to 4; reason: success ratio 1.000 is above threshold 0.800 and predicted RTT for 61MB at new concurrency is 59.94s < target 60.0s"},"filename":"D:\\a\\xet-core\\xet-core\\xet_client\\src\\cas_client\\adaptive_concurrency\\controller.rs","line_number":548}
{"timestamp":"2026-09-03T18:28:17.396273Z","level":"INFO","fields":{"message":"Concurrency control for download: Decreased concurrency from 4 to 3; reason: success ratio below threshold (connection struggling) (success_ratio = 1.000, threshold = 0.500)"},"filename":"D:\\a\\xet-core\\xet-core\\xet_client\\src\\cas_client\\adaptive_concurrency\\controller.rs","line_number":586}
{"timestamp":"2026-09-03T18:28:17.909628Z","level":"INFO","fields":{"message":"Concurrency control for download: Increased concurrency from 3 to 4; reason: success ratio 1.000 is above threshold 0.800 and predicted RTT for 61MB at new concurrency is 59.54s < target 60.0s"},"filename":"D:\\a\\xet-core\\xet-core\\xet_client\\src\\cas_client\\adaptive_concurrency\\controller.rs","line_number":548}
{"timestamp":"2026-09-03T18:28:18.513279Z","level":"INFO","fields":{"message":"Concurrency control for download: Decreased concurrency from 4 to 3; reason: success ratio below threshold (connection struggling) (success_ratio = 1.000, threshold = 0.500)"},"filename":"D:\\a\\xet-core\\xet-core\\xet_client\\src\\cas_client\\adaptive_concurrency\\controller.rs","line_number":586}
{"timestamp":"2026-09-03T18:28:19.052605Z","level":"INFO","fields":{"message":"Concurrency control for download: Increased concurrency from 3 to 4; reason: success ratio 1.000 is above threshold 0.800 and predicted RTT for 61MB at new concurrency is 59.59s < target 60.0s"},"filename":"D:\\a\\xet-core\\xet-core\\xet_client\\src\\cas_client\\adaptive_concurrency\\controller.rs","line_number":548}
{"timestamp":"2026-09-03T18:28:20.092079Z","level":"INFO","fields":{"message":"Concurrency control for download: Decreased concurrency from 4 to 3; reason: success ratio below threshold (connection struggling) (success_ratio = 1.000, threshold = 0.500)"},"filename":"D:\\a\\xet-core\\xet-core\\xet_client\\src\\cas_client\\adaptive_concurrency\\controller.rs","line_number":586}
{"timestamp":"2026-09-03T18:28:20.671767Z","level":"INFO","fields":{"message":"Concurrency control for download: Increased concurrency from 3 to 4; reason: success ratio 1.000 is above threshold 0.800 and predicted RTT for 61MB at new concurrency is 59.86s < target 60.0s"},"filename":"D:\\a\\xet-core\\xet-core\\xet_client\\src\\cas_client\\adaptive_concurrency\\controller.rs","line_number":548}
{"timestamp":"2026-09-03T18:28:21.207290Z","level":"INFO","fields":{"message":"Concurrency control for download: Decreased concurrency from 4 to 3; reason: success ratio below threshold (connection struggling) (success_ratio = 1.000, threshold = 0.500)"},"filename":"D:\\a\\xet-core\\xet-core\\xet_client\\src\\cas_client\\adaptive_concurrency\\controller.rs","line_number":586}
{"timestamp":"2026-09-03T18:28:21.828374Z","level":"INFO","fields":{"message":"Concurrency control for download: Increased concurrency from 3 to 4; reason: success ratio 1.000 is above threshold 0.800 and predicted RTT for 61MB at new concurrency is 59.07s < target 60.0s"},"filename":"D:\\a\\xet-core\\xet-core\\xet_client\\src\\cas_client\\adaptive_concurrency\\controller.rs","line_number":548}
{"timestamp":"2026-09-03T18:28:22.376213Z","level":"INFO","fields":{"message":"Concurrency control for download: Increased concurrency from 4 to 5; reason: success ratio 1.000 is above threshold 0.800 and predicted RTT for 61MB at new concurrency is 56.32s < target 60.0s"},"filename":"D:\\a\\xet-core\\xet-core\\xet_client\\src\\cas_client\\adaptive_concurrency\\controller.rs","line_number":548}
{"timestamp":"2026-09-03T18:28:23.064647Z","level":"INFO","fields":{"message":"Concurrency control for download: Increased concurrency from 5 to 6; reason: success ratio 1.000 is above threshold 0.800 and predicted RTT for 61MB at new concurrency is 56.02s < target 60.0s"},"filename":"D:\\a\\xet-core\\xet-core\\xet_client\\src\\cas_client\\adaptive_concurrency\\controller.rs","line_number":548}
{"timestamp":"2026-09-03T18:28:23.343364Z","level":"INFO","fields":{"message":"Concurrency control for download: Current concurrency = 6; predicted bandwidth = 183005; success_ratio = 1.000; reference_size = 61.0MB; observed bytes sent so far = 100386910; completed transmissions = 1"},"filename":"D:\\a\\xet-core\\xet-core\\xet_client\\src\\cas_client\\adaptive_concurrency\\controller.rs","line_number":602}
{"timestamp":"2026-09-03T18:28:23.580582Z","level":"INFO","fields":{"message":"Concurrency control for download: Increased concurrency from 6 to 7; reason: success ratio 1.000 is above threshold 0.800 and predicted RTT for 61MB at new concurrency is 55.84s < target 60.0s"},"filename":"D:\\a\\xet-core\\xet-core\\xet_client\\src\\cas_client\\adaptive_concurrency\\controller.rs","line_number":548}
{"timestamp":"2026-09-03T18:28:23.580659Z","level":"INFO","fields":{"message":"Retry strategy","retry":"RetryWrapper { max_attempts: 5, base_delay: 3s, max_duration: 360s, no_retry_on_429: false, retry_on_403: true, expected_416: false, expected_404: false, log_errors_as_info: false, api_tag: \"s3::get_range\", has_connection_permit: true }"},"filename":"D:\\a\\xet-core\\xet-core\\xet_client\\src\\cas_client\\retry_wrapper.rs","line_number":274}
{"timestamp":"2026-09-03T18:28:23.927204Z","level":"INFO","fields":{"message":"Received CAS response","request_id":"01M1M8EY4K1TQJYBF2DQSHFXTZ","status_code":206},"filename":"D:\\a\\xet-core\\xet-core\\xet_client\\src\\common\\http_client.rs","line_number":288}
{"timestamp":"2026-09-03T18:28:23.927254Z","level":"INFO","fields":{"message":"Request Success: s3::get_range api call succeeded (request id 01M1M8EY4K1TQJYBF2DQSHFXTZ)."},"filename":"D:\\a\\xet-core\\xet-core\\xet_client\\src\\cas_client\\retry_wrapper.rs","line_number":237}
{"timestamp":"2026-09-03T18:28:24.124578Z","level":"INFO","fields":{"message":"Concurrency control for download: Increased concurrency from 7 to 8; reason: success ratio 1.000 is above threshold 0.800 and predicted RTT for 61MB at new concurrency is 57.75s < target 60.0s"},"filename":"D:\\a\\xet-core\\xet-core\\xet_client\\src\\cas_client\\adaptive_concurrency\\controller.rs","line_number":548}
{"timestamp":"2026-09-03T18:28:24.124629Z","level":"INFO","fields":{"message":"Retry strategy","retry":"RetryWrapper { max_attempts: 5, base_delay: 3s, max_duration: 360s, no_retry_on_429: false, retry_on_403: true, expected_416: false, expected_404: false, log_errors_as_info: false, api_tag: \"s3::get_range\", has_connection_permit: true }"},"filename":"D:\\a\\xet-core\\xet-core\\xet_client\\src\\cas_client\\retry_wrapper.rs","line_number":274}
{"timestamp":"2026-09-03T18:28:24.722972Z","level":"INFO","fields":{"message":"Concurrency control for download: Decreased concurrency from 8 to 7; reason: success ratio below threshold (connection struggling) (success_ratio = 1.000, threshold = 0.500)"},"filename":"D:\\a\\xet-core\\xet-core\\xet_client\\src\\cas_client\\adaptive_concurrency\\controller.rs","line_number":586}
{"timestamp":"2026-09-03T18:28:25.294889Z","level":"INFO","fields":{"message":"Concurrency control for download: Decreased concurrency from 7 to 6; reason: success ratio below threshold (connection struggling) (success_ratio = 1.000, threshold = 0.500)"},"filename":"D:\\a\\xet-core\\xet-core\\xet_client\\src\\cas_client\\adaptive_concurrency\\controller.rs","line_number":586}
{"timestamp":"2026-09-03T18:28:25.483303Z","level":"INFO","fields":{"message":"Received CAS response","request_id":"01M1M8EZ66AHGCAMTRJGW56CC3","status_code":206},"filename":"D:\\a\\xet-core\\xet-core\\xet_client\\src\\common\\http_client.rs","line_number":288}
{"timestamp":"2026-09-03T18:28:25.483366Z","level":"INFO","fields":{"message":"Request Success: s3::get_range api call succeeded (request id 01M1M8EZ66AHGCAMTRJGW56CC3)."},"filename":"D:\\a\\xet-core\\xet-core\\xet_client\\src\\cas_client\\retry_wrapper.rs","line_number":237}
{"timestamp":"2026-09-03T18:28:25.902844Z","level":"INFO","fields":{"message":"Concurrency control for download: Decreased concurrency from 6 to 5; reason: success ratio below threshold (connection struggling) (success_ratio = 1.000, threshold = 0.500)"},"filename":"D:\\a\\xet-core\\xet-core\\xet_client\\src\\cas_client\\adaptive_concurrency\\controller.rs","line_number":586}
{"timestamp":"2026-09-03T18:28:26.685389Z","level":"INFO","fields":{"message":"Concurrency control for download: Decreased concurrency from 5 to 4; reason: success ratio below threshold (connection struggling) (success_ratio = 1.000, threshold = 0.500)"},"filename":"D:\\a\\xet-core\\xet-core\\xet_client\\src\\cas_client\\adaptive_concurrency\\controller.rs","line_number":586}
{"timestamp":"2026-09-03T18:28:27.275477Z","level":"INFO","fields":{"message":"Concurrency control for download: Decreased concurrency from 4 to 3; reason: success ratio below threshold (connection struggling) (success_ratio = 1.000, threshold = 0.500)"},"filename":"D:\\a\\xet-core\\xet-core\\xet_client\\src\\cas_client\\adaptive_concurrency\\controller.rs","line_number":586}
{"timestamp":"2026-09-03T18:28:27.796077Z","level":"INFO","fields":{"message":"Concurrency control for download: Decreased concurrency from 3 to 2; reason: success ratio below threshold (connection struggling) (success_ratio = 1.000, threshold = 0.500)"},"filename":"D:\\a\\xet-core\\xet-core\\xet_client\\src\\cas_client\\adaptive_concurrency\\controller.rs","line_number":586}
{"timestamp":"2026-09-03T18:28:28.629680Z","level":"INFO","fields":{"message":"Concurrency control for download: Decreased concurrency from 2 to 1; reason: success ratio below threshold (connection struggling) (success_ratio = 1.000, threshold = 0.500)"},"filename":"D:\\a\\xet-core\\xet-core\\xet_client\\src\\cas_client\\adaptive_concurrency\\controller.rs","line_number":586}
{"timestamp":"2026-09-03T18:28:29.220881Z","level":"INFO","fields":{"message":"Concurrency control for download: Increased concurrency from 1 to 2; reason: success ratio 1.000 is above threshold 0.800 and predicted RTT for 61MB at new concurrency is 56.98s < target 60.0s"},"filename":"D:\\a\\xet-core\\xet-core\\xet_client\\src\\cas_client\\adaptive_concurrency\\controller.rs","line_number":548}
{"timestamp":"2026-09-03T18:28:29.782784Z","level":"INFO","fields":{"message":"Concurrency control for download: Decreased concurrency from 2 to 1; reason: success ratio below threshold (connection struggling) (success_ratio = 1.000, threshold = 0.500)"},"filename":"D:\\a\\xet-core\\xet-core\\xet_client\\src\\cas_client\\adaptive_concurrency\\controller.rs","line_number":586}
{"timestamp":"2026-09-03T18:28:30.435822Z","level":"INFO","fields":{"message":"Concurrency control for download: Increased concurrency from 1 to 2; reason: success ratio 1.000 is above threshold 0.800 and predicted RTT for 61MB at new concurrency is 56.80s < target 60.0s"},"filename":"D:\\a\\xet-core\\xet-core\\xet_client\\src\\cas_client\\adaptive_concurrency\\controller.rs","line_number":548}
{"timestamp":"2026-09-03T18:28:31.279258Z","level":"INFO","fields":{"message":"Concurrency control for download: Decreased concurrency from 2 to 1; reason: success ratio below threshold (connection struggling) (success_ratio = 1.000, threshold = 0.500)"},"filename":"D:\\a\\xet-core\\xet-core\\xet_client\\src\\cas_client\\adaptive_concurrency\\controller.rs","line_number":586}
{"timestamp":"2026-09-03T18:28:31.827577Z","level":"INFO","fields":{"message":"Concurrency control for download: Increased concurrency from 1 to 2; reason: success ratio 1.000 is above threshold 0.800 and predicted RTT for 61MB at new concurrency is 56.98s < target 60.0s"},"filename":"D:\\a\\xet-core\\xet-core\\xet_client\\src\\cas_client\\adaptive_concurrency\\controller.rs","line_number":548}
{"timestamp":"2026-09-03T18:28:32.508166Z","level":"INFO","fields":{"message":"Concurrency control for download: Decreased concurrency from 2 to 1; reason: success ratio below threshold (connection struggling) (success_ratio = 1.000, threshold = 0.500)"},"filename":"D:\\a\\xet-core\\xet-core\\xet_client\\src\\cas_client\\adaptive_concurrency\\controller.rs","line_number":586}
{"timestamp":"2026-09-03T18:28:33.009837Z","level":"INFO","fields":{"message":"Concurrency control for download: Increased concurrency from 1 to 2; reason: success ratio 1.000 is above threshold 0.800 and predicted RTT for 61MB at new concurrency is 58.72s < target 60.0s"},"filename":"D:\\a\\xet-core\\xet-core\\xet_client\\src\\cas_client\\adaptive_concurrency\\controller.rs","line_number":548}
{"timestamp":"2026-09-03T18:28:33.343483Z","level":"INFO","fields":{"message":"Concurrency control for download: Current concurrency = 2; predicted bandwidth = 249117; success_ratio = 1.000; reference_size = 61.0MB; observed bytes sent so far = 109723520; completed transmissions = 1"},"filename":"D:\\a\\xet-core\\xet-core\\xet_client\\src\\cas_client\\adaptive_concurrency\\controller.rs","line_number":602}
{"timestamp":"2026-09-03T18:28:33.816283Z","level":"INFO","fields":{"message":"Concurrency control for download: Decreased concurrency from 2 to 1; reason: success ratio below threshold (connection struggling) (success_ratio = 1.000, threshold = 0.500)"},"filename":"D:\\a\\xet-core\\xet-core\\xet_client\\src\\cas_client\\adaptive_concurrency\\controller.rs","line_number":586}
{"timestamp":"2026-09-03T18:28:34.317592Z","level":"INFO","fields":{"message":"Concurrency control for download: Increased concurrency from 1 to 2; reason: success ratio 1.000 is above threshold 0.800 and predicted RTT for 61MB at new concurrency is 59.45s < target 60.0s"},"filename":"D:\\a\\xet-core\\xet-core\\xet_client\\src\\cas_client\\adaptive_concurrency\\controller.rs","line_number":548}
{"timestamp":"2026-09-03T18:28:34.828702Z","level":"INFO","fields":{"message":"Concurrency control for download: Decreased concurrency from 2 to 1; reason: success ratio below threshold (connection struggling) (success_ratio = 1.000, threshold = 0.500)"},"filename":"D:\\a\\xet-core\\xet-core\\xet_client\\src\\cas_client\\adaptive_concurrency\\controller.rs","line_number":586}
{"timestamp":"2026-09-03T18:28:35.485097Z","level":"INFO","fields":{"message":"Concurrency control for download: Increased concurrency from 1 to 2; reason: success ratio 1.000 is above threshold 0.800 and predicted RTT for 61MB at new concurrency is 59.49s < target 60.0s"},"filename":"D:\\a\\xet-core\\xet-core\\xet_client\\src\\cas_client\\adaptive_concurrency\\controller.rs","line_number":548}
{"timestamp":"2026-09-03T18:28:36.165376Z","level":"INFO","fields":{"message":"Concurrency control for download: Decreased concurrency from 2 to 1; reason: success ratio below threshold (connection struggling) (success_ratio = 1.000, threshold = 0.500)"},"filename":"D:\\a\\xet-core\\xet-core\\xet_client\\src\\cas_client\\adaptive_concurrency\\controller.rs","line_number":586}
{"timestamp":"2026-09-03T18:28:36.739421Z","level":"INFO","fields":{"message":"Concurrency control for download: Decreased concurrency from 1 to 1; reason: success ratio below threshold (connection struggling) (success_ratio = 1.000, threshold = 0.500)"},"filename":"D:\\a\\xet-core\\xet-core\\xet_client\\src\\cas_client\\adaptive_concurrency\\controller.rs","line_number":586}
{"timestamp":"2026-09-03T18:28:37.695614Z","level":"INFO","fields":{"message":"Concurrency control for download: Decreased concurrency from 1 to 1; reason: success ratio below threshold (connection struggling) (success_ratio = 1.000, threshold = 0.500)"},"filename":"D:\\a\\xet-core\\xet-core\\xet_client\\src\\cas_client\\adaptive_concurrency\\controller.rs","line_number":586}
{"timestamp":"2026-09-03T18:28:38.290742Z","level":"INFO","fields":{"message":"Concurrency control for download: Decreased concurrency from 1 to 1; reason: success ratio below threshold (connection struggling) (success_ratio = 1.000, threshold = 0.500)"},"filename":"D:\\a\\xet-core\\xet-core\\xet_client\\src\\cas_client\\adaptive_concurrency\\controller.rs","line_number":586}
{"timestamp":"2026-09-03T18:28:38.909196Z","level":"INFO","fields":{"message":"Concurrency control for download: Decreased concurrency from 1 to 1; reason: success ratio below threshold (connection struggling) (success_ratio = 1.000, threshold = 0.500)"},"filename":"D:\\a\\xet-core\\xet-core\\xet_client\\src\\cas_client\\adaptive_concurrency\\controller.rs","line_number":586}
{"timestamp":"2026-09-03T18:28:39.501228Z","level":"INFO","fields":{"message":"Concurrency control for download: Decreased concurrency from 1 to 1; reason: success ratio below threshold (connection struggling) (success_ratio = 1.000, threshold = 0.500)"},"filename":"D:\\a\\xet-core\\xet-core\\xet_client\\src\\cas_client\\adaptive_concurrency\\controller.rs","line_number":586}
{"timestamp":"2026-09-03T18:28:40.094981Z","level":"INFO","fields":{"message":"Concurrency control for download: Decreased concurrency from 1 to 1; reason: success ratio below threshold (connection struggling) (success_ratio = 1.000, threshold = 0.500)"},"filename":"D:\\a\\xet-core\\xet-core\\xet_client\\src\\cas_client\\adaptive_concurrency\\controller.rs","line_number":586}
{"timestamp":"2026-09-03T18:28:40.597285Z","level":"INFO","fields":{"message":"Concurrency control for download: Decreased concurrency from 1 to 1; reason: success ratio below threshold (connection struggling) (success_ratio = 1.000, threshold = 0.500)"},"filename":"D:\\a\\xet-core\\xet-core\\xet_client\\src\\cas_client\\adaptive_concurrency\\controller.rs","line_number":586}
{"timestamp":"2026-09-03T18:28:41.153757Z","level":"INFO","fields":{"message":"Concurrency control for download: Decreased concurrency from 1 to 1; reason: success ratio below threshold (connection struggling) (success_ratio = 1.000, threshold = 0.500)"},"filename":"D:\\a\\xet-core\\xet-core\\xet_client\\src\\cas_client\\adaptive_concurrency\\controller.rs","line_number":586}
{"timestamp":"2026-09-03T18:28:41.740799Z","level":"INFO","fields":{"message":"Concurrency control for download: Decreased concurrency from 1 to 1; reason: success ratio below threshold (connection struggling) (success_ratio = 1.000, threshold = 0.500)"},"filename":"D:\\a\\xet-core\\xet-core\\xet_client\\src\\cas_client\\adaptive_concurrency\\controller.rs","line_number":586}
{"timestamp":"2026-09-03T18:28:42.379991Z","level":"INFO","fields":{"message":"Concurrency control for download: Decreased concurrency from 1 to 1; reason: success ratio below threshold (connection struggling) (success_ratio = 1.000, threshold = 0.500)"},"filename":"D:\\a\\xet-core\\xet-core\\xet_client\\src\\cas_client\\adaptive_concurrency\\controller.rs","line_number":586}
{"timestamp":"2026-09-03T18:28:42.978434Z","level":"INFO","fields":{"message":"Concurrency control for download: Decreased concurrency from 1 to 1; reason: success ratio below threshold (connection struggling) (success_ratio = 1.000, threshold = 0.500)"},"filename":"D:\\a\\xet-core\\xet-core\\xet_client\\src\\cas_client\\adaptive_concurrency\\controller.rs","line_number":586}
{"timestamp":"2026-09-03T18:28:43.370714Z","level":"INFO","fields":{"message":"Concurrency control for download: Current concurrency = 1; predicted bandwidth = 220854; success_ratio = 1.000; reference_size = 61.0MB; observed bytes sent so far = 118808076; completed transmissions = 1"},"filename":"D:\\a\\xet-core\\xet-core\\xet_client\\src\\cas_client\\adaptive_concurrency\\controller.rs","line_number":602}
{"timestamp":"2026-09-03T18:28:43.493976Z","level":"INFO","fields":{"message":"Concurrency control for download: Decreased concurrency from 1 to 1; reason: success ratio below threshold (connection struggling) (success_ratio = 1.000, threshold = 0.500)"},"filename":"D:\\a\\xet-core\\xet-core\\xet_client\\src\\cas_client\\adaptive_concurrency\\controller.rs","line_number":586}
{"timestamp":"2026-09-03T18:28:44.032073Z","level":"INFO","fields":{"message":"Concurrency control for download: Decreased concurrency from 1 to 1; reason: success ratio below threshold (connection struggling) (success_ratio = 1.000, threshold = 0.500)"},"filename":"D:\\a\\xet-core\\xet-core\\xet_client\\src\\cas_client\\adaptive_concurrency\\controller.rs","line_number":586}
{"timestamp":"2026-09-03T18:28:44.621899Z","level":"INFO","fields":{"message":"Concurrency control for download: Decreased concurrency from 1 to 1; reason: success ratio below threshold (connection struggling) (success_ratio = 1.000, threshold = 0.500)"},"filename":"D:\\a\\xet-core\\xet-core\\xet_client\\src\\cas_client\\adaptive_concurrency\\controller.rs","line_number":586}
{"timestamp":"2026-09-03T18:28:45.168333Z","level":"INFO","fields":{"message":"Concurrency control for download: Decreased concurrency from 1 to 1; reason: success ratio below threshold (connection struggling) (success_ratio = 1.000, threshold = 0.500)"},"filename":"D:\\a\\xet-core\\xet-core\\xet_client\\src\\cas_client\\adaptive_concurrency\\controller.rs","line_number":586}
{"timestamp":"2026-09-03T18:28:45.939812Z","level":"INFO","fields":{"message":"Concurrency control for download: Decreased concurrency from 1 to 1; reason: success ratio below threshold (connection struggling) (success_ratio = 1.000, threshold = 0.500)"},"filename":"D:\\a\\xet-core\\xet-core\\xet_client\\src\\cas_client\\adaptive_concurrency\\controller.rs","line_number":586}
{"timestamp":"2026-09-03T18:28:46.473867Z","level":"INFO","fields":{"message":"Concurrency control for download: Decreased concurrency from 1 to 1; reason: success ratio below threshold (connection struggling) (success_ratio = 1.000, threshold = 0.500)"},"filename":"D:\\a\\xet-core\\xet-core\\xet_client\\src\\cas_client\\adaptive_concurrency\\controller.rs","line_number":586}
{"timestamp":"2026-09-03T18:28:47.016886Z","level":"INFO","fields":{"message":"Concurrency control for download: Decreased concurrency from 1 to 1; reason: success ratio below threshold (connection struggling) (success_ratio = 1.000, threshold = 0.500)"},"filename":"D:\\a\\xet-core\\xet-core\\xet_client\\src\\cas_client\\adaptive_concurrency\\controller.rs","line_number":586}
{"timestamp":"2026-09-03T18:28:47.704049Z","level":"INFO","fields":{"message":"Concurrency control for download: Decreased concurrency from 1 to 1; reason: success ratio below threshold (connection struggling) (success_ratio = 1.000, threshold = 0.500)"},"filename":"D:\\a\\xet-core\\xet-core\\xet_client\\src\\cas_client\\adaptive_concurrency\\controller.rs","line_number":586}
{"timestamp":"2026-09-03T18:28:48.540767Z","level":"INFO","fields":{"message":"Concurrency control for download: Decreased concurrency from 1 to 1; reason: success ratio below threshold (connection struggling) (success_ratio = 1.000, threshold = 0.500)"},"filename":"D:\\a\\xet-core\\xet-core\\xet_client\\src\\cas_client\\adaptive_concurrency\\controller.rs","line_number":586}
{"timestamp":"2026-09-03T18:28:49.053405Z","level":"INFO","fields":{"message":"Concurrency control for download: Decreased concurrency from 1 to 1; reason: success ratio below threshold (connection struggling) (success_ratio = 1.000, threshold = 0.500)"},"filename":"D:\\a\\xet-core\\xet-core\\xet_client\\src\\cas_client\\adaptive_concurrency\\controller.rs","line_number":586}
{"timestamp":"2026-09-03T18:28:49.756099Z","level":"INFO","fields":{"message":"Concurrency control for download: Decreased concurrency from 1 to 1; reason: success ratio below threshold (connection struggling) (success_ratio = 1.000, threshold = 0.500)"},"filename":"D:\\a\\xet-core\\xet-core\\xet_client\\src\\cas_client\\adaptive_concurrency\\controller.rs","line_number":586}
{"timestamp":"2026-09-03T18:28:50.274987Z","level":"INFO","fields":{"message":"Concurrency control for download: Decreased concurrency from 1 to 1; reason: success ratio below threshold (connection struggling) (success_ratio = 1.000, threshold = 0.500)"},"filename":"D:\\a\\xet-core\\xet-core\\xet_client\\src\\cas_client\\adaptive_concurrency\\controller.rs","line_number":586}
{"timestamp":"2026-09-03T18:28:50.790353Z","level":"INFO","fields":{"message":"Concurrency control for download: Decreased concurrency from 1 to 1; reason: success ratio below threshold (connection struggling) (success_ratio = 1.000, threshold = 0.500)"},"filename":"D:\\a\\xet-core\\xet-core\\xet_client\\src\\cas_client\\adaptive_concurrency\\controller.rs","line_number":586}
{"timestamp":"2026-09-03T18:28:51.493679Z","level":"INFO","fields":{"message":"Concurrency control for download: Decreased concurrency from 1 to 1; reason: success ratio below threshold (connection struggling) (success_ratio = 1.000, threshold = 0.500)"},"filename":"D:\\a\\xet-core\\xet-core\\xet_client\\src\\cas_client\\adaptive_concurrency\\controller.rs","line_number":586}
{"timestamp":"2026-09-03T18:28:52.077345Z","level":"INFO","fields":{"message":"Concurrency control for download: Decreased concurrency from 1 to 1; reason: success ratio below threshold (connection struggling) (success_ratio = 1.000, threshold = 0.500)"},"filename":"D:\\a\\xet-core\\xet-core\\xet_client\\src\\cas_client\\adaptive_concurrency\\controller.rs","line_number":586}
{"timestamp":"2026-09-03T18:28:52.715613Z","level":"INFO","fields":{"message":"Concurrency control for download: Decreased concurrency from 1 to 1; reason: success ratio below threshold (connection struggling) (success_ratio = 1.000, threshold = 0.500)"},"filename":"D:\\a\\xet-core\\xet-core\\xet_client\\src\\cas_client\\adaptive_concurrency\\controller.rs","line_number":586}
{"timestamp":"2026-09-03T18:28:53.326118Z","level":"INFO","fields":{"message":"Concurrency control for download: Decreased concurrency from 1 to 1; reason: success ratio below threshold (connection struggling) (success_ratio = 1.000, threshold = 0.500)"},"filename":"D:\\a\\xet-core\\xet-core\\xet_client\\src\\cas_client\\adaptive_concurrency\\controller.rs","line_number":586}
{"timestamp":"2026-09-03T18:28:53.386380Z","level":"INFO","fields":{"message":"Concurrency control for download: Current concurrency = 1; predicted bandwidth = 192702; success_ratio = 1.000; reference_size = 61.0MB; observed bytes sent so far = 127978246; completed transmissions = 1"},"filename":"D:\\a\\xet-core\\xet-core\\xet_client\\src\\cas_client\\adaptive_concurrency\\controller.rs","line_number":602}
{"timestamp":"2026-09-03T18:28:53.994273Z","level":"INFO","fields":{"message":"Concurrency control for download: Decreased concurrency from 1 to 1; reason: success ratio below threshold (connection struggling) (success_ratio = 1.000, threshold = 0.500)"},"filename":"D:\\a\\xet-core\\xet-core\\xet_client\\src\\cas_client\\adaptive_concurrency\\controller.rs","line_number":586}
{"timestamp":"2026-09-03T18:28:54.698337Z","level":"INFO","fields":{"message":"Concurrency control for download: Decreased concurrency from 1 to 1; reason: success ratio below threshold (connection struggling) (success_ratio = 1.000, threshold = 0.500)"},"filename":"D:\\a\\xet-core\\xet-core\\xet_client\\src\\cas_client\\adaptive_concurrency\\controller.rs","line_number":586}
{"timestamp":"2026-09-03T18:28:55.227236Z","level":"INFO","fields":{"message":"Concurrency control for download: Decreased concurrency from 1 to 1; reason: success ratio below threshold (connection struggling) (success_ratio = 1.000, threshold = 0.500)"},"filename":"D:\\a\\xet-core\\xet-core\\xet_client\\src\\cas_client\\adaptive_concurrency\\controller.rs","line_number":586}
{"timestamp":"2026-09-03T18:28:55.837428Z","level":"INFO","fields":{"message":"Concurrency control for download: Decreased concurrency from 1 to 1; reason: success ratio below threshold (connection struggling) (success_ratio = 1.000, threshold = 0.500)"},"filename":"D:\\a\\xet-core\\xet-core\\xet_client\\src\\cas_client\\adaptive_concurrency\\controller.rs","line_number":586}
{"timestamp":"2026-09-03T18:28:56.354672Z","level":"INFO","fields":{"message":"Concurrency control for download: Decreased concurrency from 1 to 1; reason: success ratio below threshold (connection struggling) (success_ratio = 1.000, threshold = 0.500)"},"filename":"D:\\a\\xet-core\\xet-core\\xet_client\\src\\cas_client\\adaptive_concurrency\\controller.rs","line_number":586}
{"timestamp":"2026-09-03T18:28:56.857655Z","level":"INFO","fields":{"message":"Concurrency control for download: Decreased concurrency from 1 to 1; reason: success ratio below threshold (connection struggling) (success_ratio = 1.000, threshold = 0.500)"},"filename":"D:\\a\\xet-core\\xet-core\\xet_client\\src\\cas_client\\adaptive_concurrency\\controller.rs","line_number":586}
{"timestamp":"2026-09-03T18:28:57.493081Z","level":"INFO","fields":{"message":"Concurrency control for download: Decreased concurrency from 1 to 1; reason: success ratio below threshold (connection struggling) (success_ratio = 1.000, threshold = 0.500)"},"filename":"D:\\a\\xet-core\\xet-core\\xet_client\\src\\cas_client\\adaptive_concurrency\\controller.rs","line_number":586}
{"timestamp":"2026-09-03T18:28:58.094007Z","level":"INFO","fields":{"message":"Concurrency control for download: Decreased concurrency from 1 to 1; reason: success ratio below threshold (connection struggling) (success_ratio = 1.000, threshold = 0.500)"},"filename":"D:\\a\\xet-core\\xet-core\\xet_client\\src\\cas_client\\adaptive_concurrency\\controller.rs","line_number":586}
{"timestamp":"2026-09-03T18:28:58.761995Z","level":"INFO","fields":{"message":"Concurrency control for download: Decreased concurrency from 1 to 1; reason: success ratio below threshold (connection struggling) (success_ratio = 1.000, threshold = 0.500)"},"filename":"D:\\a\\xet-core\\xet-core\\xet_client\\src\\cas_client\\adaptive_concurrency\\controller.rs","line_number":586}
{"timestamp":"2026-09-03T18:28:59.331978Z","level":"INFO","fields":{"message":"Concurrency control for download: Decreased concurrency from 1 to 1; reason: success ratio below threshold (connection struggling) (success_ratio = 1.000, threshold = 0.500)"},"filename":"D:\\a\\xet-core\\xet-core\\xet_client\\src\\cas_client\\adaptive_concurrency\\controller.rs","line_number":586}
{"timestamp":"2026-09-03T18:28:59.948899Z","level":"INFO","fields":{"message":"Concurrency control for download: Decreased concurrency from 1 to 1; reason: success ratio below threshold (connection struggling) (success_ratio = 1.000, threshold = 0.500)"},"filename":"D:\\a\\xet-core\\xet-core\\xet_client\\src\\cas_client\\adaptive_concurrency\\controller.rs","line_number":586}
{"timestamp":"2026-09-03T18:29:00.482671Z","level":"INFO","fields":{"message":"Concurrency control for download: Decreased concurrency from 1 to 1; reason: success ratio below threshold (connection struggling) (success_ratio = 1.000, threshold = 0.500)"},"filename":"D:\\a\\xet-core\\xet-core\\xet_client\\src\\cas_client\\adaptive_concurrency\\controller.rs","line_number":586}
{"timestamp":"2026-09-03T18:29:01.169054Z","level":"INFO","fields":{"message":"Concurrency control for download: Decreased concurrency from 1 to 1; reason: success ratio below threshold (connection struggling) (success_ratio = 1.000, threshold = 0.500)"},"filename":"D:\\a\\xet-core\\xet-core\\xet_client\\src\\cas_client\\adaptive_concurrency\\controller.rs","line_number":586}
{"timestamp":"2026-09-03T18:29:01.676457Z","level":"INFO","fields":{"message":"Concurrency control for download: Decreased concurrency from 1 to 1; reason: success ratio below threshold (connection struggling) (success_ratio = 1.000, threshold = 0.500)"},"filename":"D:\\a\\xet-core\\xet-core\\xet_client\\src\\cas_client\\adaptive_concurrency\\controller.rs","line_number":586}
{"timestamp":"2026-09-03T18:29:02.252683Z","level":"INFO","fields":{"message":"Concurrency control for download: Decreased concurrency from 1 to 1; reason: success ratio below threshold (connection struggling) (success_ratio = 1.000, threshold = 0.500)"},"filename":"D:\\a\\xet-core\\xet-core\\xet_client\\src\\cas_client\\adaptive_concurrency\\controller.rs","line_number":586}
{"timestamp":"2026-09-03T18:29:02.777038Z","level":"INFO","fields":{"message":"Concurrency control for download: Decreased concurrency from 1 to 1; reason: success ratio below threshold (connection struggling) (success_ratio = 1.000, threshold = 0.500)"},"filename":"D:\\a\\xet-core\\xet-core\\xet_client\\src\\cas_client\\adaptive_concurrency\\controller.rs","line_number":586}
{"timestamp":"2026-09-03T18:29:03.298605Z","level":"INFO","fields":{"message":"Concurrency control for download: Decreased concurrency from 1 to 1; reason: success ratio below threshold (connection struggling) (success_ratio = 1.000, threshold = 0.500)"},"filename":"D:\\a\\xet-core\\xet-core\\xet_client\\src\\cas_client\\adaptive_concurrency\\controller.rs","line_number":586}
{"timestamp":"2026-09-03T18:29:03.388888Z","level":"INFO","fields":{"message":"Concurrency control for download: Current concurrency = 1; predicted bandwidth = 134493; success_ratio = 1.000; reference_size = 61.0MB; observed bytes sent so far = 136694534; completed transmissions = 1"},"filename":"D:\\a\\xet-core\\xet-core\\xet_client\\src\\cas_client\\adaptive_concurrency\\controller.rs","line_number":602}
{"timestamp":"2026-09-03T18:29:03.872660Z","level":"INFO","fields":{"message":"Concurrency control for download: Decreased concurrency from 1 to 1; reason: success ratio below threshold (connection struggling) (success_ratio = 1.000, threshold = 0.500)"},"filename":"D:\\a\\xet-core\\xet-core\\xet_client\\src\\cas_client\\adaptive_concurrency\\controller.rs","line_number":586}
{"timestamp":"2026-09-03T18:29:04.402678Z","level":"INFO","fields":{"message":"Concurrency control for download: Decreased concurrency from 1 to 1; reason: success ratio below threshold (connection struggling) (success_ratio = 1.000, threshold = 0.500)"},"filename":"D:\\a\\xet-core\\xet-core\\xet_client\\src\\cas_client\\adaptive_concurrency\\controller.rs","line_number":586}
{"timestamp":"2026-09-03T18:29:04.906127Z","level":"INFO","fields":{"message":"Concurrency control for download: Decreased concurrency from 1 to 1; reason: success ratio below threshold (connection struggling) (success_ratio = 1.000, threshold = 0.500)"},"filename":"D:\\a\\xet-core\\xet-core\\xet_client\\src\\cas_client\\adaptive_concurrency\\controller.rs","line_number":586}
{"timestamp":"2026-09-03T18:29:05.533698Z","level":"INFO","fields":{"message":"Concurrency control for download: Decreased concurrency from 1 to 1; reason: success ratio below threshold (connection struggling) (success_ratio = 1.000, threshold = 0.500)"},"filename":"D:\\a\\xet-core\\xet-core\\xet_client\\src\\cas_client\\adaptive_concurrency\\controller.rs","line_number":586}
{"timestamp":"2026-09-03T18:29:06.067488Z","level":"INFO","fields":{"message":"Concurrency control for download: Decreased concurrency from 1 to 1; reason: success ratio below threshold (connection struggling) (success_ratio = 1.000, threshold = 0.500)"},"filename":"D:\\a\\xet-core\\xet-core\\xet_client\\src\\cas_client\\adaptive_concurrency\\controller.rs","line_number":586}
{"timestamp":"2026-09-03T18:29:06.584893Z","level":"INFO","fields":{"message":"Concurrency control for download: Decreased concurrency from 1 to 1; reason: success ratio below threshold (connection struggling) (success_ratio = 1.000, threshold = 0.500)"},"filename":"D:\\a\\xet-core\\xet-core\\xet_client\\src\\cas_client\\adaptive_concurrency\\controller.rs","line_number":586}
{"timestamp":"2026-09-03T18:29:07.090435Z","level":"INFO","fields":{"message":"Concurrency control for download: Decreased concurrency from 1 to 1; reason: success ratio below threshold (connection struggling) (success_ratio = 1.000, threshold = 0.500)"},"filename":"D:\\a\\xet-core\\xet-core\\xet_client\\src\\cas_client\\adaptive_concurrency\\controller.rs","line_number":586}
{"timestamp":"2026-09-03T18:29:07.753785Z","level":"INFO","fields":{"message":"Concurrency control for download: Decreased concurrency from 1 to 1; reason: success ratio below threshold (connection struggling) (success_ratio = 1.000, threshold = 0.500)"},"filename":"D:\\a\\xet-core\\xet-core\\xet_client\\src\\cas_client\\adaptive_concurrency\\controller.rs","line_number":586}
{"timestamp":"2026-09-03T18:29:08.320073Z","level":"INFO","fields":{"message":"Concurrency control for download: Decreased concurrency from 1 to 1; reason: success ratio below threshold (connection struggling) (success_ratio = 1.000, threshold = 0.500)"},"filename":"D:\\a\\xet-core\\xet-core\\xet_client\\src\\cas_client\\adaptive_concurrency\\controller.rs","line_number":586}
{"timestamp":"2026-09-03T18:29:08.940201Z","level":"INFO","fields":{"message":"Concurrency control for download: Decreased concurrency from 1 to 1; reason: success ratio below threshold (connection struggling) (success_ratio = 1.000, threshold = 0.500)"},"filename":"D:\\a\\xet-core\\xet-core\\xet_client\\src\\cas_client\\adaptive_concurrency\\controller.rs","line_number":586}
{"timestamp":"2026-09-03T18:29:09.615187Z","level":"INFO","fields":{"message":"Concurrency control for download: Decreased concurrency from 1 to 1; reason: success ratio below threshold (connection struggling) (success_ratio = 1.000, threshold = 0.500)"},"filename":"D:\\a\\xet-core\\xet-core\\xet_client\\src\\cas_client\\adaptive_concurrency\\controller.rs","line_number":586}
{"timestamp":"2026-09-03T18:29:10.151678Z","level":"INFO","fields":{"message":"Concurrency control for download: Decreased concurrency from 1 to 1; reason: success ratio below threshold (connection struggling) (success_ratio = 1.000, threshold = 0.500)"},"filename":"D:\\a\\xet-core\\xet-core\\xet_client\\src\\cas_client\\adaptive_concurrency\\controller.rs","line_number":586}
{"timestamp":"2026-09-03T18:29:10.728623Z","level":"INFO","fields":{"message":"Concurrency control for download: Decreased concurrency from 1 to 1; reason: success ratio below threshold (connection struggling) (success_ratio = 1.000, threshold = 0.500)"},"filename":"D:\\a\\xet-core\\xet-core\\xet_client\\src\\cas_client\\adaptive_concurrency\\controller.rs","line_number":586}
{"timestamp":"2026-09-03T18:29:11.320232Z","level":"INFO","fields":{"message":"Concurrency control for download: Decreased concurrency from 1 to 1; reason: success ratio below threshold (connection struggling) (success_ratio = 1.000, threshold = 0.500)"},"filename":"D:\\a\\xet-core\\xet-core\\xet_client\\src\\cas_client\\adaptive_concurrency\\controller.rs","line_number":586}
{"timestamp":"2026-09-03T18:29:11.853637Z","level":"INFO","fields":{"message":"Concurrency control for download: Decreased concurrency from 1 to 1; reason: success ratio below threshold (connection struggling) (success_ratio = 1.000, threshold = 0.500)"},"filename":"D:\\a\\xet-core\\xet-core\\xet_client\\src\\cas_client\\adaptive_concurrency\\controller.rs","line_number":586}
{"timestamp":"2026-09-03T18:29:12.409586Z","level":"INFO","fields":{"message":"Concurrency control for download: Decreased concurrency from 1 to 1; reason: success ratio below threshold (connection struggling) (success_ratio = 1.000, threshold = 0.500)"},"filename":"D:\\a\\xet-core\\xet-core\\xet_client\\src\\cas_client\\adaptive_concurrency\\controller.rs","line_number":586}
{"timestamp":"2026-09-03T18:29:12.975152Z","level":"INFO","fields":{"message":"Concurrency control for download: Decreased concurrency from 1 to 1; reason: success ratio below threshold (connection struggling) (success_ratio = 1.000, threshold = 0.500)"},"filename":"D:\\a\\xet-core\\xet-core\\xet_client\\src\\cas_client\\adaptive_concurrency\\controller.rs","line_number":586}
{"timestamp":"2026-09-03T18:29:13.425791Z","level":"INFO","fields":{"message":"Concurrency control for download: Current concurrency = 1; predicted bandwidth = 123767; success_ratio = 1.000; reference_size = 61.0MB; observed bytes sent so far = 146262790; completed transmissions = 1"},"filename":"D:\\a\\xet-core\\xet-core\\xet_client\\src\\cas_client\\adaptive_concurrency\\controller.rs","line_number":602}
{"timestamp":"2026-09-03T18:29:13.503638Z","level":"INFO","fields":{"message":"Concurrency control for download: Decreased concurrency from 1 to 1; reason: success ratio below threshold (connection struggling) (success_ratio = 1.000, threshold = 0.500)"},"filename":"D:\\a\\xet-core\\xet-core\\xet_client\\src\\cas_client\\adaptive_concurrency\\controller.rs","line_number":586}
{"timestamp":"2026-09-03T18:29:14.032809Z","level":"INFO","fields":{"message":"Concurrency control for download: Decreased concurrency from 1 to 1; reason: success ratio below threshold (connection struggling) (success_ratio = 1.000, threshold = 0.500)"},"filename":"D:\\a\\xet-core\\xet-core\\xet_client\\src\\cas_client\\adaptive_concurrency\\controller.rs","line_number":586}
{"timestamp":"2026-09-03T18:29:14.665261Z","level":"INFO","fields":{"message":"Concurrency control for download: Decreased concurrency from 1 to 1; reason: success ratio below threshold (connection struggling) (success_ratio = 1.000, threshold = 0.500)"},"filename":"D:\\a\\xet-core\\xet-core\\xet_client\\src\\cas_client\\adaptive_concurrency\\controller.rs","line_number":586}
{"timestamp":"2026-09-03T18:29:15.172045Z","level":"INFO","fields":{"message":"Concurrency control for download: Decreased concurrency from 1 to 1; reason: success ratio below threshold (connection struggling) (success_ratio = 1.000, threshold = 0.500)"},"filename":"D:\\a\\xet-core\\xet-core\\xet_client\\src\\cas_client\\adaptive_concurrency\\controller.rs","line_number":586}
{"timestamp":"2026-09-03T18:29:15.689178Z","level":"INFO","fields":{"message":"Concurrency control for download: Decreased concurrency from 1 to 1; reason: success ratio below threshold (connection struggling) (success_ratio = 1.000, threshold = 0.500)"},"filename":"D:\\a\\xet-core\\xet-core\\xet_client\\src\\cas_client\\adaptive_concurrency\\controller.rs","line_number":586}
{"timestamp":"2026-09-03T18:29:16.234827Z","level":"INFO","fields":{"message":"Concurrency control for download: Decreased concurrency from 1 to 1; reason: success ratio below threshold (connection struggling) (success_ratio = 1.000, threshold = 0.500)"},"filename":"D:\\a\\xet-core\\xet-core\\xet_client\\src\\cas_client\\adaptive_concurrency\\controller.rs","line_number":586}
{"timestamp":"2026-09-03T18:29:16.751015Z","level":"INFO","fields":{"message":"Concurrency control for download: Decreased concurrency from 1 to 1; reason: success ratio below threshold (connection struggling) (success_ratio = 1.000, threshold = 0.500)"},"filename":"D:\\a\\xet-core\\xet-core\\xet_client\\src\\cas_client\\adaptive_concurrency\\controller.rs","line_number":586}
{"timestamp":"2026-09-03T18:29:17.258862Z","level":"INFO","fields":{"message":"Concurrency control for download: Decreased concurrency from 1 to 1; reason: success ratio below threshold (connection struggling) (success_ratio = 1.000, threshold = 0.500)"},"filename":"D:\\a\\xet-core\\xet-core\\xet_client\\src\\cas_client\\adaptive_concurrency\\controller.rs","line_number":586}
{"timestamp":"2026-09-03T18:29:18.053320Z","level":"INFO","fields":{"message":"Concurrency control for download: Decreased concurrency from 1 to 1; reason: success ratio below threshold (connection struggling) (success_ratio = 1.000, threshold = 0.500)"},"filename":"D:\\a\\xet-core\\xet-core\\xet_client\\src\\cas_client\\adaptive_concurrency\\controller.rs","line_number":586}
{"timestamp":"2026-09-03T18:29:18.569280Z","level":"INFO","fields":{"message":"Concurrency control for download: Decreased concurrency from 1 to 1; reason: success ratio below threshold (connection struggling) (success_ratio = 1.000, threshold = 0.500)"},"filename":"D:\\a\\xet-core\\xet-core\\xet_client\\src\\cas_client\\adaptive_concurrency\\controller.rs","line_number":586}
{"timestamp":"2026-09-03T18:29:19.214464Z","level":"INFO","fields":{"message":"Concurrency control for download: Decreased concurrency from 1 to 1; reason: success ratio below threshold (connection struggling) (success_ratio = 1.000, threshold = 0.500)"},"filename":"D:\\a\\xet-core\\xet-core\\xet_client\\src\\cas_client\\adaptive_concurrency\\controller.rs","line_number":586}
{"timestamp":"2026-09-03T18:29:19.714506Z","level":"INFO","fields":{"message":"Concurrency control for download: Decreased concurrency from 1 to 1; reason: success ratio below threshold (connection struggling) (success_ratio = 1.000, threshold = 0.500)"},"filename":"D:\\a\\xet-core\\xet-core\\xet_client\\src\\cas_client\\adaptive_concurrency\\controller.rs","line_number":586}
{"timestamp":"2026-09-03T18:29:20.292467Z","level":"INFO","fields":{"message":"Concurrency control for download: Decreased concurrency from 1 to 1; reason: success ratio below threshold (connection struggling) (success_ratio = 1.000, threshold = 0.500)"},"filename":"D:\\a\\xet-core\\xet-core\\xet_client\\src\\cas_client\\adaptive_concurrency\\controller.rs","line_number":586}
{"timestamp":"2026-09-03T18:29:20.851945Z","level":"INFO","fields":{"message":"Concurrency control for download: Decreased concurrency from 1 to 1; reason: success ratio below threshold (connection struggling) (success_ratio = 1.000, threshold = 0.500)"},"filename":"D:\\a\\xet-core\\xet-core\\xet_client\\src\\cas_client\\adaptive_concurrency\\controller.rs","line_number":586}
{"timestamp":"2026-09-03T18:29:21.458263Z","level":"INFO","fields":{"message":"Concurrency control for download: Decreased concurrency from 1 to 1; reason: success ratio below threshold (connection struggling) (success_ratio = 1.000, threshold = 0.500)"},"filename":"D:\\a\\xet-core\\xet-core\\xet_client\\src\\cas_client\\adaptive_concurrency\\controller.rs","line_number":586}
{"timestamp":"2026-09-03T18:29:22.016798Z","level":"INFO","fields":{"message":"Concurrency control for download: Decreased concurrency from 1 to 1; reason: success ratio below threshold (connection struggling) (success_ratio = 1.000, threshold = 0.500)"},"filename":"D:\\a\\xet-core\\xet-core\\xet_client\\src\\cas_client\\adaptive_concurrency\\controller.rs","line_number":586}
{"timestamp":"2026-09-03T18:29:22.521027Z","level":"INFO","fields":{"message":"Concurrency control for download: Decreased concurrency from 1 to 1; reason: success ratio below threshold (connection struggling) (success_ratio = 1.000, threshold = 0.500)"},"filename":"D:\\a\\xet-core\\xet-core\\xet_client\\src\\cas_client\\adaptive_concurrency\\controller.rs","line_number":586}
{"timestamp":"2026-09-03T18:29:23.140864Z","level":"INFO","fields":{"message":"Concurrency control for download: Decreased concurrency from 1 to 1; reason: success ratio below threshold (connection struggling) (success_ratio = 1.000, threshold = 0.500)"},"filename":"D:\\a\\xet-core\\xet-core\\xet_client\\src\\cas_client\\adaptive_concurrency\\controller.rs","line_number":586}
{"timestamp":"2026-09-03T18:29:23.454771Z","level":"INFO","fields":{"message":"Concurrency control for download: Current concurrency = 1; predicted bandwidth = 109251; success_ratio = 1.000; reference_size = 61.0MB; observed bytes sent so far = 155909520; completed transmissions = 1"},"filename":"D:\\a\\xet-core\\xet-core\\xet_client\\src\\cas_client\\adaptive_concurrency\\controller.rs","line_number":602}
{"timestamp":"2026-09-03T18:29:23.659168Z","level":"INFO","fields":{"message":"Concurrency control for download: Decreased concurrency from 1 to 1; reason: success ratio below threshold (connection struggling) (success_ratio = 1.000, threshold = 0.500)"},"filename":"D:\\a\\xet-core\\xet-core\\xet_client\\src\\cas_client\\adaptive_concurrency\\controller.rs","line_number":586}
{"timestamp":"2026-09-03T18:29:24.207213Z","level":"INFO","fields":{"message":"Concurrency control for download: Decreased concurrency from 1 to 1; reason: success ratio below threshold (connection struggling) (success_ratio = 1.000, threshold = 0.500)"},"filename":"D:\\a\\xet-core\\xet-core\\xet_client\\src\\cas_client\\adaptive_concurrency\\controller.rs","line_number":586}
{"timestamp":"2026-09-03T18:29:24.809315Z","level":"INFO","fields":{"message":"Concurrency control for download: Decreased concurrency from 1 to 1; reason: success ratio below threshold (connection struggling) (success_ratio = 1.000, threshold = 0.500)"},"filename":"D:\\a\\xet-core\\xet-core\\xet_client\\src\\cas_client\\adaptive_concurrency\\controller.rs","line_number":586}
{"timestamp":"2026-09-03T18:29:25.349235Z","level":"INFO","fields":{"message":"Concurrency control for download: Decreased concurrency from 1 to 1; reason: success ratio below threshold (connection struggling) (success_ratio = 1.000, threshold = 0.500)"},"filename":"D:\\a\\xet-core\\xet-core\\xet_client\\src\\cas_client\\adaptive_concurrency\\controller.rs","line_number":586}
{"timestamp":"2026-09-03T18:29:25.901235Z","level":"INFO","fields":{"message":"Concurrency control for download: Decreased concurrency from 1 to 1; reason: success ratio below threshold (connection struggling) (success_ratio = 1.000, threshold = 0.500)"},"filename":"D:\\a\\xet-core\\xet-core\\xet_client\\src\\cas_client\\adaptive_concurrency\\controller.rs","line_number":586}
{"timestamp":"2026-09-03T18:29:26.433629Z","level":"INFO","fields":{"message":"Concurrency control for download: Decreased concurrency from 1 to 1; reason: success ratio below threshold (connection struggling) (success_ratio = 1.000, threshold = 0.500)"},"filename":"D:\\a\\xet-core\\xet-core\\xet_client\\src\\cas_client\\adaptive_concurrency\\controller.rs","line_number":586}
{"timestamp":"2026-09-03T18:29:27.075997Z","level":"INFO","fields":{"message":"Concurrency control for download: Decreased concurrency from 1 to 1; reason: success ratio below threshold (connection struggling) (success_ratio = 1.000, threshold = 0.500)"},"filename":"D:\\a\\xet-core\\xet-core\\xet_client\\src\\cas_client\\adaptive_concurrency\\controller.rs","line_number":586}
{"timestamp":"2026-09-03T18:29:27.586355Z","level":"INFO","fields":{"message":"Concurrency control for download: Decreased concurrency from 1 to 1; reason: success ratio below threshold (connection struggling) (success_ratio = 1.000, threshold = 0.500)"},"filename":"D:\\a\\xet-core\\xet-core\\xet_client\\src\\cas_client\\adaptive_concurrency\\controller.rs","line_number":586}
{"timestamp":"2026-09-03T18:29:28.203823Z","level":"INFO","fields":{"message":"Concurrency control for download: Decreased concurrency from 1 to 1; reason: success ratio below threshold (connection struggling) (success_ratio = 1.000, threshold = 0.500)"},"filename":"D:\\a\\xet-core\\xet-core\\xet_client\\src\\cas_client\\adaptive_concurrency\\controller.rs","line_number":586}
{"timestamp":"2026-09-03T18:29:28.710063Z","level":"INFO","fields":{"message":"Concurrency control for download: Decreased concurrency from 1 to 1; reason: success ratio below threshold (connection struggling) (success_ratio = 1.000, threshold = 0.500)"},"filename":"D:\\a\\xet-core\\xet-core\\xet_client\\src\\cas_client\\adaptive_concurrency\\controller.rs","line_number":586}
{"timestamp":"2026-09-03T18:29:29.257193Z","level":"INFO","fields":{"message":"Concurrency control for download: Decreased concurrency from 1 to 1; reason: success ratio below threshold (connection struggling) (success_ratio = 1.000, threshold = 0.500)"},"filename":"D:\\a\\xet-core\\xet-core\\xet_client\\src\\cas_client\\adaptive_concurrency\\controller.rs","line_number":586}
{"timestamp":"2026-09-03T18:29:29.944069Z","level":"INFO","fields":{"message":"Concurrency control for download: Decreased concurrency from 1 to 1; reason: success ratio below threshold (connection struggling) (success_ratio = 1.000, threshold = 0.500)"},"filename":"D:\\a\\xet-core\\xet-core\\xet_client\\src\\cas_client\\adaptive_concurrency\\controller.rs","line_number":586}
{"timestamp":"2026-09-03T18:29:30.578984Z","level":"INFO","fields":{"message":"Concurrency control for download: Decreased concurrency from 1 to 1; reason: success ratio below threshold (connection struggling) (success_ratio = 1.000, threshold = 0.500)"},"filename":"D:\\a\\xet-core\\xet-core\\xet_client\\src\\cas_client\\adaptive_concurrency\\controller.rs","line_number":586}
{"timestamp":"2026-09-03T18:29:31.089545Z","level":"INFO","fields":{"message":"Concurrency control for download: Decreased concurrency from 1 to 1; reason: success ratio below threshold (connection struggling) (success_ratio = 1.000, threshold = 0.500)"},"filename":"D:\\a\\xet-core\\xet-core\\xet_client\\src\\cas_client\\adaptive_concurrency\\controller.rs","line_number":586}
{"timestamp":"2026-09-03T18:29:31.674938Z","level":"INFO","fields":{"message":"Concurrency control for download: Decreased concurrency from 1 to 1; reason: success ratio below threshold (connection struggling) (success_ratio = 1.000, threshold = 0.500)"},"filename":"D:\\a\\xet-core\\xet-core\\xet_client\\src\\cas_client\\adaptive_concurrency\\controller.rs","line_number":586}
{"timestamp":"2026-09-03T18:29:32.178924Z","level":"INFO","fields":{"message":"Concurrency control for download: Decreased concurrency from 1 to 1; reason: success ratio below threshold (connection struggling) (success_ratio = 1.000, threshold = 0.500)"},"filename":"D:\\a\\xet-core\\xet-core\\xet_client\\src\\cas_client\\adaptive_concurrency\\controller.rs","line_number":586}
{"timestamp":"2026-09-03T18:29:32.749771Z","level":"INFO","fields":{"message":"Concurrency control for download: Decreased concurrency from 1 to 1; reason: success ratio below threshold (connection struggling) (success_ratio = 1.000, threshold = 0.500)"},"filename":"D:\\a\\xet-core\\xet-core\\xet_client\\src\\cas_client\\adaptive_concurrency\\controller.rs","line_number":586}
{"timestamp":"2026-09-03T18:29:33.293564Z","level":"INFO","fields":{"message":"Concurrency control for download: Decreased concurrency from 1 to 1; reason: success ratio below threshold (connection struggling) (success_ratio = 1.000, threshold = 0.500)"},"filename":"D:\\a\\xet-core\\xet-core\\xet_client\\src\\cas_client\\adaptive_concurrency\\controller.rs","line_number":586}
{"timestamp":"2026-09-03T18:29:33.552201Z","level":"INFO","fields":{"message":"Concurrency control for download: Current concurrency = 1; predicted bandwidth = 102022; success_ratio = 1.000; reference_size = 61.0MB; observed bytes sent so far = 165625234; completed transmissions = 2"},"filename":"D:\\a\\xet-core\\xet-core\\xet_client\\src\\cas_client\\adaptive_concurrency\\controller.rs","line_number":602}
{"timestamp":"2026-09-03T18:29:33.825058Z","level":"INFO","fields":{"message":"Concurrency control for download: Decreased concurrency from 1 to 1; reason: success ratio below threshold (connection struggling) (success_ratio = 1.000, threshold = 0.500)"},"filename":"D:\\a\\xet-core\\xet-core\\xet_client\\src\\cas_client\\adaptive_concurrency\\controller.rs","line_number":586}
{"timestamp":"2026-09-03T18:29:34.410948Z","level":"INFO","fields":{"message":"Concurrency control for download: Decreased concurrency from 1 to 1; reason: success ratio below threshold (connection struggling) (success_ratio = 1.000, threshold = 0.500)"},"filename":"D:\\a\\xet-core\\xet-core\\xet_client\\src\\cas_client\\adaptive_concurrency\\controller.rs","line_number":586}
{"timestamp":"2026-09-03T18:29:34.913235Z","level":"INFO","fields":{"message":"Concurrency control for download: Decreased concurrency from 1 to 1; reason: success ratio below threshold (connection struggling) (success_ratio = 1.000, threshold = 0.500)"},"filename":"D:\\a\\xet-core\\xet-core\\xet_client\\src\\cas_client\\adaptive_concurrency\\controller.rs","line_number":586}
{"timestamp":"2026-09-03T18:29:35.418635Z","level":"INFO","fields":{"message":"Concurrency control for download: Decreased concurrency from 1 to 1; reason: success ratio below threshold (connection struggling) (success_ratio = 1.000, threshold = 0.500)"},"filename":"D:\\a\\xet-core\\xet-core\\xet_client\\src\\cas_client\\adaptive_concurrency\\controller.rs","line_number":586}
{"timestamp":"2026-09-03T18:29:35.926036Z","level":"INFO","fields":{"message":"Concurrency control for download: Decreased concurrency from 1 to 1; reason: success ratio below threshold (connection struggling) (success_ratio = 1.000, threshold = 0.500)"},"filename":"D:\\a\\xet-core\\xet-core\\xet_client\\src\\cas_client\\adaptive_concurrency\\controller.rs","line_number":586}
{"timestamp":"2026-09-03T18:29:36.474863Z","level":"INFO","fields":{"message":"Concurrency control for download: Decreased concurrency from 1 to 1; reason: success ratio below threshold (connection struggling) (success_ratio = 1.000, threshold = 0.500)"},"filename":"D:\\a\\xet-core\\xet-core\\xet_client\\src\\cas_client\\adaptive_concurrency\\controller.rs","line_number":586}
{"timestamp":"2026-09-03T18:29:37.042054Z","level":"INFO","fields":{"message":"Concurrency control for download: Decreased concurrency from 1 to 1; reason: success ratio below threshold (connection struggling) (success_ratio = 1.000, threshold = 0.500)"},"filename":"D:\\a\\xet-core\\xet-core\\xet_client\\src\\cas_client\\adaptive_concurrency\\controller.rs","line_number":586}
{"timestamp":"2026-09-03T18:29:37.588862Z","level":"INFO","fields":{"message":"Concurrency control for download: Decreased concurrency from 1 to 1; reason: success ratio below threshold (connection struggling) (success_ratio = 1.000, threshold = 0.500)"},"filename":"D:\\a\\xet-core\\xet-core\\xet_client\\src\\cas_client\\adaptive_concurrency\\controller.rs","line_number":586}
{"timestamp":"2026-09-03T18:29:38.107731Z","level":"INFO","fields":{"message":"Concurrency control for download: Decreased concurrency from 1 to 1; reason: success ratio below threshold (connection struggling) (success_ratio = 1.000, threshold = 0.500)"},"filename":"D:\\a\\xet-core\\xet-core\\xet_client\\src\\cas_client\\adaptive_concurrency\\controller.rs","line_number":586}
{"timestamp":"2026-09-03T18:29:38.669405Z","level":"INFO","fields":{"message":"Concurrency control for download: Decreased concurrency from 1 to 1; reason: success ratio below threshold (connection struggling) (success_ratio = 1.000, threshold = 0.500)"},"filename":"D:\\a\\xet-core\\xet-core\\xet_client\\src\\cas_client\\adaptive_concurrency\\controller.rs","line_number":586}
{"timestamp":"2026-09-03T18:29:39.172736Z","level":"INFO","fields":{"message":"Concurrency control for download: Decreased concurrency from 1 to 1; reason: success ratio below threshold (connection struggling) (success_ratio = 1.000, threshold = 0.500)"},"filename":"D:\\a\\xet-core\\xet-core\\xet_client\\src\\cas_client\\adaptive_concurrency\\controller.rs","line_number":586}
{"timestamp":"2026-09-03T18:29:39.706045Z","level":"INFO","fields":{"message":"Concurrency control for download: Decreased concurrency from 1 to 1; reason: success ratio below threshold (connection struggling) (success_ratio = 1.000, threshold = 0.500)"},"filename":"D:\\a\\xet-core\\xet-core\\xet_client\\src\\cas_client\\adaptive_concurrency\\controller.rs","line_number":586}
{"timestamp":"2026-09-03T18:29:40.286771Z","level":"INFO","fields":{"message":"Concurrency control for download: Decreased concurrency from 1 to 1; reason: success ratio below threshold (connection struggling) (success_ratio = 1.000, threshold = 0.500)"},"filename":"D:\\a\\xet-core\\xet-core\\xet_client\\src\\cas_client\\adaptive_concurrency\\controller.rs","line_number":586}
{"timestamp":"2026-09-03T18:29:40.871170Z","level":"INFO","fields":{"message":"Concurrency control for download: Decreased concurrency from 1 to 1; reason: success ratio below threshold (connection struggling) (success_ratio = 1.000, threshold = 0.500)"},"filename":"D:\\a\\xet-core\\xet-core\\xet_client\\src\\cas_client\\adaptive_concurrency\\controller.rs","line_number":586}
{"timestamp":"2026-09-03T18:29:41.429630Z","level":"INFO","fields":{"message":"Concurrency control for download: Decreased concurrency from 1 to 1; reason: success ratio below threshold (connection struggling) (success_ratio = 1.000, threshold = 0.500)"},"filename":"D:\\a\\xet-core\\xet-core\\xet_client\\src\\cas_client\\adaptive_concurrency\\controller.rs","line_number":586}
{"timestamp":"2026-09-03T18:29:41.973673Z","level":"INFO","fields":{"message":"Concurrency control for download: Decreased concurrency from 1 to 1; reason: success ratio below threshold (connection struggling) (success_ratio = 1.000, threshold = 0.500)"},"filename":"D:\\a\\xet-core\\xet-core\\xet_client\\src\\cas_client\\adaptive_concurrency\\controller.rs","line_number":586}
{"timestamp":"2026-09-03T18:29:42.569681Z","level":"INFO","fields":{"message":"Concurrency control for download: Decreased concurrency from 1 to 1; reason: success ratio below threshold (connection struggling) (success_ratio = 1.000, threshold = 0.500)"},"filename":"D:\\a\\xet-core\\xet-core\\xet_client\\src\\cas_client\\adaptive_concurrency\\controller.rs","line_number":586}
{"timestamp":"2026-09-03T18:29:43.099908Z","level":"INFO","fields":{"message":"Concurrency control for download: Decreased concurrency from 1 to 1; reason: success ratio below threshold (connection struggling) (success_ratio = 1.000, threshold = 0.500)"},"filename":"D:\\a\\xet-core\\xet-core\\xet_client\\src\\cas_client\\adaptive_concurrency\\controller.rs","line_number":586}
{"timestamp":"2026-09-03T18:29:43.615621Z","level":"INFO","fields":{"message":"Concurrency control for download: Decreased concurrency from 1 to 1; reason: success ratio below threshold (connection struggling) (success_ratio = 1.000, threshold = 0.500)"},"filename":"D:\\a\\xet-core\\xet-core\\xet_client\\src\\cas_client\\adaptive_concurrency\\controller.rs","line_number":586}
{"timestamp":"2026-09-03T18:29:43.615652Z","level":"INFO","fields":{"message":"Concurrency control for download: Current concurrency = 1; predicted bandwidth = 85636; success_ratio = 1.000; reference_size = 61.0MB; observed bytes sent so far = 175062418; completed transmissions = 2"},"filename":"D:\\a\\xet-core\\xet-core\\xet_client\\src\\cas_client\\adaptive_concurrency\\controller.rs","line_number":602}
{"timestamp":"2026-09-03T18:29:44.204420Z","level":"INFO","fields":{"message":"Concurrency control for download: Decreased concurrency from 1 to 1; reason: success ratio below threshold (connection struggling) (success_ratio = 1.000, threshold = 0.500)"},"filename":"D:\\a\\xet-core\\xet-core\\xet_client\\src\\cas_client\\adaptive_concurrency\\controller.rs","line_number":586}
{"timestamp":"2026-09-03T18:29:44.726906Z","level":"INFO","fields":{"message":"Concurrency control for download: Decreased concurrency from 1 to 1; reason: success ratio below threshold (connection struggling) (success_ratio = 1.000, threshold = 0.500)"},"filename":"D:\\a\\xet-core\\xet-core\\xet_client\\src\\cas_client\\adaptive_concurrency\\controller.rs","line_number":586}
{"timestamp":"2026-09-03T18:29:45.294904Z","level":"INFO","fields":{"message":"Concurrency control for download: Decreased concurrency from 1 to 1; reason: success ratio below threshold (connection struggling) (success_ratio = 1.000, threshold = 0.500)"},"filename":"D:\\a\\xet-core\\xet-core\\xet_client\\src\\cas_client\\adaptive_concurrency\\controller.rs","line_number":586}
{"timestamp":"2026-09-03T18:29:45.845465Z","level":"INFO","fields":{"message":"Concurrency control for download: Decreased concurrency from 1 to 1; reason: success ratio below threshold (connection struggling) (success_ratio = 1.000, threshold = 0.500)"},"filename":"D:\\a\\xet-core\\xet-core\\xet_client\\src\\cas_client\\adaptive_concurrency\\controller.rs","line_number":586}
{"timestamp":"2026-09-03T18:29:46.730341Z","level":"INFO","fields":{"message":"Concurrency control for download: Decreased concurrency from 1 to 1; reason: success ratio below threshold (connection struggling) (success_ratio = 1.000, threshold = 0.500)"},"filename":"D:\\a\\xet-core\\xet-core\\xet_client\\src\\cas_client\\adaptive_concurrency\\controller.rs","line_number":586}
{"timestamp":"2026-09-03T18:29:47.232875Z","level":"INFO","fields":{"message":"Concurrency control for download: Decreased concurrency from 1 to 1; reason: success ratio below threshold (connection struggling) (success_ratio = 1.000, threshold = 0.500)"},"filename":"D:\\a\\xet-core\\xet-core\\xet_client\\src\\cas_client\\adaptive_concurrency\\controller.rs","line_number":586}
{"timestamp":"2026-09-03T18:29:47.763611Z","level":"INFO","fields":{"message":"Concurrency control for download: Decreased concurrency from 1 to 1; reason: success ratio below threshold (connection struggling) (success_ratio = 1.000, threshold = 0.500)"},"filename":"D:\\a\\xet-core\\xet-core\\xet_client\\src\\cas_client\\adaptive_concurrency\\controller.rs","line_number":586}
{"timestamp":"2026-09-03T18:29:48.393614Z","level":"INFO","fields":{"message":"Concurrency control for download: Decreased concurrency from 1 to 1; reason: success ratio below threshold (connection struggling) (success_ratio = 1.000, threshold = 0.500)"},"filename":"D:\\a\\xet-core\\xet-core\\xet_client\\src\\cas_client\\adaptive_concurrency\\controller.rs","line_number":586}
{"timestamp":"2026-09-03T18:29:48.897603Z","level":"INFO","fields":{"message":"Concurrency control for download: Decreased concurrency from 1 to 1; reason: success ratio below threshold (connection struggling) (success_ratio = 1.000, threshold = 0.500)"},"filename":"D:\\a\\xet-core\\xet-core\\xet_client\\src\\cas_client\\adaptive_concurrency\\controller.rs","line_number":586}
{"timestamp":"2026-09-03T18:29:49.412147Z","level":"INFO","fields":{"message":"Concurrency control for download: Decreased concurrency from 1 to 1; reason: success ratio below threshold (connection struggling) (success_ratio = 1.000, threshold = 0.500)"},"filename":"D:\\a\\xet-core\\xet-core\\xet_client\\src\\cas_client\\adaptive_concurrency\\controller.rs","line_number":586}
{"timestamp":"2026-09-03T18:29:50.049022Z","level":"INFO","fields":{"message":"Concurrency control for download: Decreased concurrency from 1 to 1; reason: success ratio below threshold (connection struggling) (success_ratio = 1.000, threshold = 0.500)"},"filename":"D:\\a\\xet-core\\xet-core\\xet_client\\src\\cas_client\\adaptive_concurrency\\controller.rs","line_number":586}
{"timestamp":"2026-09-03T18:29:50.584612Z","level":"INFO","fields":{"message":"Concurrency control for download: Decreased concurrency from 1 to 1; reason: success ratio below threshold (connection struggling) (success_ratio = 1.000, threshold = 0.500)"},"filename":"D:\\a\\xet-core\\xet-core\\xet_client\\src\\cas_client\\adaptive_concurrency\\controller.rs","line_number":586}
{"timestamp":"2026-09-03T18:29:51.107418Z","level":"INFO","fields":{"message":"Concurrency control for download: Decreased concurrency from 1 to 1; reason: success ratio below threshold (connection struggling) (success_ratio = 1.000, threshold = 0.500)"},"filename":"D:\\a\\xet-core\\xet-core\\xet_client\\src\\cas_client\\adaptive_concurrency\\controller.rs","line_number":586}
{"timestamp":"2026-09-03T18:29:51.616797Z","level":"INFO","fields":{"message":"Concurrency control for download: Decreased concurrency from 1 to 1; reason: success ratio below threshold (connection struggling) (success_ratio = 1.000, threshold = 0.500)"},"filename":"D:\\a\\xet-core\\xet-core\\xet_client\\src\\cas_client\\adaptive_concurrency\\controller.rs","line_number":586}
{"timestamp":"2026-09-03T18:29:52.222345Z","level":"INFO","fields":{"message":"Concurrency control for download: Decreased concurrency from 1 to 1; reason: success ratio below threshold (connection struggling) (success_ratio = 1.000, threshold = 0.500)"},"filename":"D:\\a\\xet-core\\xet-core\\xet_client\\src\\cas_client\\adaptive_concurrency\\controller.rs","line_number":586}
{"timestamp":"2026-09-03T18:29:52.728538Z","level":"INFO","fields":{"message":"Concurrency control for download: Decreased concurrency from 1 to 1; reason: success ratio below threshold (connection struggling) (success_ratio = 1.000, threshold = 0.500)"},"filename":"D:\\a\\xet-core\\xet-core\\xet_client\\src\\cas_client\\adaptive_concurrency\\controller.rs","line_number":586}
{"timestamp":"2026-09-03T18:29:53.249410Z","level":"INFO","fields":{"message":"Concurrency control for download: Decreased concurrency from 1 to 1; reason: success ratio below threshold (connection struggling) (success_ratio = 1.000, threshold = 0.500)"},"filename":"D:\\a\\xet-core\\xet-core\\xet_client\\src\\cas_client\\adaptive_concurrency\\controller.rs","line_number":586}
{"timestamp":"2026-09-03T18:29:53.662422Z","level":"INFO","fields":{"message":"Concurrency control for download: Current concurrency = 1; predicted bandwidth = 74567; success_ratio = 1.000; reference_size = 61.0MB; observed bytes sent so far = 184634656; completed transmissions = 2"},"filename":"D:\\a\\xet-core\\xet-core\\xet_client\\src\\cas_client\\adaptive_concurrency\\controller.rs","line_number":602}
{"timestamp":"2026-09-03T18:29:53.755838Z","level":"INFO","fields":{"message":"Concurrency control for download: Decreased concurrency from 1 to 1; reason: success ratio below threshold (connection struggling) (success_ratio = 1.000, threshold = 0.500)"},"filename":"D:\\a\\xet-core\\xet-core\\xet_client\\src\\cas_client\\adaptive_concurrency\\controller.rs","line_number":586}
{"timestamp":"2026-09-03T18:29:54.256343Z","level":"INFO","fields":{"message":"Concurrency control for download: Decreased concurrency from 1 to 1; reason: success ratio below threshold (connection struggling) (success_ratio = 1.000, threshold = 0.500)"},"filename":"D:\\a\\xet-core\\xet-core\\xet_client\\src\\cas_client\\adaptive_concurrency\\controller.rs","line_number":586}
{"timestamp":"2026-09-03T18:29:54.799229Z","level":"INFO","fields":{"message":"Concurrency control for download: Decreased concurrency from 1 to 1; reason: success ratio below threshold (connection struggling) (success_ratio = 1.000, threshold = 0.500)"},"filename":"D:\\a\\xet-core\\xet-core\\xet_client\\src\\cas_client\\adaptive_concurrency\\controller.rs","line_number":586}
{"timestamp":"2026-09-03T18:29:55.324999Z","level":"INFO","fields":{"message":"Concurrency control for download: Decreased concurrency from 1 to 1; reason: success ratio below threshold (connection struggling) (success_ratio = 1.000, threshold = 0.500)"},"filename":"D:\\a\\xet-core\\xet-core\\xet_client\\src\\cas_client\\adaptive_concurrency\\controller.rs","line_number":586}
{"timestamp":"2026-09-03T18:29:55.841029Z","level":"INFO","fields":{"message":"Concurrency control for download: Decreased concurrency from 1 to 1; reason: success ratio below threshold (connection struggling) (success_ratio = 1.000, threshold = 0.500)"},"filename":"D:\\a\\xet-core\\xet-core\\xet_client\\src\\cas_client\\adaptive_concurrency\\controller.rs","line_number":586}
{"timestamp":"2026-09-03T18:29:56.357368Z","level":"INFO","fields":{"message":"Concurrency control for download: Decreased concurrency from 1 to 1; reason: success ratio below threshold (connection struggling) (success_ratio = 1.000, threshold = 0.500)"},"filename":"D:\\a\\xet-core\\xet-core\\xet_client\\src\\cas_client\\adaptive_concurrency\\controller.rs","line_number":586}
{"timestamp":"2026-09-03T18:29:56.868442Z","level":"INFO","fields":{"message":"Concurrency control for download: Decreased concurrency from 1 to 1; reason: success ratio below threshold (connection struggling) (success_ratio = 1.000, threshold = 0.500)"},"filename":"D:\\a\\xet-core\\xet-core\\xet_client\\src\\cas_client\\adaptive_concurrency\\controller.rs","line_number":586}
{"timestamp":"2026-09-03T18:29:57.423059Z","level":"INFO","fields":{"message":"Concurrency control for download: Decreased concurrency from 1 to 1; reason: success ratio below threshold (connection struggling) (success_ratio = 1.000, threshold = 0.500)"},"filename":"D:\\a\\xet-core\\xet-core\\xet_client\\src\\cas_client\\adaptive_concurrency\\controller.rs","line_number":586}
{"timestamp":"2026-09-03T18:29:58.272588Z","level":"INFO","fields":{"message":"Concurrency control for download: Decreased concurrency from 1 to 1; reason: success ratio below threshold (connection struggling) (success_ratio = 1.000, threshold = 0.500)"},"filename":"D:\\a\\xet-core\\xet-core\\xet_client\\src\\cas_client\\adaptive_concurrency\\controller.rs","line_number":586}
{"timestamp":"2026-09-03T18:29:58.893561Z","level":"INFO","fields":{"message":"Concurrency control for download: Decreased concurrency from 1 to 1; reason: success ratio below threshold (connection struggling) (success_ratio = 1.000, threshold = 0.500)"},"filename":"D:\\a\\xet-core\\xet-core\\xet_client\\src\\cas_client\\adaptive_concurrency\\controller.rs","line_number":586}
{"timestamp":"2026-09-03T18:29:59.426223Z","level":"INFO","fields":{"message":"Concurrency control for download: Decreased concurrency from 1 to 1; reason: success ratio below threshold (connection struggling) (success_ratio = 1.000, threshold = 0.500)"},"filename":"D:\\a\\xet-core\\xet-core\\xet_client\\src\\cas_client\\adaptive_concurrency\\controller.rs","line_number":586}
{"timestamp":"2026-09-03T18:29:59.943391Z","level":"INFO","fields":{"message":"Concurrency control for download: Decreased concurrency from 1 to 1; reason: success ratio below threshold (connection struggling) (success_ratio = 1.000, threshold = 0.500)"},"filename":"D:\\a\\xet-core\\xet-core\\xet_client\\src\\cas_client\\adaptive_concurrency\\controller.rs","line_number":586}
{"timestamp":"2026-09-03T18:30:00.525225Z","level":"INFO","fields":{"message":"Concurrency control for download: Decreased concurrency from 1 to 1; reason: success ratio below threshold (connection struggling) (success_ratio = 1.000, threshold = 0.500)"},"filename":"D:\\a\\xet-core\\xet-core\\xet_client\\src\\cas_client\\adaptive_concurrency\\controller.rs","line_number":586}
{"timestamp":"2026-09-03T18:30:01.026463Z","level":"INFO","fields":{"message":"Concurrency control for download: Decreased concurrency from 1 to 1; reason: success ratio below threshold (connection struggling) (success_ratio = 1.000, threshold = 0.500)"},"filename":"D:\\a\\xet-core\\xet-core\\xet_client\\src\\cas_client\\adaptive_concurrency\\controller.rs","line_number":586}
{"timestamp":"2026-09-03T18:30:01.569830Z","level":"INFO","fields":{"message":"Concurrency control for download: Decreased concurrency from 1 to 1; reason: success ratio below threshold (connection struggling) (success_ratio = 1.000, threshold = 0.500)"},"filename":"D:\\a\\xet-core\\xet-core\\xet_client\\src\\cas_client\\adaptive_concurrency\\controller.rs","line_number":586}
{"timestamp":"2026-09-03T18:30:02.204722Z","level":"INFO","fields":{"message":"Concurrency control for download: Decreased concurrency from 1 to 1; reason: success ratio below threshold (connection struggling) (success_ratio = 1.000, threshold = 0.500)"},"filename":"D:\\a\\xet-core\\xet-core\\xet_client\\src\\cas_client\\adaptive_concurrency\\controller.rs","line_number":586}
{"timestamp":"2026-09-03T18:30:02.726360Z","level":"INFO","fields":{"message":"Concurrency control for download: Decreased concurrency from 1 to 1; reason: success ratio below threshold (connection struggling) (success_ratio = 1.000, threshold = 0.500)"},"filename":"D:\\a\\xet-core\\xet-core\\xet_client\\src\\cas_client\\adaptive_concurrency\\controller.rs","line_number":586}
{"timestamp":"2026-09-03T18:30:03.264258Z","level":"INFO","fields":{"message":"Concurrency control for download: Decreased concurrency from 1 to 1; reason: success ratio below threshold (connection struggling) (success_ratio = 1.000, threshold = 0.500)"},"filename":"D:\\a\\xet-core\\xet-core\\xet_client\\src\\cas_client\\adaptive_concurrency\\controller.rs","line_number":586}
{"timestamp":"2026-09-03T18:30:03.662775Z","level":"INFO","fields":{"message":"Concurrency control for download: Current concurrency = 1; predicted bandwidth = 74574; success_ratio = 1.000; reference_size = 61.0MB; observed bytes sent so far = 190789576; completed transmissions = 2"},"filename":"D:\\a\\xet-core\\xet-core\\xet_client\\src\\cas_client\\adaptive_concurrency\\controller.rs","line_number":602}
{"timestamp":"2026-09-03T18:30:03.868706Z","level":"INFO","fields":{"message":"Concurrency control for download: Decreased concurrency from 1 to 1; reason: success ratio below threshold (connection struggling) (success_ratio = 1.000, threshold = 0.500)"},"filename":"D:\\a\\xet-core\\xet-core\\xet_client\\src\\cas_client\\adaptive_concurrency\\controller.rs","line_number":586}
{"timestamp":"2026-09-03T18:30:04.446001Z","level":"INFO","fields":{"message":"Concurrency control for download: Decreased concurrency from 1 to 1; reason: success ratio below threshold (connection struggling) (success_ratio = 1.000, threshold = 0.500)"},"filename":"D:\\a\\xet-core\\xet-core\\xet_client\\src\\cas_client\\adaptive_concurrency\\controller.rs","line_number":586}
{"timestamp":"2026-09-03T18:30:04.976560Z","level":"INFO","fields":{"message":"Concurrency control for download: Decreased concurrency from 1 to 1; reason: success ratio below threshold (connection struggling) (success_ratio = 1.000, threshold = 0.500)"},"filename":"D:\\a\\xet-core\\xet-core\\xet_client\\src\\cas_client\\adaptive_concurrency\\controller.rs","line_number":586}
{"timestamp":"2026-09-03T18:30:05.569089Z","level":"INFO","fields":{"message":"Concurrency control for download: Decreased concurrency from 1 to 1; reason: success ratio below threshold (connection struggling) (success_ratio = 1.000, threshold = 0.500)"},"filename":"D:\\a\\xet-core\\xet-core\\xet_client\\src\\cas_client\\adaptive_concurrency\\controller.rs","line_number":586}
{"timestamp":"2026-09-03T18:30:06.104916Z","level":"INFO","fields":{"message":"Concurrency control for download: Decreased concurrency from 1 to 1; reason: success ratio below threshold (connection struggling) (success_ratio = 1.000, threshold = 0.500)"},"filename":"D:\\a\\xet-core\\xet-core\\xet_client\\src\\cas_client\\adaptive_concurrency\\controller.rs","line_number":586}
{"timestamp":"2026-09-03T18:30:06.638581Z","level":"INFO","fields":{"message":"Concurrency control for download: Decreased concurrency from 1 to 1; reason: success ratio below threshold (connection struggling) (success_ratio = 1.000, threshold = 0.500)"},"filename":"D:\\a\\xet-core\\xet-core\\xet_client\\src\\cas_client\\adaptive_concurrency\\controller.rs","line_number":586}
{"timestamp":"2026-09-03T18:30:07.194242Z","level":"INFO","fields":{"message":"Concurrency control for download: Decreased concurrency from 1 to 1; reason: success ratio below threshold (connection struggling) (success_ratio = 1.000, threshold = 0.500)"},"filename":"D:\\a\\xet-core\\xet-core\\xet_client\\src\\cas_client\\adaptive_concurrency\\controller.rs","line_number":586}
{"timestamp":"2026-09-03T18:30:07.714298Z","level":"INFO","fields":{"message":"Concurrency control for download: Decreased concurrency from 1 to 1; reason: success ratio below threshold (connection struggling) (success_ratio = 1.000, threshold = 0.500)"},"filename":"D:\\a\\xet-core\\xet-core\\xet_client\\src\\cas_client\\adaptive_concurrency\\controller.rs","line_number":586}
{"timestamp":"2026-09-03T18:30:08.245375Z","level":"INFO","fields":{"message":"Concurrency control for download: Decreased concurrency from 1 to 1; reason: success ratio below threshold (connection struggling) (success_ratio = 1.000, threshold = 0.500)"},"filename":"D:\\a\\xet-core\\xet-core\\xet_client\\src\\cas_client\\adaptive_concurrency\\controller.rs","line_number":586}
{"timestamp":"2026-09-03T18:30:08.873959Z","level":"INFO","fields":{"message":"Concurrency control for download: Decreased concurrency from 1 to 1; reason: success ratio below threshold (connection struggling) (success_ratio = 1.000, threshold = 0.500)"},"filename":"D:\\a\\xet-core\\xet-core\\xet_client\\src\\cas_client\\adaptive_concurrency\\controller.rs","line_number":586}
{"timestamp":"2026-09-03T18:30:09.432836Z","level":"INFO","fields":{"message":"Concurrency control for download: Decreased concurrency from 1 to 1; reason: success ratio below threshold (connection struggling) (success_ratio = 1.000, threshold = 0.500)"},"filename":"D:\\a\\xet-core\\xet-core\\xet_client\\src\\cas_client\\adaptive_concurrency\\controller.rs","line_number":586}
{"timestamp":"2026-09-03T18:30:09.933688Z","level":"INFO","fields":{"message":"Concurrency control for download: Decreased concurrency from 1 to 1; reason: success ratio below threshold (connection struggling) (success_ratio = 1.000, threshold = 0.500)"},"filename":"D:\\a\\xet-core\\xet-core\\xet_client\\src\\cas_client\\adaptive_concurrency\\controller.rs","line_number":586}
{"timestamp":"2026-09-03T18:30:10.474372Z","level":"INFO","fields":{"message":"Concurrency control for download: Decreased concurrency from 1 to 1; reason: success ratio below threshold (connection struggling) (success_ratio = 1.000, threshold = 0.500)"},"filename":"D:\\a\\xet-core\\xet-core\\xet_client\\src\\cas_client\\adaptive_concurrency\\controller.rs","line_number":586}
{"timestamp":"2026-09-03T18:30:11.035392Z","level":"INFO","fields":{"message":"Concurrency control for download: Decreased concurrency from 1 to 1; reason: success ratio below threshold (connection struggling) (success_ratio = 1.000, threshold = 0.500)"},"filename":"D:\\a\\xet-core\\xet-core\\xet_client\\src\\cas_client\\adaptive_concurrency\\controller.rs","line_number":586}
{"timestamp":"2026-09-03T18:30:11.639969Z","level":"INFO","fields":{"message":"Concurrency control for download: Decreased concurrency from 1 to 1; reason: success ratio below threshold (connection struggling) (success_ratio = 1.000, threshold = 0.500)"},"filename":"D:\\a\\xet-core\\xet-core\\xet_client\\src\\cas_client\\adaptive_concurrency\\controller.rs","line_number":586}
{"timestamp":"2026-09-03T18:30:12.383122Z","level":"INFO","fields":{"message":"Concurrency control for download: Decreased concurrency from 1 to 1; reason: success ratio below threshold (connection struggling) (success_ratio = 1.000, threshold = 0.500)"},"filename":"D:\\a\\xet-core\\xet-core\\xet_client\\src\\cas_client\\adaptive_concurrency\\controller.rs","line_number":586}
{"timestamp":"2026-09-03T18:30:12.994395Z","level":"INFO","fields":{"message":"Concurrency control for download: Decreased concurrency from 1 to 1; reason: success ratio below threshold (connection struggling) (success_ratio = 1.000, threshold = 0.500)"},"filename":"D:\\a\\xet-core\\xet-core\\xet_client\\src\\cas_client\\adaptive_concurrency\\controller.rs","line_number":586}
{"timestamp":"2026-09-03T18:30:13.540614Z","level":"INFO","fields":{"message":"Concurrency control for download: Decreased concurrency from 1 to 1; reason: success ratio below threshold (connection struggling) (success_ratio = 1.000, threshold = 0.500)"},"filename":"D:\\a\\xet-core\\xet-core\\xet_client\\src\\cas_client\\adaptive_concurrency\\controller.rs","line_number":586}
{"timestamp":"2026-09-03T18:30:13.683241Z","level":"INFO","fields":{"message":"Concurrency control for download: Current concurrency = 1; predicted bandwidth = 69601; success_ratio = 1.000; reference_size = 46.9MB; observed bytes sent so far = 196293303; completed transmissions = 3"},"filename":"D:\\a\\xet-core\\xet-core\\xet_client\\src\\cas_client\\adaptive_concurrency\\controller.rs","line_number":602}
{"timestamp":"2026-09-03T18:30:14.047402Z","level":"INFO","fields":{"message":"Concurrency control for download: Decreased concurrency from 1 to 1; reason: success ratio below threshold (connection struggling) (success_ratio = 1.000, threshold = 0.500)"},"filename":"D:\\a\\xet-core\\xet-core\\xet_client\\src\\cas_client\\adaptive_concurrency\\controller.rs","line_number":586}
{"timestamp":"2026-09-03T18:30:14.596953Z","level":"INFO","fields":{"message":"Concurrency control for download: Decreased concurrency from 1 to 1; reason: success ratio below threshold (connection struggling) (success_ratio = 1.000, threshold = 0.500)"},"filename":"D:\\a\\xet-core\\xet-core\\xet_client\\src\\cas_client\\adaptive_concurrency\\controller.rs","line_number":586}
{"timestamp":"2026-09-03T18:30:15.282356Z","level":"INFO","fields":{"message":"Concurrency control for download: Decreased concurrency from 1 to 1; reason: success ratio below threshold (connection struggling) (success_ratio = 1.000, threshold = 0.500)"},"filename":"D:\\a\\xet-core\\xet-core\\xet_client\\src\\cas_client\\adaptive_concurrency\\controller.rs","line_number":586}
{"timestamp":"2026-09-03T18:30:15.790673Z","level":"INFO","fields":{"message":"Concurrency control for download: Decreased concurrency from 1 to 1; reason: success ratio below threshold (connection struggling) (success_ratio = 1.000, threshold = 0.500)"},"filename":"D:\\a\\xet-core\\xet-core\\xet_client\\src\\cas_client\\adaptive_concurrency\\controller.rs","line_number":586}
{"timestamp":"2026-09-03T18:30:16.298145Z","level":"INFO","fields":{"message":"Concurrency control for download: Decreased concurrency from 1 to 1; reason: success ratio below threshold (connection struggling) (success_ratio = 1.000, threshold = 0.500)"},"filename":"D:\\a\\xet-core\\xet-core\\xet_client\\src\\cas_client\\adaptive_concurrency\\controller.rs","line_number":586}
{"timestamp":"2026-09-03T18:30:16.829594Z","level":"INFO","fields":{"message":"Concurrency control for download: Decreased concurrency from 1 to 1; reason: success ratio below threshold (connection struggling) (success_ratio = 1.000, threshold = 0.500)"},"filename":"D:\\a\\xet-core\\xet-core\\xet_client\\src\\cas_client\\adaptive_concurrency\\controller.rs","line_number":586}
{"timestamp":"2026-09-03T18:30:17.403549Z","level":"INFO","fields":{"message":"Concurrency control for download: Decreased concurrency from 1 to 1; reason: success ratio below threshold (connection struggling) (success_ratio = 1.000, threshold = 0.500)"},"filename":"D:\\a\\xet-core\\xet-core\\xet_client\\src\\cas_client\\adaptive_concurrency\\controller.rs","line_number":586}
{"timestamp":"2026-09-03T18:30:17.958298Z","level":"INFO","fields":{"message":"Concurrency control for download: Decreased concurrency from 1 to 1; reason: success ratio below threshold (connection struggling) (success_ratio = 1.000, threshold = 0.500)"},"filename":"D:\\a\\xet-core\\xet-core\\xet_client\\src\\cas_client\\adaptive_concurrency\\controller.rs","line_number":586}
{"timestamp":"2026-09-03T18:30:18.463367Z","level":"INFO","fields":{"message":"Concurrency control for download: Decreased concurrency from 1 to 1; reason: success ratio below threshold (connection struggling) (success_ratio = 1.000, threshold = 0.500)"},"filename":"D:\\a\\xet-core\\xet-core\\xet_client\\src\\cas_client\\adaptive_concurrency\\controller.rs","line_number":586}
{"timestamp":"2026-09-03T18:30:19.059643Z","level":"INFO","fields":{"message":"Concurrency control for download: Decreased concurrency from 1 to 1; reason: success ratio below threshold (connection struggling) (success_ratio = 1.000, threshold = 0.500)"},"filename":"D:\\a\\xet-core\\xet-core\\xet_client\\src\\cas_client\\adaptive_concurrency\\controller.rs","line_number":586}
{"timestamp":"2026-09-03T18:30:19.688198Z","level":"INFO","fields":{"message":"Concurrency control for download: Decreased concurrency from 1 to 1; reason: success ratio below threshold (connection struggling) (success_ratio = 1.000, threshold = 0.500)"},"filename":"D:\\a\\xet-core\\xet-core\\xet_client\\src\\cas_client\\adaptive_concurrency\\controller.rs","line_number":586}
{"timestamp":"2026-09-03T18:30:20.243703Z","level":"INFO","fields":{"message":"Concurrency control for download: Decreased concurrency from 1 to 1; reason: success ratio below threshold (connection struggling) (success_ratio = 1.000, threshold = 0.500)"},"filename":"D:\\a\\xet-core\\xet-core\\xet_client\\src\\cas_client\\adaptive_concurrency\\controller.rs","line_number":586}
{"timestamp":"2026-09-03T18:30:20.787193Z","level":"INFO","fields":{"message":"Concurrency control for download: Decreased concurrency from 1 to 1; reason: success ratio below threshold (connection struggling) (success_ratio = 1.000, threshold = 0.500)"},"filename":"D:\\a\\xet-core\\xet-core\\xet_client\\src\\cas_client\\adaptive_concurrency\\controller.rs","line_number":586}
{"timestamp":"2026-09-03T18:30:21.290539Z","level":"INFO","fields":{"message":"Concurrency control for download: Decreased concurrency from 1 to 1; reason: success ratio below threshold (connection struggling) (success_ratio = 1.000, threshold = 0.500)"},"filename":"D:\\a\\xet-core\\xet-core\\xet_client\\src\\cas_client\\adaptive_concurrency\\controller.rs","line_number":586}
{"timestamp":"2026-09-03T18:30:21.848822Z","level":"INFO","fields":{"message":"Concurrency control for download: Decreased concurrency from 1 to 1; reason: success ratio below threshold (connection struggling) (success_ratio = 1.000, threshold = 0.500)"},"filename":"D:\\a\\xet-core\\xet-core\\xet_client\\src\\cas_client\\adaptive_concurrency\\controller.rs","line_number":586}
{"timestamp":"2026-09-03T18:30:22.358723Z","level":"INFO","fields":{"message":"Concurrency control for download: Decreased concurrency from 1 to 1; reason: success ratio below threshold (connection struggling) (success_ratio = 1.000, threshold = 0.500)"},"filename":"D:\\a\\xet-core\\xet-core\\xet_client\\src\\cas_client\\adaptive_concurrency\\controller.rs","line_number":586}
{"timestamp":"2026-09-03T18:30:22.911157Z","level":"INFO","fields":{"message":"Concurrency control for download: Decreased concurrency from 1 to 1; reason: success ratio below threshold (connection struggling) (success_ratio = 1.000, threshold = 0.500)"},"filename":"D:\\a\\xet-core\\xet-core\\xet_client\\src\\cas_client\\adaptive_concurrency\\controller.rs","line_number":586}
{"timestamp":"2026-09-03T18:30:23.437187Z","level":"INFO","fields":{"message":"Concurrency control for download: Decreased concurrency from 1 to 1; reason: success ratio below threshold (connection struggling) (success_ratio = 1.000, threshold = 0.500)"},"filename":"D:\\a\\xet-core\\xet-core\\xet_client\\src\\cas_client\\adaptive_concurrency\\controller.rs","line_number":586}
{"timestamp":"2026-09-03T18:30:23.729287Z","level":"INFO","fields":{"message":"Concurrency control for download: Current concurrency = 1; predicted bandwidth = 61089; success_ratio = 1.000; reference_size = 46.9MB; observed bytes sent so far = 204774395; completed transmissions = 3"},"filename":"D:\\a\\xet-core\\xet-core\\xet_client\\src\\cas_client\\adaptive_concurrency\\controller.rs","line_number":602}
{"timestamp":"2026-09-03T18:30:23.958683Z","level":"INFO","fields":{"message":"Concurrency control for download: Decreased concurrency from 1 to 1; reason: success ratio below threshold (connection struggling) (success_ratio = 1.000, threshold = 0.500)"},"filename":"D:\\a\\xet-core\\xet-core\\xet_client\\src\\cas_client\\adaptive_concurrency\\controller.rs","line_number":586}
{"timestamp":"2026-09-03T18:30:24.487925Z","level":"INFO","fields":{"message":"Concurrency control for download: Decreased concurrency from 1 to 1; reason: success ratio below threshold (connection struggling) (success_ratio = 1.000, threshold = 0.500)"},"filename":"D:\\a\\xet-core\\xet-core\\xet_client\\src\\cas_client\\adaptive_concurrency\\controller.rs","line_number":586}
{"timestamp":"2026-09-03T18:30:25.045162Z","level":"INFO","fields":{"message":"Concurrency control for download: Decreased concurrency from 1 to 1; reason: success ratio below threshold (connection struggling) (success_ratio = 1.000, threshold = 0.500)"},"filename":"D:\\a\\xet-core\\xet-core\\xet_client\\src\\cas_client\\adaptive_concurrency\\controller.rs","line_number":586}
{"timestamp":"2026-09-03T18:30:25.557730Z","level":"INFO","fields":{"message":"Concurrency control for download: Decreased concurrency from 1 to 1; reason: success ratio below threshold (connection struggling) (success_ratio = 1.000, threshold = 0.500)"},"filename":"D:\\a\\xet-core\\xet-core\\xet_client\\src\\cas_client\\adaptive_concurrency\\controller.rs","line_number":586}
{"timestamp":"2026-09-03T18:30:26.059009Z","level":"INFO","fields":{"message":"Concurrency control for download: Decreased concurrency from 1 to 1; reason: success ratio below threshold (connection struggling) (success_ratio = 1.000, threshold = 0.500)"},"filename":"D:\\a\\xet-core\\xet-core\\xet_client\\src\\cas_client\\adaptive_concurrency\\controller.rs","line_number":586}
{"timestamp":"2026-09-03T18:30:26.581066Z","level":"INFO","fields":{"message":"Concurrency control for download: Decreased concurrency from 1 to 1; reason: success ratio below threshold (connection struggling) (success_ratio = 1.000, threshold = 0.500)"},"filename":"D:\\a\\xet-core\\xet-core\\xet_client\\src\\cas_client\\adaptive_concurrency\\controller.rs","line_number":586}
{"timestamp":"2026-09-03T18:30:27.117424Z","level":"INFO","fields":{"message":"Concurrency control for download: Decreased concurrency from 1 to 1; reason: success ratio below threshold (connection struggling) (success_ratio = 1.000, threshold = 0.500)"},"filename":"D:\\a\\xet-core\\xet-core\\xet_client\\src\\cas_client\\adaptive_concurrency\\controller.rs","line_number":586}
{"timestamp":"2026-09-03T18:30:27.650967Z","level":"INFO","fields":{"message":"Concurrency control for download: Decreased concurrency from 1 to 1; reason: success ratio below threshold (connection struggling) (success_ratio = 1.000, threshold = 0.500)"},"filename":"D:\\a\\xet-core\\xet-core\\xet_client\\src\\cas_client\\adaptive_concurrency\\controller.rs","line_number":586}
{"timestamp":"2026-09-03T18:30:28.182329Z","level":"INFO","fields":{"message":"Concurrency control for download: Decreased concurrency from 1 to 1; reason: success ratio below threshold (connection struggling) (success_ratio = 1.000, threshold = 0.500)"},"filename":"D:\\a\\xet-core\\xet-core\\xet_client\\src\\cas_client\\adaptive_concurrency\\controller.rs","line_number":586}
{"timestamp":"2026-09-03T18:30:28.752677Z","level":"INFO","fields":{"message":"Concurrency control for download: Decreased concurrency from 1 to 1; reason: success ratio below threshold (connection struggling) (success_ratio = 1.000, threshold = 0.500)"},"filename":"D:\\a\\xet-core\\xet-core\\xet_client\\src\\cas_client\\adaptive_concurrency\\controller.rs","line_number":586}
{"timestamp":"2026-09-03T18:30:29.316503Z","level":"INFO","fields":{"message":"Concurrency control for download: Decreased concurrency from 1 to 1; reason: success ratio below threshold (connection struggling) (success_ratio = 1.000, threshold = 0.500)"},"filename":"D:\\a\\xet-core\\xet-core\\xet_client\\src\\cas_client\\adaptive_concurrency\\controller.rs","line_number":586}
{"timestamp":"2026-09-03T18:30:30.267371Z","level":"INFO","fields":{"message":"Concurrency control for download: Decreased concurrency from 1 to 1; reason: success ratio below threshold (connection struggling) (success_ratio = 1.000, threshold = 0.500)"},"filename":"D:\\a\\xet-core\\xet-core\\xet_client\\src\\cas_client\\adaptive_concurrency\\controller.rs","line_number":586}
{"timestamp":"2026-09-03T18:30:30.806181Z","level":"INFO","fields":{"message":"Concurrency control for download: Decreased concurrency from 1 to 1; reason: success ratio below threshold (connection struggling) (success_ratio = 1.000, threshold = 0.500)"},"filename":"D:\\a\\xet-core\\xet-core\\xet_client\\src\\cas_client\\adaptive_concurrency\\controller.rs","line_number":586}
{"timestamp":"2026-09-03T18:30:31.370348Z","level":"INFO","fields":{"message":"Concurrency control for download: Decreased concurrency from 1 to 1; reason: success ratio below threshold (connection struggling) (success_ratio = 1.000, threshold = 0.500)"},"filename":"D:\\a\\xet-core\\xet-core\\xet_client\\src\\cas_client\\adaptive_concurrency\\controller.rs","line_number":586}
{"timestamp":"2026-09-03T18:30:31.953243Z","level":"INFO","fields":{"message":"Concurrency control for download: Decreased concurrency from 1 to 1; reason: success ratio below threshold (connection struggling) (success_ratio = 1.000, threshold = 0.500)"},"filename":"D:\\a\\xet-core\\xet-core\\xet_client\\src\\cas_client\\adaptive_concurrency\\controller.rs","line_number":586}
{"timestamp":"2026-09-03T18:30:32.587239Z","level":"INFO","fields":{"message":"Concurrency control for download: Decreased concurrency from 1 to 1; reason: success ratio below threshold (connection struggling) (success_ratio = 1.000, threshold = 0.500)"},"filename":"D:\\a\\xet-core\\xet-core\\xet_client\\src\\cas_client\\adaptive_concurrency\\controller.rs","line_number":586}
{"timestamp":"2026-09-03T18:30:33.089603Z","level":"INFO","fields":{"message":"Concurrency control for download: Decreased concurrency from 1 to 1; reason: success ratio below threshold (connection struggling) (success_ratio = 1.000, threshold = 0.500)"},"filename":"D:\\a\\xet-core\\xet-core\\xet_client\\src\\cas_client\\adaptive_concurrency\\controller.rs","line_number":586}
{"timestamp":"2026-09-03T18:30:33.605744Z","level":"INFO","fields":{"message":"Concurrency control for download: Decreased concurrency from 1 to 1; reason: success ratio below threshold (connection struggling) (success_ratio = 1.000, threshold = 0.500)"},"filename":"D:\\a\\xet-core\\xet-core\\xet_client\\src\\cas_client\\adaptive_concurrency\\controller.rs","line_number":586}
{"timestamp":"2026-09-03T18:30:33.746433Z","level":"INFO","fields":{"message":"Concurrency control for download: Current concurrency = 1; predicted bandwidth = 58090; success_ratio = 1.000; reference_size = 46.9MB; observed bytes sent so far = 212650085; completed transmissions = 3"},"filename":"D:\\a\\xet-core\\xet-core\\xet_client\\src\\cas_client\\adaptive_concurrency\\controller.rs","line_number":602}
{"timestamp":"2026-09-03T18:30:34.208829Z","level":"INFO","fields":{"message":"Concurrency control for download: Decreased concurrency from 1 to 1; reason: success ratio below threshold (connection struggling) (success_ratio = 1.000, threshold = 0.500)"},"filename":"D:\\a\\xet-core\\xet-core\\xet_client\\src\\cas_client\\adaptive_concurrency\\controller.rs","line_number":586}
{"timestamp":"2026-09-03T18:30:35.126694Z","level":"INFO","fields":{"message":"Concurrency control for download: Decreased concurrency from 1 to 1; reason: success ratio below threshold (connection struggling) (success_ratio = 1.000, threshold = 0.500)"},"filename":"D:\\a\\xet-core\\xet-core\\xet_client\\src\\cas_client\\adaptive_concurrency\\controller.rs","line_number":586}
{"timestamp":"2026-09-03T18:30:35.682356Z","level":"INFO","fields":{"message":"Concurrency control for download: Decreased concurrency from 1 to 1; reason: success ratio below threshold (connection struggling) (success_ratio = 1.000, threshold = 0.500)"},"filename":"D:\\a\\xet-core\\xet-core\\xet_client\\src\\cas_client\\adaptive_concurrency\\controller.rs","line_number":586}
{"timestamp":"2026-09-03T18:30:36.216528Z","level":"INFO","fields":{"message":"Concurrency control for download: Decreased concurrency from 1 to 1; reason: success ratio below threshold (connection struggling) (success_ratio = 1.000, threshold = 0.500)"},"filename":"D:\\a\\xet-core\\xet-core\\xet_client\\src\\cas_client\\adaptive_concurrency\\controller.rs","line_number":586}
{"timestamp":"2026-09-03T18:30:36.773661Z","level":"INFO","fields":{"message":"Concurrency control for download: Decreased concurrency from 1 to 1; reason: success ratio below threshold (connection struggling) (success_ratio = 1.000, threshold = 0.500)"},"filename":"D:\\a\\xet-core\\xet-core\\xet_client\\src\\cas_client\\adaptive_concurrency\\controller.rs","line_number":586}
{"timestamp":"2026-09-03T18:30:37.288028Z","level":"INFO","fields":{"message":"Concurrency control for download: Decreased concurrency from 1 to 1; reason: success ratio below threshold (connection struggling) (success_ratio = 1.000, threshold = 0.500)"},"filename":"D:\\a\\xet-core\\xet-core\\xet_client\\src\\cas_client\\adaptive_concurrency\\controller.rs","line_number":586}
{"timestamp":"2026-09-03T18:30:37.926981Z","level":"INFO","fields":{"message":"Concurrency control for download: Decreased concurrency from 1 to 1; reason: success ratio below threshold (connection struggling) (success_ratio = 1.000, threshold = 0.500)"},"filename":"D:\\a\\xet-core\\xet-core\\xet_client\\src\\cas_client\\adaptive_concurrency\\controller.rs","line_number":586}
{"timestamp":"2026-09-03T18:30:38.805522Z","level":"INFO","fields":{"message":"Concurrency control for download: Decreased concurrency from 1 to 1; reason: success ratio below threshold (connection struggling) (success_ratio = 1.000, threshold = 0.500)"},"filename":"D:\\a\\xet-core\\xet-core\\xet_client\\src\\cas_client\\adaptive_concurrency\\controller.rs","line_number":586}
{"timestamp":"2026-09-03T18:30:39.459731Z","level":"INFO","fields":{"message":"Concurrency control for download: Decreased concurrency from 1 to 1; reason: success ratio below threshold (connection struggling) (success_ratio = 1.000, threshold = 0.500)"},"filename":"D:\\a\\xet-core\\xet-core\\xet_client\\src\\cas_client\\adaptive_concurrency\\controller.rs","line_number":586}
{"timestamp":"2026-09-03T18:30:39.968588Z","level":"INFO","fields":{"message":"Concurrency control for download: Decreased concurrency from 1 to 1; reason: success ratio below threshold (connection struggling) (success_ratio = 1.000, threshold = 0.500)"},"filename":"D:\\a\\xet-core\\xet-core\\xet_client\\src\\cas_client\\adaptive_concurrency\\controller.rs","line_number":586}
{"timestamp":"2026-09-03T18:30:40.515351Z","level":"INFO","fields":{"message":"Concurrency control for download: Decreased concurrency from 1 to 1; reason: success ratio below threshold (connection struggling) (success_ratio = 1.000, threshold = 0.500)"},"filename":"D:\\a\\xet-core\\xet-core\\xet_client\\src\\cas_client\\adaptive_concurrency\\controller.rs","line_number":586}
{"timestamp":"2026-09-03T18:30:41.062847Z","level":"INFO","fields":{"message":"Concurrency control for download: Decreased concurrency from 1 to 1; reason: success ratio below threshold (connection struggling) (success_ratio = 1.000, threshold = 0.500)"},"filename":"D:\\a\\xet-core\\xet-core\\xet_client\\src\\cas_client\\adaptive_concurrency\\controller.rs","line_number":586}
{"timestamp":"2026-09-03T18:30:41.613963Z","level":"INFO","fields":{"message":"Concurrency control for download: Decreased concurrency from 1 to 1; reason: success ratio below threshold (connection struggling) (success_ratio = 1.000, threshold = 0.500)"},"filename":"D:\\a\\xet-core\\xet-core\\xet_client\\src\\cas_client\\adaptive_concurrency\\controller.rs","line_number":586}
{"timestamp":"2026-09-03T18:30:42.122769Z","level":"INFO","fields":{"message":"Concurrency control for download: Decreased concurrency from 1 to 1; reason: success ratio below threshold (connection struggling) (success_ratio = 1.000, threshold = 0.500)"},"filename":"D:\\a\\xet-core\\xet-core\\xet_client\\src\\cas_client\\adaptive_concurrency\\controller.rs","line_number":586}
{"timestamp":"2026-09-03T18:30:42.632593Z","level":"INFO","fields":{"message":"Concurrency control for download: Decreased concurrency from 1 to 1; reason: success ratio below threshold (connection struggling) (success_ratio = 1.000, threshold = 0.500)"},"filename":"D:\\a\\xet-core\\xet-core\\xet_client\\src\\cas_client\\adaptive_concurrency\\controller.rs","line_number":586}
{"timestamp":"2026-09-03T18:30:43.149935Z","level":"INFO","fields":{"message":"Concurrency control for download: Decreased concurrency from 1 to 1; reason: success ratio below threshold (connection struggling) (success_ratio = 1.000, threshold = 0.500)"},"filename":"D:\\a\\xet-core\\xet-core\\xet_client\\src\\cas_client\\adaptive_concurrency\\controller.rs","line_number":586}
{"timestamp":"2026-09-03T18:30:43.662363Z","level":"INFO","fields":{"message":"Concurrency control for download: Decreased concurrency from 1 to 1; reason: success ratio below threshold (connection struggling) (success_ratio = 1.000, threshold = 0.500)"},"filename":"D:\\a\\xet-core\\xet-core\\xet_client\\src\\cas_client\\adaptive_concurrency\\controller.rs","line_number":586}
{"timestamp":"2026-09-03T18:30:43.808045Z","level":"INFO","fields":{"message":"Concurrency control for download: Current concurrency = 1; predicted bandwidth = 55026; success_ratio = 1.000; reference_size = 46.9MB; observed bytes sent so far = 220028705; completed transmissions = 3"},"filename":"D:\\a\\xet-core\\xet-core\\xet_client\\src\\cas_client\\adaptive_concurrency\\controller.rs","line_number":602}
{"timestamp":"2026-09-03T18:30:44.187802Z","level":"INFO","fields":{"message":"Concurrency control for download: Decreased concurrency from 1 to 1; reason: success ratio below threshold (connection struggling) (success_ratio = 1.000, threshold = 0.500)"},"filename":"D:\\a\\xet-core\\xet-core\\xet_client\\src\\cas_client\\adaptive_concurrency\\controller.rs","line_number":586}
{"timestamp":"2026-09-03T18:30:44.714240Z","level":"INFO","fields":{"message":"Concurrency control for download: Decreased concurrency from 1 to 1; reason: success ratio below threshold (connection struggling) (success_ratio = 1.000, threshold = 0.500)"},"filename":"D:\\a\\xet-core\\xet-core\\xet_client\\src\\cas_client\\adaptive_concurrency\\controller.rs","line_number":586}
{"timestamp":"2026-09-03T18:30:45.234853Z","level":"INFO","fields":{"message":"Concurrency control for download: Decreased concurrency from 1 to 1; reason: success ratio below threshold (connection struggling) (success_ratio = 1.000, threshold = 0.500)"},"filename":"D:\\a\\xet-core\\xet-core\\xet_client\\src\\cas_client\\adaptive_concurrency\\controller.rs","line_number":586}
{"timestamp":"2026-09-03T18:30:45.783106Z","level":"INFO","fields":{"message":"Concurrency control for download: Decreased concurrency from 1 to 1; reason: success ratio below threshold (connection struggling) (success_ratio = 1.000, threshold = 0.500)"},"filename":"D:\\a\\xet-core\\xet-core\\xet_client\\src\\cas_client\\adaptive_concurrency\\controller.rs","line_number":586}
{"timestamp":"2026-09-03T18:30:46.298448Z","level":"INFO","fields":{"message":"Concurrency control for download: Decreased concurrency from 1 to 1; reason: success ratio below threshold (connection struggling) (success_ratio = 1.000, threshold = 0.500)"},"filename":"D:\\a\\xet-core\\xet-core\\xet_client\\src\\cas_client\\adaptive_concurrency\\controller.rs","line_number":586}
{"timestamp":"2026-09-03T18:30:46.805774Z","level":"INFO","fields":{"message":"Concurrency control for download: Decreased concurrency from 1 to 1; reason: success ratio below threshold (connection struggling) (success_ratio = 1.000, threshold = 0.500)"},"filename":"D:\\a\\xet-core\\xet-core\\xet_client\\src\\cas_client\\adaptive_concurrency\\controller.rs","line_number":586}
{"timestamp":"2026-09-03T18:30:46.837764Z","level":"INFO","fields":{"message":"Received CAS response","request_id":"01M1M8K9N4CD4BFX96ZKW7HSD3","status_code":206},"filename":"D:\\a\\xet-core\\xet-core\\xet_client\\src\\common\\http_client.rs","line_number":288}
{"timestamp":"2026-09-03T18:30:46.837779Z","level":"INFO","fields":{"message":"Request Success: s3::get_range api call succeeded (request id 01M1M8K9N4CD4BFX96ZKW7HSD3, retry 1)."},"filename":"D:\\a\\xet-core\\xet-core\\xet_client\\src\\cas_client\\retry_wrapper.rs","line_number":237}
{"timestamp":"2026-09-03T18:30:47.309815Z","level":"INFO","fields":{"message":"Concurrency control for download: Decreased concurrency from 1 to 1; reason: success ratio below threshold (connection struggling) (success_ratio = 1.000, threshold = 0.500)"},"filename":"D:\\a\\xet-core\\xet-core\\xet_client\\src\\cas_client\\adaptive_concurrency\\controller.rs","line_number":586}
{"timestamp":"2026-09-03T18:30:47.884299Z","level":"INFO","fields":{"message":"Concurrency control for download: Decreased concurrency from 1 to 1; reason: transfer failed (success_ratio = 1.000, threshold = 0.500)"},"filename":"D:\\a\\xet-core\\xet-core\\xet_client\\src\\cas_client\\adaptive_concurrency\\controller.rs","line_number":586}
{"timestamp":"2026-09-03T18:30:48.430088Z","level":"INFO","fields":{"message":"Concurrency control for download: Decreased concurrency from 1 to 1; reason: success ratio below threshold (connection struggling) (success_ratio = 1.000, threshold = 0.500)"},"filename":"D:\\a\\xet-core\\xet-core\\xet_client\\src\\cas_client\\adaptive_concurrency\\controller.rs","line_number":586}
{"timestamp":"2026-09-03T18:30:48.522250Z","level":"INFO","fields":{"message":"Received CAS response","request_id":"01M1M8KBECNGE052GJJJ4V72AK","status_code":206},"filename":"D:\\a\\xet-core\\xet-core\\xet_client\\src\\common\\http_client.rs","line_number":288}
{"timestamp":"2026-09-03T18:30:48.522284Z","level":"INFO","fields":{"message":"Request Success: s3::get_range api call succeeded (request id 01M1M8KBECNGE052GJJJ4V72AK, retry 1)."},"filename":"D:\\a\\xet-core\\xet-core\\xet_client\\src\\cas_client\\retry_wrapper.rs","line_number":237}
{"timestamp":"2026-09-03T18:30:49.075150Z","level":"INFO","fields":{"message":"Concurrency control for download: Decreased concurrency from 1 to 1; reason: success ratio below threshold (connection struggling) (success_ratio = 1.000, threshold = 0.500)"},"filename":"D:\\a\\xet-core\\xet-core\\xet_client\\src\\cas_client\\adaptive_concurrency\\controller.rs","line_number":586}
{"timestamp":"2026-09-03T18:30:49.593419Z","level":"INFO","fields":{"message":"Concurrency control for download: Decreased concurrency from 1 to 1; reason: success ratio below threshold (connection struggling) (success_ratio = 1.000, threshold = 0.500)"},"filename":"D:\\a\\xet-core\\xet-core\\xet_client\\src\\cas_client\\adaptive_concurrency\\controller.rs","line_number":586}
{"timestamp":"2026-09-03T18:30:50.173512Z","level":"INFO","fields":{"message":"Concurrency control for download: Decreased concurrency from 1 to 1; reason: success ratio below threshold (connection struggling) (success_ratio = 1.000, threshold = 0.500)"},"filename":"D:\\a\\xet-core\\xet-core\\xet_client\\src\\cas_client\\adaptive_concurrency\\controller.rs","line_number":586}
{"timestamp":"2026-09-03T18:30:50.777425Z","level":"INFO","fields":{"message":"Concurrency control for download: Decreased concurrency from 1 to 1; reason: success ratio below threshold (connection struggling) (success_ratio = 1.000, threshold = 0.500)"},"filename":"D:\\a\\xet-core\\xet-core\\xet_client\\src\\cas_client\\adaptive_concurrency\\controller.rs","line_number":586}
{"timestamp":"2026-09-03T18:30:51.344412Z","level":"INFO","fields":{"message":"Concurrency control for download: Decreased concurrency from 1 to 1; reason: success ratio below threshold (connection struggling) (success_ratio = 1.000, threshold = 0.500)"},"filename":"D:\\a\\xet-core\\xet-core\\xet_client\\src\\cas_client\\adaptive_concurrency\\controller.rs","line_number":586}
{"timestamp":"2026-09-03T18:30:51.879839Z","level":"INFO","fields":{"message":"Concurrency control for download: Decreased concurrency from 1 to 1; reason: success ratio below threshold (connection struggling) (success_ratio = 1.000, threshold = 0.500)"},"filename":"D:\\a\\xet-core\\xet-core\\xet_client\\src\\cas_client\\adaptive_concurrency\\controller.rs","line_number":586}
{"timestamp":"2026-09-03T18:30:52.402809Z","level":"INFO","fields":{"message":"Concurrency control for download: Decreased concurrency from 1 to 1; reason: success ratio below threshold (connection struggling) (success_ratio = 1.000, threshold = 0.500)"},"filename":"D:\\a\\xet-core\\xet-core\\xet_client\\src\\cas_client\\adaptive_concurrency\\controller.rs","line_number":586}
{"timestamp":"2026-09-03T18:30:53.072394Z","level":"INFO","fields":{"message":"Concurrency control for download: Decreased concurrency from 1 to 1; reason: success ratio below threshold (connection struggling) (success_ratio = 1.000, threshold = 0.500)"},"filename":"D:\\a\\xet-core\\xet-core\\xet_client\\src\\cas_client\\adaptive_concurrency\\controller.rs","line_number":586}
{"timestamp":"2026-09-03T18:30:53.669966Z","level":"INFO","fields":{"message":"Concurrency control for download: Decreased concurrency from 1 to 1; reason: success ratio below threshold (connection struggling) (success_ratio = 1.000, threshold = 0.500)"},"filename":"D:\\a\\xet-core\\xet-core\\xet_client\\src\\cas_client\\adaptive_concurrency\\controller.rs","line_number":586}
{"timestamp":"2026-09-03T18:30:53.813556Z","level":"INFO","fields":{"message":"Concurrency control for download: Current concurrency = 1; predicted bandwidth = 82191; success_ratio = 1.000; reference_size = 46.9MB; observed bytes sent so far = 225419041; completed transmissions = 5"},"filename":"D:\\a\\xet-core\\xet-core\\xet_client\\src\\cas_client\\adaptive_concurrency\\controller.rs","line_number":602}
{"timestamp":"2026-09-03T18:30:54.328065Z","level":"INFO","fields":{"message":"Concurrency control for download: Decreased concurrency from 1 to 1; reason: success ratio below threshold (connection struggling) (success_ratio = 1.000, threshold = 0.500)"},"filename":"D:\\a\\xet-core\\xet-core\\xet_client\\src\\cas_client\\adaptive_concurrency\\controller.rs","line_number":586}
{"timestamp":"2026-09-03T18:30:54.867636Z","level":"INFO","fields":{"message":"Concurrency control for download: Decreased concurrency from 1 to 1; reason: success ratio below threshold (connection struggling) (success_ratio = 1.000, threshold = 0.500)"},"filename":"D:\\a\\xet-core\\xet-core\\xet_client\\src\\cas_client\\adaptive_concurrency\\controller.rs","line_number":586}
{"timestamp":"2026-09-03T18:30:55.487094Z","level":"INFO","fields":{"message":"Concurrency control for download: Decreased concurrency from 1 to 1; reason: success ratio below threshold (connection struggling) (success_ratio = 1.000, threshold = 0.500)"},"filename":"D:\\a\\xet-core\\xet-core\\xet_client\\src\\cas_client\\adaptive_concurrency\\controller.rs","line_number":586}
{"timestamp":"2026-09-03T18:30:56.112508Z","level":"INFO","fields":{"message":"Concurrency control for download: Decreased concurrency from 1 to 1; reason: success ratio below threshold (connection struggling) (success_ratio = 1.000, threshold = 0.500)"},"filename":"D:\\a\\xet-core\\xet-core\\xet_client\\src\\cas_client\\adaptive_concurrency\\controller.rs","line_number":586}
{"timestamp":"2026-09-03T18:30:56.613404Z","level":"INFO","fields":{"message":"Concurrency control for download: Decreased concurrency from 1 to 1; reason: success ratio below threshold (connection struggling) (success_ratio = 1.000, threshold = 0.500)"},"filename":"D:\\a\\xet-core\\xet-core\\xet_client\\src\\cas_client\\adaptive_concurrency\\controller.rs","line_number":586}
{"timestamp":"2026-09-03T18:30:57.122002Z","level":"INFO","fields":{"message":"Concurrency control for download: Decreased concurrency from 1 to 1; reason: success ratio below threshold (connection struggling) (success_ratio = 1.000, threshold = 0.500)"},"filename":"D:\\a\\xet-core\\xet-core\\xet_client\\src\\cas_client\\adaptive_concurrency\\controller.rs","line_number":586}
{"timestamp":"2026-09-03T18:30:57.497066Z","level":"INFO","fields":{"message":"Received CAS response","request_id":"01M1M8KM7226HYZKPT6C68HTWE","status_code":206},"filename":"D:\\a\\xet-core\\xet-core\\xet_client\\src\\common\\http_client.rs","line_number":288}
{"timestamp":"2026-09-03T18:30:57.497107Z","level":"INFO","fields":{"message":"Request Success: s3::get_range api call succeeded (request id 01M1M8KM7226HYZKPT6C68HTWE, retry 1)."},"filename":"D:\\a\\xet-core\\xet-core\\xet_client\\src\\cas_client\\retry_wrapper.rs","line_number":237}
{"timestamp":"2026-09-03T18:30:57.643993Z","level":"INFO","fields":{"message":"Concurrency control for download: Decreased concurrency from 1 to 1; reason: success ratio below threshold (connection struggling) (success_ratio = 1.000, threshold = 0.500)"},"filename":"D:\\a\\xet-core\\xet-core\\xet_client\\src\\cas_client\\adaptive_concurrency\\controller.rs","line_number":586}
{"timestamp":"2026-09-03T18:30:58.157464Z","level":"INFO","fields":{"message":"Concurrency control for download: Decreased concurrency from 1 to 1; reason: success ratio below threshold (connection struggling) (success_ratio = 1.000, threshold = 0.500)"},"filename":"D:\\a\\xet-core\\xet-core\\xet_client\\src\\cas_client\\adaptive_concurrency\\controller.rs","line_number":586}
{"timestamp":"2026-09-03T18:30:58.703892Z","level":"INFO","fields":{"message":"Concurrency control for download: Decreased concurrency from 1 to 1; reason: success ratio below threshold (connection struggling) (success_ratio = 1.000, threshold = 0.500)"},"filename":"D:\\a\\xet-core\\xet-core\\xet_client\\src\\cas_client\\adaptive_concurrency\\controller.rs","line_number":586}
{"timestamp":"2026-09-03T18:30:59.208136Z","level":"INFO","fields":{"message":"Concurrency control for download: Decreased concurrency from 1 to 1; reason: success ratio below threshold (connection struggling) (success_ratio = 1.000, threshold = 0.500)"},"filename":"D:\\a\\xet-core\\xet-core\\xet_client\\src\\cas_client\\adaptive_concurrency\\controller.rs","line_number":586}
{"timestamp":"2026-09-03T18:30:59.712633Z","level":"INFO","fields":{"message":"Concurrency control for download: Decreased concurrency from 1 to 1; reason: success ratio below threshold (connection struggling) (success_ratio = 1.000, threshold = 0.500)"},"filename":"D:\\a\\xet-core\\xet-core\\xet_client\\src\\cas_client\\adaptive_concurrency\\controller.rs","line_number":586}
{"timestamp":"2026-09-03T18:31:00.454043Z","level":"INFO","fields":{"message":"Concurrency control for download: Decreased concurrency from 1 to 1; reason: success ratio below threshold (connection struggling) (success_ratio = 1.000, threshold = 0.500)"},"filename":"D:\\a\\xet-core\\xet-core\\xet_client\\src\\cas_client\\adaptive_concurrency\\controller.rs","line_number":586}
{"timestamp":"2026-09-03T18:31:00.979744Z","level":"INFO","fields":{"message":"Concurrency control for download: Decreased concurrency from 1 to 1; reason: success ratio below threshold (connection struggling) (success_ratio = 1.000, threshold = 0.500)"},"filename":"D:\\a\\xet-core\\xet-core\\xet_client\\src\\cas_client\\adaptive_concurrency\\controller.rs","line_number":586}
{"timestamp":"2026-09-03T18:31:01.492850Z","level":"INFO","fields":{"message":"Concurrency control for download: Decreased concurrency from 1 to 1; reason: success ratio below threshold (connection struggling) (success_ratio = 1.000, threshold = 0.500)"},"filename":"D:\\a\\xet-core\\xet-core\\xet_client\\src\\cas_client\\adaptive_concurrency\\controller.rs","line_number":586}
{"timestamp":"2026-09-03T18:31:02.092776Z","level":"INFO","fields":{"message":"Concurrency control for download: Decreased concurrency from 1 to 1; reason: success ratio below threshold (connection struggling) (success_ratio = 1.000, threshold = 0.500)"},"filename":"D:\\a\\xet-core\\xet-core\\xet_client\\src\\cas_client\\adaptive_concurrency\\controller.rs","line_number":586}
{"timestamp":"2026-09-03T18:31:02.793233Z","level":"INFO","fields":{"message":"Concurrency control for download: Decreased concurrency from 1 to 1; reason: success ratio below threshold (connection struggling) (success_ratio = 1.000, threshold = 0.500)"},"filename":"D:\\a\\xet-core\\xet-core\\xet_client\\src\\cas_client\\adaptive_concurrency\\controller.rs","line_number":586}
{"timestamp":"2026-09-03T18:31:03.322668Z","level":"INFO","fields":{"message":"Concurrency control for download: Decreased concurrency from 1 to 1; reason: success ratio below threshold (connection struggling) (success_ratio = 1.000, threshold = 0.500)"},"filename":"D:\\a\\xet-core\\xet-core\\xet_client\\src\\cas_client\\adaptive_concurrency\\controller.rs","line_number":586}
{"timestamp":"2026-09-03T18:31:03.819916Z","level":"INFO","fields":{"message":"Concurrency control for download: Current concurrency = 1; predicted bandwidth = 102780; success_ratio = 1.000; reference_size = 46.9MB; observed bytes sent so far = 227450657; completed transmissions = 6"},"filename":"D:\\a\\xet-core\\xet-core\\xet_client\\src\\cas_client\\adaptive_concurrency\\controller.rs","line_number":602}
{"timestamp":"2026-09-03T18:31:03.928371Z","level":"INFO","fields":{"message":"Concurrency control for download: Decreased concurrency from 1 to 1; reason: success ratio below threshold (connection struggling) (success_ratio = 1.000, threshold = 0.500)"},"filename":"D:\\a\\xet-core\\xet-core\\xet_client\\src\\cas_client\\adaptive_concurrency\\controller.rs","line_number":586}
{"timestamp":"2026-09-03T18:31:04.494143Z","level":"INFO","fields":{"message":"Concurrency control for download: Decreased concurrency from 1 to 1; reason: success ratio below threshold (connection struggling) (success_ratio = 1.000, threshold = 0.500)"},"filename":"D:\\a\\xet-core\\xet-core\\xet_client\\src\\cas_client\\adaptive_concurrency\\controller.rs","line_number":586}
{"timestamp":"2026-09-03T18:31:05.195471Z","level":"INFO","fields":{"message":"Concurrency control for download: Decreased concurrency from 1 to 1; reason: success ratio below threshold (connection struggling) (success_ratio = 1.000, threshold = 0.500)"},"filename":"D:\\a\\xet-core\\xet-core\\xet_client\\src\\cas_client\\adaptive_concurrency\\controller.rs","line_number":586}
{"timestamp":"2026-09-03T18:31:05.703441Z","level":"INFO","fields":{"message":"Concurrency control for download: Decreased concurrency from 1 to 1; reason: success ratio below threshold (connection struggling) (success_ratio = 1.000, threshold = 0.500)"},"filename":"D:\\a\\xet-core\\xet-core\\xet_client\\src\\cas_client\\adaptive_concurrency\\controller.rs","line_number":586}
{"timestamp":"2026-09-03T18:31:06.462167Z","level":"INFO","fields":{"message":"Concurrency control for download: Decreased concurrency from 1 to 1; reason: success ratio below threshold (connection struggling) (success_ratio = 1.000, threshold = 0.500)"},"filename":"D:\\a\\xet-core\\xet-core\\xet_client\\src\\cas_client\\adaptive_concurrency\\controller.rs","line_number":586}
{"timestamp":"2026-09-03T18:31:07.019703Z","level":"INFO","fields":{"message":"Concurrency control for download: Decreased concurrency from 1 to 1; reason: success ratio below threshold (connection struggling) (success_ratio = 1.000, threshold = 0.500)"},"filename":"D:\\a\\xet-core\\xet-core\\xet_client\\src\\cas_client\\adaptive_concurrency\\controller.rs","line_number":586}
{"timestamp":"2026-09-03T18:31:07.618036Z","level":"INFO","fields":{"message":"Concurrency control for download: Decreased concurrency from 1 to 1; reason: success ratio below threshold (connection struggling) (success_ratio = 1.000, threshold = 0.500)"},"filename":"D:\\a\\xet-core\\xet-core\\xet_client\\src\\cas_client\\adaptive_concurrency\\controller.rs","line_number":586}
{"timestamp":"2026-09-03T18:31:08.131044Z","level":"INFO","fields":{"message":"Concurrency control for download: Decreased concurrency from 1 to 1; reason: success ratio below threshold (connection struggling) (success_ratio = 1.000, threshold = 0.500)"},"filename":"D:\\a\\xet-core\\xet-core\\xet_client\\src\\cas_client\\adaptive_concurrency\\controller.rs","line_number":586}
{"timestamp":"2026-09-03T18:31:08.653268Z","level":"INFO","fields":{"message":"Concurrency control for download: Decreased concurrency from 1 to 1; reason: success ratio below threshold (connection struggling) (success_ratio = 1.000, threshold = 0.500)"},"filename":"D:\\a\\xet-core\\xet-core\\xet_client\\src\\cas_client\\adaptive_concurrency\\controller.rs","line_number":586}
{"timestamp":"2026-09-03T18:31:09.174477Z","level":"INFO","fields":{"message":"Concurrency control for download: Decreased concurrency from 1 to 1; reason: success ratio below threshold (connection struggling) (success_ratio = 1.000, threshold = 0.500)"},"filename":"D:\\a\\xet-core\\xet-core\\xet_client\\src\\cas_client\\adaptive_concurrency\\controller.rs","line_number":586}
{"timestamp":"2026-09-03T18:31:09.677681Z","level":"INFO","fields":{"message":"Concurrency control for download: Decreased concurrency from 1 to 1; reason: success ratio below threshold (connection struggling) (success_ratio = 1.000, threshold = 0.500)"},"filename":"D:\\a\\xet-core\\xet-core\\xet_client\\src\\cas_client\\adaptive_concurrency\\controller.rs","line_number":586}
{"timestamp":"2026-09-03T18:31:10.197385Z","level":"INFO","fields":{"message":"Concurrency control for download: Decreased concurrency from 1 to 1; reason: success ratio below threshold (connection struggling) (success_ratio = 1.000, threshold = 0.500)"},"filename":"D:\\a\\xet-core\\xet-core\\xet_client\\src\\cas_client\\adaptive_concurrency\\controller.rs","line_number":586}
{"timestamp":"2026-09-03T18:31:10.903280Z","level":"INFO","fields":{"message":"Concurrency control for download: Decreased concurrency from 1 to 1; reason: success ratio below threshold (connection struggling) (success_ratio = 1.000, threshold = 0.500)"},"filename":"D:\\a\\xet-core\\xet-core\\xet_client\\src\\cas_client\\adaptive_concurrency\\controller.rs","line_number":586}
{"timestamp":"2026-09-03T18:31:11.447270Z","level":"INFO","fields":{"message":"Concurrency control for download: Decreased concurrency from 1 to 1; reason: success ratio below threshold (connection struggling) (success_ratio = 1.000, threshold = 0.500)"},"filename":"D:\\a\\xet-core\\xet-core\\xet_client\\src\\cas_client\\adaptive_concurrency\\controller.rs","line_number":586}
{"timestamp":"2026-09-03T18:31:12.011495Z","level":"INFO","fields":{"message":"Concurrency control for download: Decreased concurrency from 1 to 1; reason: success ratio below threshold (connection struggling) (success_ratio = 1.000, threshold = 0.500)"},"filename":"D:\\a\\xet-core\\xet-core\\xet_client\\src\\cas_client\\adaptive_concurrency\\controller.rs","line_number":586}
{"timestamp":"2026-09-03T18:31:12.782794Z","level":"INFO","fields":{"message":"Concurrency control for download: Decreased concurrency from 1 to 1; reason: success ratio below threshold (connection struggling) (success_ratio = 1.000, threshold = 0.500)"},"filename":"D:\\a\\xet-core\\xet-core\\xet_client\\src\\cas_client\\adaptive_concurrency\\controller.rs","line_number":586}
{"timestamp":"2026-09-03T18:31:13.303734Z","level":"INFO","fields":{"message":"Concurrency control for download: Decreased concurrency from 1 to 1; reason: success ratio below threshold (connection struggling) (success_ratio = 1.000, threshold = 0.500)"},"filename":"D:\\a\\xet-core\\xet-core\\xet_client\\src\\cas_client\\adaptive_concurrency\\controller.rs","line_number":586}
{"timestamp":"2026-09-03T18:31:14.053518Z","level":"INFO","fields":{"message":"Concurrency control for download: Decreased concurrency from 1 to 1; reason: success ratio below threshold (connection struggling) (success_ratio = 1.000, threshold = 0.500)"},"filename":"D:\\a\\xet-core\\xet-core\\xet_client\\src\\cas_client\\adaptive_concurrency\\controller.rs","line_number":586}
{"timestamp":"2026-09-03T18:31:14.053538Z","level":"INFO","fields":{"message":"Concurrency control for download: Current concurrency = 1; predicted bandwidth = 112053; success_ratio = 1.000; reference_size = 46.9MB; observed bytes sent so far = 229252897; completed transmissions = 6"},"filename":"D:\\a\\xet-core\\xet-core\\xet_client\\src\\cas_client\\adaptive_concurrency\\controller.rs","line_number":602}
{"timestamp":"2026-09-03T18:31:14.621875Z","level":"INFO","fields":{"message":"Concurrency control for download: Decreased concurrency from 1 to 1; reason: success ratio below threshold (connection struggling) (success_ratio = 1.000, threshold = 0.500)"},"filename":"D:\\a\\xet-core\\xet-core\\xet_client\\src\\cas_client\\adaptive_concurrency\\controller.rs","line_number":586}
{"timestamp":"2026-09-03T18:31:15.134907Z","level":"INFO","fields":{"message":"Concurrency control for download: Decreased concurrency from 1 to 1; reason: success ratio below threshold (connection struggling) (success_ratio = 1.000, threshold = 0.500)"},"filename":"D:\\a\\xet-core\\xet-core\\xet_client\\src\\cas_client\\adaptive_concurrency\\controller.rs","line_number":586}
{"timestamp":"2026-09-03T18:31:15.639017Z","level":"INFO","fields":{"message":"Concurrency control for download: Decreased concurrency from 1 to 1; reason: success ratio below threshold (connection struggling) (success_ratio = 1.000, threshold = 0.500)"},"filename":"D:\\a\\xet-core\\xet-core\\xet_client\\src\\cas_client\\adaptive_concurrency\\controller.rs","line_number":586}
{"timestamp":"2026-09-03T18:31:16.173737Z","level":"INFO","fields":{"message":"Concurrency control for download: Decreased concurrency from 1 to 1; reason: success ratio below threshold (connection struggling) (success_ratio = 1.000, threshold = 0.500)"},"filename":"D:\\a\\xet-core\\xet-core\\xet_client\\src\\cas_client\\adaptive_concurrency\\controller.rs","line_number":586}
{"timestamp":"2026-09-03T18:31:16.707013Z","level":"INFO","fields":{"message":"Concurrency control for download: Decreased concurrency from 1 to 1; reason: success ratio below threshold (connection struggling) (success_ratio = 1.000, threshold = 0.500)"},"filename":"D:\\a\\xet-core\\xet-core\\xet_client\\src\\cas_client\\adaptive_concurrency\\controller.rs","line_number":586}
{"timestamp":"2026-09-03T18:31:17.403918Z","level":"INFO","fields":{"message":"Concurrency control for download: Decreased concurrency from 1 to 1; reason: success ratio below threshold (connection struggling) (success_ratio = 1.000, threshold = 0.500)"},"filename":"D:\\a\\xet-core\\xet-core\\xet_client\\src\\cas_client\\adaptive_concurrency\\controller.rs","line_number":586}
{"timestamp":"2026-09-03T18:31:18.143977Z","level":"INFO","fields":{"message":"Concurrency control for download: Decreased concurrency from 1 to 1; reason: success ratio below threshold (connection struggling) (success_ratio = 1.000, threshold = 0.500)"},"filename":"D:\\a\\xet-core\\xet-core\\xet_client\\src\\cas_client\\adaptive_concurrency\\controller.rs","line_number":586}
{"timestamp":"2026-09-03T18:31:18.713715Z","level":"INFO","fields":{"message":"Concurrency control for download: Decreased concurrency from 1 to 1; reason: success ratio below threshold (connection struggling) (success_ratio = 1.000, threshold = 0.500)"},"filename":"D:\\a\\xet-core\\xet-core\\xet_client\\src\\cas_client\\adaptive_concurrency\\controller.rs","line_number":586}
{"timestamp":"2026-09-03T18:31:19.306752Z","level":"INFO","fields":{"message":"Concurrency control for download: Decreased concurrency from 1 to 1; reason: success ratio below threshold (connection struggling) (success_ratio = 1.000, threshold = 0.500)"},"filename":"D:\\a\\xet-core\\xet-core\\xet_client\\src\\cas_client\\adaptive_concurrency\\controller.rs","line_number":586}
{"timestamp":"2026-09-03T18:31:19.824979Z","level":"INFO","fields":{"message":"Concurrency control for download: Decreased concurrency from 1 to 1; reason: success ratio below threshold (connection struggling) (success_ratio = 1.000, threshold = 0.500)"},"filename":"D:\\a\\xet-core\\xet-core\\xet_client\\src\\cas_client\\adaptive_concurrency\\controller.rs","line_number":586}
{"timestamp":"2026-09-03T18:31:20.377677Z","level":"INFO","fields":{"message":"Concurrency control for download: Decreased concurrency from 1 to 1; reason: success ratio below threshold (connection struggling) (success_ratio = 1.000, threshold = 0.500)"},"filename":"D:\\a\\xet-core\\xet-core\\xet_client\\src\\cas_client\\adaptive_concurrency\\controller.rs","line_number":586}
{"timestamp":"2026-09-03T18:31:20.962297Z","level":"INFO","fields":{"message":"Concurrency control for download: Decreased concurrency from 1 to 1; reason: success ratio below threshold (connection struggling) (success_ratio = 1.000, threshold = 0.500)"},"filename":"D:\\a\\xet-core\\xet-core\\xet_client\\src\\cas_client\\adaptive_concurrency\\controller.rs","line_number":586}
{"timestamp":"2026-09-03T18:31:21.602648Z","level":"INFO","fields":{"message":"Concurrency control for download: Decreased concurrency from 1 to 1; reason: success ratio below threshold (connection struggling) (success_ratio = 1.000, threshold = 0.500)"},"filename":"D:\\a\\xet-core\\xet-core\\xet_client\\src\\cas_client\\adaptive_concurrency\\controller.rs","line_number":586}
{"timestamp":"2026-09-03T18:31:22.186227Z","level":"INFO","fields":{"message":"Concurrency control for download: Decreased concurrency from 1 to 1; reason: success ratio below threshold (connection struggling) (success_ratio = 1.000, threshold = 0.500)"},"filename":"D:\\a\\xet-core\\xet-core\\xet_client\\src\\cas_client\\adaptive_concurrency\\controller.rs","line_number":586}
{"timestamp":"2026-09-03T18:31:23.000322Z","level":"INFO","fields":{"message":"Concurrency control for download: Decreased concurrency from 1 to 1; reason: success ratio below threshold (connection struggling) (success_ratio = 1.000, threshold = 0.500)"},"filename":"D:\\a\\xet-core\\xet-core\\xet_client\\src\\cas_client\\adaptive_concurrency\\controller.rs","line_number":586}
{"timestamp":"2026-09-03T18:31:23.782636Z","level":"INFO","fields":{"message":"Concurrency control for download: Decreased concurrency from 1 to 1; reason: success ratio below threshold (connection struggling) (success_ratio = 1.000, threshold = 0.500)"},"filename":"D:\\a\\xet-core\\xet-core\\xet_client\\src\\cas_client\\adaptive_concurrency\\controller.rs","line_number":586}
{"timestamp":"2026-09-03T18:31:24.135135Z","level":"INFO","fields":{"message":"Concurrency control for download: Current concurrency = 1; predicted bandwidth = 139103; success_ratio = 1.000; reference_size = 46.9MB; observed bytes sent so far = 230940449; completed transmissions = 6"},"filename":"D:\\a\\xet-core\\xet-core\\xet_client\\src\\cas_client\\adaptive_concurrency\\controller.rs","line_number":602}
{"timestamp":"2026-09-03T18:31:24.500695Z","level":"INFO","fields":{"message":"Concurrency control for download: Decreased concurrency from 1 to 1; reason: success ratio below threshold (connection struggling) (success_ratio = 1.000, threshold = 0.500)"},"filename":"D:\\a\\xet-core\\xet-core\\xet_client\\src\\cas_client\\adaptive_concurrency\\controller.rs","line_number":586}
{"timestamp":"2026-09-03T18:31:25.308853Z","level":"INFO","fields":{"message":"Concurrency control for download: Decreased concurrency from 1 to 1; reason: success ratio below threshold (connection struggling) (success_ratio = 1.000, threshold = 0.500)"},"filename":"D:\\a\\xet-core\\xet-core\\xet_client\\src\\cas_client\\adaptive_concurrency\\controller.rs","line_number":586}
{"timestamp":"2026-09-03T18:31:25.917445Z","level":"INFO","fields":{"message":"Concurrency control for download: Decreased concurrency from 1 to 1; reason: success ratio below threshold (connection struggling) (success_ratio = 1.000, threshold = 0.500)"},"filename":"D:\\a\\xet-core\\xet-core\\xet_client\\src\\cas_client\\adaptive_concurrency\\controller.rs","line_number":586}
{"timestamp":"2026-09-03T18:31:26.462055Z","level":"INFO","fields":{"message":"Concurrency control for download: Decreased concurrency from 1 to 1; reason: success ratio below threshold (connection struggling) (success_ratio = 1.000, threshold = 0.500)"},"filename":"D:\\a\\xet-core\\xet-core\\xet_client\\src\\cas_client\\adaptive_concurrency\\controller.rs","line_number":586}
{"timestamp":"2026-09-03T18:31:27.093705Z","level":"INFO","fields":{"message":"Concurrency control for download: Decreased concurrency from 1 to 1; reason: success ratio below threshold (connection struggling) (success_ratio = 1.000, threshold = 0.500)"},"filename":"D:\\a\\xet-core\\xet-core\\xet_client\\src\\cas_client\\adaptive_concurrency\\controller.rs","line_number":586}
{"timestamp":"2026-09-03T18:31:27.601456Z","level":"INFO","fields":{"message":"Concurrency control for download: Decreased concurrency from 1 to 1; reason: success ratio below threshold (connection struggling) (success_ratio = 1.000, threshold = 0.500)"},"filename":"D:\\a\\xet-core\\xet-core\\xet_client\\src\\cas_client\\adaptive_concurrency\\controller.rs","line_number":586}
{"timestamp":"2026-09-03T18:31:28.111553Z","level":"INFO","fields":{"message":"Concurrency control for download: Decreased concurrency from 1 to 1; reason: success ratio below threshold (connection struggling) (success_ratio = 1.000, threshold = 0.500)"},"filename":"D:\\a\\xet-core\\xet-core\\xet_client\\src\\cas_client\\adaptive_concurrency\\controller.rs","line_number":586}
{"timestamp":"2026-09-03T18:31:28.792325Z","level":"INFO","fields":{"message":"Concurrency control for download: Decreased concurrency from 1 to 1; reason: success ratio below threshold (connection struggling) (success_ratio = 1.000, threshold = 0.500)"},"filename":"D:\\a\\xet-core\\xet-core\\xet_client\\src\\cas_client\\adaptive_concurrency\\controller.rs","line_number":586}
{"timestamp":"2026-09-03T18:31:29.473052Z","level":"INFO","fields":{"message":"Concurrency control for download: Decreased concurrency from 1 to 1; reason: transfer failed (success_ratio = 1.000, threshold = 0.500)"},"filename":"D:\\a\\xet-core\\xet-core\\xet_client\\src\\cas_client\\adaptive_concurrency\\controller.rs","line_number":586}
{"timestamp":"2026-09-03T18:31:30.144890Z","level":"INFO","fields":{"message":"Concurrency control for download: Decreased concurrency from 1 to 1; reason: success ratio below threshold (connection struggling) (success_ratio = 1.000, threshold = 0.500)"},"filename":"D:\\a\\xet-core\\xet-core\\xet_client\\src\\cas_client\\adaptive_concurrency\\controller.rs","line_number":586}
{"timestamp":"2026-09-03T18:31:30.921292Z","level":"INFO","fields":{"message":"Concurrency control for download: Decreased concurrency from 1 to 1; reason: success ratio below threshold (connection struggling) (success_ratio = 1.000, threshold = 0.500)"},"filename":"D:\\a\\xet-core\\xet-core\\xet_client\\src\\cas_client\\adaptive_concurrency\\controller.rs","line_number":586}
{"timestamp":"2026-09-03T18:31:31.350467Z","level":"INFO","fields":{"message":"Received CAS response","request_id":"01M1M8MN8J2BEW6G8BCBY3M68S","status_code":206},"filename":"D:\\a\\xet-core\\xet-core\\xet_client\\src\\common\\http_client.rs","line_number":288}
{"timestamp":"2026-09-03T18:31:31.350505Z","level":"INFO","fields":{"message":"Request Success: s3::get_range api call succeeded (request id 01M1M8MN8J2BEW6G8BCBY3M68S, retry 1)."},"filename":"D:\\a\\xet-core\\xet-core\\xet_client\\src\\cas_client\\retry_wrapper.rs","line_number":237}
{"timestamp":"2026-09-03T18:31:31.428579Z","level":"INFO","fields":{"message":"Concurrency control for download: Decreased concurrency from 1 to 1; reason: success ratio below threshold (connection struggling) (success_ratio = 1.000, threshold = 0.500)"},"filename":"D:\\a\\xet-core\\xet-core\\xet_client\\src\\cas_client\\adaptive_concurrency\\controller.rs","line_number":586}
{"timestamp":"2026-09-03T18:31:32.277215Z","level":"INFO","fields":{"message":"Concurrency control for download: Decreased concurrency from 1 to 1; reason: success ratio below threshold (connection struggling) (success_ratio = 1.000, threshold = 0.500)"},"filename":"D:\\a\\xet-core\\xet-core\\xet_client\\src\\cas_client\\adaptive_concurrency\\controller.rs","line_number":586}
{"timestamp":"2026-09-03T18:31:33.033324Z","level":"INFO","fields":{"message":"Concurrency control for download: Decreased concurrency from 1 to 1; reason: success ratio below threshold (connection struggling) (success_ratio = 1.000, threshold = 0.500)"},"filename":"D:\\a\\xet-core\\xet-core\\xet_client\\src\\cas_client\\adaptive_concurrency\\controller.rs","line_number":586}
{"timestamp":"2026-09-03T18:31:33.704909Z","level":"INFO","fields":{"message":"Concurrency control for download: Decreased concurrency from 1 to 1; reason: success ratio below threshold (connection struggling) (success_ratio = 1.000, threshold = 0.500)"},"filename":"D:\\a\\xet-core\\xet-core\\xet_client\\src\\cas_client\\adaptive_concurrency\\controller.rs","line_number":586}
{"timestamp":"2026-09-03T18:31:34.142912Z","level":"INFO","fields":{"message":"Concurrency control for download: Current concurrency = 1; predicted bandwidth = 254393; success_ratio = 1.000; reference_size = 46.9MB; observed bytes sent so far = 232218401; completed transmissions = 7"},"filename":"D:\\a\\xet-core\\xet-core\\xet_client\\src\\cas_client\\adaptive_concurrency\\controller.rs","line_number":602}
{"timestamp":"2026-09-03T18:31:34.260496Z","level":"INFO","fields":{"message":"Concurrency control for download: Decreased concurrency from 1 to 1; reason: success ratio below threshold (connection struggling) (success_ratio = 1.000, threshold = 0.500)"},"filename":"D:\\a\\xet-core\\xet-core\\xet_client\\src\\cas_client\\adaptive_concurrency\\controller.rs","line_number":586}
{"timestamp":"2026-09-03T18:31:34.996937Z","level":"INFO","fields":{"message":"Concurrency control for download: Decreased concurrency from 1 to 1; reason: success ratio below threshold (connection struggling) (success_ratio = 1.000, threshold = 0.500)"},"filename":"D:\\a\\xet-core\\xet-core\\xet_client\\src\\cas_client\\adaptive_concurrency\\controller.rs","line_number":586}
{"timestamp":"2026-09-03T18:31:35.496966Z","level":"INFO","fields":{"message":"Concurrency control for download: Decreased concurrency from 1 to 1; reason: success ratio below threshold (connection struggling) (success_ratio = 1.000, threshold = 0.500)"},"filename":"D:\\a\\xet-core\\xet-core\\xet_client\\src\\cas_client\\adaptive_concurrency\\controller.rs","line_number":586}
{"timestamp":"2026-09-03T18:31:36.179069Z","level":"INFO","fields":{"message":"Concurrency control for download: Decreased concurrency from 1 to 1; reason: success ratio below threshold (connection struggling) (success_ratio = 1.000, threshold = 0.500)"},"filename":"D:\\a\\xet-core\\xet-core\\xet_client\\src\\cas_client\\adaptive_concurrency\\controller.rs","line_number":586}
{"timestamp":"2026-09-03T18:31:36.897790Z","level":"INFO","fields":{"message":"Concurrency control for download: Decreased concurrency from 1 to 1; reason: success ratio below threshold (connection struggling) (success_ratio = 1.000, threshold = 0.500)"},"filename":"D:\\a\\xet-core\\xet-core\\xet_client\\src\\cas_client\\adaptive_concurrency\\controller.rs","line_number":586}
{"timestamp":"2026-09-03T18:31:37.423854Z","level":"INFO","fields":{"message":"Concurrency control for download: Decreased concurrency from 1 to 1; reason: success ratio below threshold (connection struggling) (success_ratio = 1.000, threshold = 0.500)"},"filename":"D:\\a\\xet-core\\xet-core\\xet_client\\src\\cas_client\\adaptive_concurrency\\controller.rs","line_number":586}
{"timestamp":"2026-09-03T18:31:38.102102Z","level":"INFO","fields":{"message":"Concurrency control for download: Decreased concurrency from 1 to 1; reason: success ratio below threshold (connection struggling) (success_ratio = 1.000, threshold = 0.500)"},"filename":"D:\\a\\xet-core\\xet-core\\xet_client\\src\\cas_client\\adaptive_concurrency\\controller.rs","line_number":586}
{"timestamp":"2026-09-03T18:31:38.823373Z","level":"INFO","fields":{"message":"Concurrency control for download: Decreased concurrency from 1 to 1; reason: success ratio below threshold (connection struggling) (success_ratio = 1.000, threshold = 0.500)"},"filename":"D:\\a\\xet-core\\xet-core\\xet_client\\src\\cas_client\\adaptive_concurrency\\controller.rs","line_number":586}
{"timestamp":"2026-09-03T18:31:39.623599Z","level":"INFO","fields":{"message":"Concurrency control for download: Decreased concurrency from 1 to 1; reason: success ratio below threshold (connection struggling) (success_ratio = 1.000, threshold = 0.500)"},"filename":"D:\\a\\xet-core\\xet-core\\xet_client\\src\\cas_client\\adaptive_concurrency\\controller.rs","line_number":586}
{"timestamp":"2026-09-03T18:31:40.132428Z","level":"INFO","fields":{"message":"Concurrency control for download: Decreased concurrency from 1 to 1; reason: success ratio below threshold (connection struggling) (success_ratio = 1.000, threshold = 0.500)"},"filename":"D:\\a\\xet-core\\xet-core\\xet_client\\src\\cas_client\\adaptive_concurrency\\controller.rs","line_number":586}
{"timestamp":"2026-09-03T18:31:40.722981Z","level":"INFO","fields":{"message":"Concurrency control for download: Decreased concurrency from 1 to 1; reason: success ratio below threshold (connection struggling) (success_ratio = 1.000, threshold = 0.500)"},"filename":"D:\\a\\xet-core\\xet-core\\xet_client\\src\\cas_client\\adaptive_concurrency\\controller.rs","line_number":586}
{"timestamp":"2026-09-03T18:31:41.599737Z","level":"INFO","fields":{"message":"Concurrency control for download: Decreased concurrency from 1 to 1; reason: success ratio below threshold (connection struggling) (success_ratio = 1.000, threshold = 0.500)"},"filename":"D:\\a\\xet-core\\xet-core\\xet_client\\src\\cas_client\\adaptive_concurrency\\controller.rs","line_number":586}
{"timestamp":"2026-09-03T18:31:42.191528Z","level":"INFO","fields":{"message":"Concurrency control for download: Decreased concurrency from 1 to 1; reason: success ratio below threshold (connection struggling) (success_ratio = 1.000, threshold = 0.500)"},"filename":"D:\\a\\xet-core\\xet-core\\xet_client\\src\\cas_client\\adaptive_concurrency\\controller.rs","line_number":586}
{"timestamp":"2026-09-03T18:31:42.827105Z","level":"INFO","fields":{"message":"Concurrency control for download: Decreased concurrency from 1 to 1; reason: success ratio below threshold (connection struggling) (success_ratio = 1.000, threshold = 0.500)"},"filename":"D:\\a\\xet-core\\xet-core\\xet_client\\src\\cas_client\\adaptive_concurrency\\controller.rs","line_number":586}
{"timestamp":"2026-09-03T18:31:43.425200Z","level":"INFO","fields":{"message":"Concurrency control for download: Decreased concurrency from 1 to 1; reason: success ratio below threshold (connection struggling) (success_ratio = 1.000, threshold = 0.500)"},"filename":"D:\\a\\xet-core\\xet-core\\xet_client\\src\\cas_client\\adaptive_concurrency\\controller.rs","line_number":586}
{"timestamp":"2026-09-03T18:31:44.354400Z","level":"INFO","fields":{"message":"Concurrency control for download: Decreased concurrency from 1 to 1; reason: success ratio below threshold (connection struggling) (success_ratio = 1.000, threshold = 0.500)"},"filename":"D:\\a\\xet-core\\xet-core\\xet_client\\src\\cas_client\\adaptive_concurrency\\controller.rs","line_number":586}
{"timestamp":"2026-09-03T18:31:44.354420Z","level":"INFO","fields":{"message":"Concurrency control for download: Current concurrency = 1; predicted bandwidth = 2736175; success_ratio = 1.000; reference_size = 46.9MB; observed bytes sent so far = 233381665; completed transmissions = 7"},"filename":"D:\\a\\xet-core\\xet-core\\xet_client\\src\\cas_client\\adaptive_concurrency\\controller.rs","line_number":602}
{"timestamp":"2026-09-03T18:31:44.939249Z","level":"INFO","fields":{"message":"Concurrency control for download: Decreased concurrency from 1 to 1; reason: success ratio below threshold (connection struggling) (success_ratio = 1.000, threshold = 0.500)"},"filename":"D:\\a\\xet-core\\xet-core\\xet_client\\src\\cas_client\\adaptive_concurrency\\controller.rs","line_number":586}
{"timestamp":"2026-09-03T18:31:45.617892Z","level":"INFO","fields":{"message":"Concurrency control for download: Decreased concurrency from 1 to 1; reason: success ratio below threshold (connection struggling) (success_ratio = 1.000, threshold = 0.500)"},"filename":"D:\\a\\xet-core\\xet-core\\xet_client\\src\\cas_client\\adaptive_concurrency\\controller.rs","line_number":586}
{"timestamp":"2026-09-03T18:31:46.165312Z","level":"INFO","fields":{"message":"Concurrency control for download: Decreased concurrency from 1 to 1; reason: success ratio below threshold (connection struggling) (success_ratio = 1.000, threshold = 0.500)"},"filename":"D:\\a\\xet-core\\xet-core\\xet_client\\src\\cas_client\\adaptive_concurrency\\controller.rs","line_number":586}
{"timestamp":"2026-09-03T18:31:46.816245Z","level":"INFO","fields":{"message":"Concurrency control for download: Decreased concurrency from 1 to 1; reason: success ratio below threshold (connection struggling) (success_ratio = 1.000, threshold = 0.500)"},"filename":"D:\\a\\xet-core\\xet-core\\xet_client\\src\\cas_client\\adaptive_concurrency\\controller.rs","line_number":586}
{"timestamp":"2026-09-03T18:31:47.316995Z","level":"INFO","fields":{"message":"Concurrency control for download: Decreased concurrency from 1 to 1; reason: success ratio below threshold (connection struggling) (success_ratio = 1.000, threshold = 0.500)"},"filename":"D:\\a\\xet-core\\xet-core\\xet_client\\src\\cas_client\\adaptive_concurrency\\controller.rs","line_number":586}
{"timestamp":"2026-09-03T18:31:47.850630Z","level":"INFO","fields":{"message":"Concurrency control for download: Decreased concurrency from 1 to 1; reason: success ratio below threshold (connection struggling) (success_ratio = 1.000, threshold = 0.500)"},"filename":"D:\\a\\xet-core\\xet-core\\xet_client\\src\\cas_client\\adaptive_concurrency\\controller.rs","line_number":586}
{"timestamp":"2026-09-03T18:31:48.439616Z","level":"INFO","fields":{"message":"Concurrency control for download: Decreased concurrency from 1 to 1; reason: success ratio below threshold (connection struggling) (success_ratio = 1.000, threshold = 0.500)"},"filename":"D:\\a\\xet-core\\xet-core\\xet_client\\src\\cas_client\\adaptive_concurrency\\controller.rs","line_number":586}
{"timestamp":"2026-09-03T18:31:48.977557Z","level":"INFO","fields":{"message":"Concurrency control for download: Decreased concurrency from 1 to 1; reason: success ratio below threshold (connection struggling) (success_ratio = 1.000, threshold = 0.500)"},"filename":"D:\\a\\xet-core\\xet-core\\xet_client\\src\\cas_client\\adaptive_concurrency\\controller.rs","line_number":586}
{"timestamp":"2026-09-03T18:31:49.645377Z","level":"INFO","fields":{"message":"Concurrency control for download: Decreased concurrency from 1 to 1; reason: success ratio below threshold (connection struggling) (success_ratio = 1.000, threshold = 0.500)"},"filename":"D:\\a\\xet-core\\xet-core\\xet_client\\src\\cas_client\\adaptive_concurrency\\controller.rs","line_number":586}
{"timestamp":"2026-09-03T18:31:50.268960Z","level":"INFO","fields":{"message":"Concurrency control for download: Decreased concurrency from 1 to 1; reason: success ratio below threshold (connection struggling) (success_ratio = 1.000, threshold = 0.500)"},"filename":"D:\\a\\xet-core\\xet-core\\xet_client\\src\\cas_client\\adaptive_concurrency\\controller.rs","line_number":586}
{"timestamp":"2026-09-03T18:31:50.951286Z","level":"INFO","fields":{"message":"Concurrency control for download: Decreased concurrency from 1 to 1; reason: success ratio below threshold (connection struggling) (success_ratio = 1.000, threshold = 0.500)"},"filename":"D:\\a\\xet-core\\xet-core\\xet_client\\src\\cas_client\\adaptive_concurrency\\controller.rs","line_number":586}
{"timestamp":"2026-09-03T18:31:51.479169Z","level":"INFO","fields":{"message":"Concurrency control for download: Decreased concurrency from 1 to 1; reason: success ratio below threshold (connection struggling) (success_ratio = 1.000, threshold = 0.500)"},"filename":"D:\\a\\xet-core\\xet-core\\xet_client\\src\\cas_client\\adaptive_concurrency\\controller.rs","line_number":586}
{"timestamp":"2026-09-03T18:31:52.146537Z","level":"INFO","fields":{"message":"Concurrency control for download: Decreased concurrency from 1 to 1; reason: success ratio below threshold (connection struggling) (success_ratio = 1.000, threshold = 0.500)"},"filename":"D:\\a\\xet-core\\xet-core\\xet_client\\src\\cas_client\\adaptive_concurrency\\controller.rs","line_number":586}
{"timestamp":"2026-09-03T18:31:53.114438Z","level":"INFO","fields":{"message":"Concurrency control for download: Decreased concurrency from 1 to 1; reason: success ratio below threshold (connection struggling) (success_ratio = 1.000, threshold = 0.500)"},"filename":"D:\\a\\xet-core\\xet-core\\xet_client\\src\\cas_client\\adaptive_concurrency\\controller.rs","line_number":586}
{"timestamp":"2026-09-03T18:31:53.763507Z","level":"INFO","fields":{"message":"Concurrency control for download: Decreased concurrency from 1 to 1; reason: success ratio below threshold (connection struggling) (success_ratio = 1.000, threshold = 0.500)"},"filename":"D:\\a\\xet-core\\xet-core\\xet_client\\src\\cas_client\\adaptive_concurrency\\controller.rs","line_number":586}
{"timestamp":"2026-09-03T18:31:54.302578Z","level":"INFO","fields":{"message":"Concurrency control for download: Decreased concurrency from 1 to 1; reason: success ratio below threshold (connection struggling) (success_ratio = 1.000, threshold = 0.500)"},"filename":"D:\\a\\xet-core\\xet-core\\xet_client\\src\\cas_client\\adaptive_concurrency\\controller.rs","line_number":586}
{"timestamp":"2026-09-03T18:31:54.562526Z","level":"INFO","fields":{"message":"Concurrency control for download: Current concurrency = 1; predicted bandwidth = 10485760000000; success_ratio = 1.000; reference_size = 46.9MB; observed bytes sent so far = 234233633; completed transmissions = 7"},"filename":"D:\\a\\xet-core\\xet-core\\xet_client\\src\\cas_client\\adaptive_concurrency\\controller.rs","line_number":602}
{"timestamp":"2026-09-03T18:31:54.867593Z","level":"INFO","fields":{"message":"Concurrency control for download: Decreased concurrency from 1 to 1; reason: success ratio below threshold (connection struggling) (success_ratio = 1.000, threshold = 0.500)"},"filename":"D:\\a\\xet-core\\xet-core\\xet_client\\src\\cas_client\\adaptive_concurrency\\controller.rs","line_number":586}
{"timestamp":"2026-09-03T18:31:55.510986Z","level":"INFO","fields":{"message":"Concurrency control for download: Decreased concurrency from 1 to 1; reason: success ratio below threshold (connection struggling) (success_ratio = 1.000, threshold = 0.500)"},"filename":"D:\\a\\xet-core\\xet-core\\xet_client\\src\\cas_client\\adaptive_concurrency\\controller.rs","line_number":586}
{"timestamp":"2026-09-03T18:31:56.191121Z","level":"INFO","fields":{"message":"Concurrency control for download: Decreased concurrency from 1 to 1; reason: success ratio below threshold (connection struggling) (success_ratio = 1.000, threshold = 0.500)"},"filename":"D:\\a\\xet-core\\xet-core\\xet_client\\src\\cas_client\\adaptive_concurrency\\controller.rs","line_number":586}
{"timestamp":"2026-09-03T18:31:56.945570Z","level":"INFO","fields":{"message":"Concurrency control for download: Decreased concurrency from 1 to 1; reason: success ratio below threshold (connection struggling) (success_ratio = 1.000, threshold = 0.500)"},"filename":"D:\\a\\xet-core\\xet-core\\xet_client\\src\\cas_client\\adaptive_concurrency\\controller.rs","line_number":586}
{"timestamp":"2026-09-03T18:31:57.799133Z","level":"INFO","fields":{"message":"Concurrency control for download: Decreased concurrency from 1 to 1; reason: success ratio below threshold (connection struggling) (success_ratio = 1.000, threshold = 0.500)"},"filename":"D:\\a\\xet-core\\xet-core\\xet_client\\src\\cas_client\\adaptive_concurrency\\controller.rs","line_number":586}
{"timestamp":"2026-09-03T18:31:58.356389Z","level":"INFO","fields":{"message":"Concurrency control for download: Decreased concurrency from 1 to 1; reason: success ratio below threshold (connection struggling) (success_ratio = 1.000, threshold = 0.500)"},"filename":"D:\\a\\xet-core\\xet-core\\xet_client\\src\\cas_client\\adaptive_concurrency\\controller.rs","line_number":586}
{"timestamp":"2026-09-03T18:31:58.904969Z","level":"INFO","fields":{"message":"Concurrency control for download: Decreased concurrency from 1 to 1; reason: success ratio below threshold (connection struggling) (success_ratio = 1.000, threshold = 0.500)"},"filename":"D:\\a\\xet-core\\xet-core\\xet_client\\src\\cas_client\\adaptive_concurrency\\controller.rs","line_number":586}
{"timestamp":"2026-09-03T18:31:59.444514Z","level":"INFO","fields":{"message":"Concurrency control for download: Decreased concurrency from 1 to 1; reason: success ratio below threshold (connection struggling) (success_ratio = 1.000, threshold = 0.500)"},"filename":"D:\\a\\xet-core\\xet-core\\xet_client\\src\\cas_client\\adaptive_concurrency\\controller.rs","line_number":586}
{"timestamp":"2026-09-03T18:32:00.002403Z","level":"INFO","fields":{"message":"Concurrency control for download: Decreased concurrency from 1 to 1; reason: success ratio below threshold (connection struggling) (success_ratio = 1.000, threshold = 0.500)"},"filename":"D:\\a\\xet-core\\xet-core\\xet_client\\src\\cas_client\\adaptive_concurrency\\controller.rs","line_number":586}
{"timestamp":"2026-09-03T18:32:00.538484Z","level":"INFO","fields":{"message":"Concurrency control for download: Decreased concurrency from 1 to 1; reason: success ratio below threshold (connection struggling) (success_ratio = 1.000, threshold = 0.500)"},"filename":"D:\\a\\xet-core\\xet-core\\xet_client\\src\\cas_client\\adaptive_concurrency\\controller.rs","line_number":586}
{"timestamp":"2026-09-03T18:32:01.142730Z","level":"INFO","fields":{"message":"Concurrency control for download: Decreased concurrency from 1 to 1; reason: success ratio below threshold (connection struggling) (success_ratio = 1.000, threshold = 0.500)"},"filename":"D:\\a\\xet-core\\xet-core\\xet_client\\src\\cas_client\\adaptive_concurrency\\controller.rs","line_number":586}
{"timestamp":"2026-09-03T18:32:01.954219Z","level":"INFO","fields":{"message":"Concurrency control for download: Decreased concurrency from 1 to 1; reason: success ratio below threshold (connection struggling) (success_ratio = 1.000, threshold = 0.500)"},"filename":"D:\\a\\xet-core\\xet-core\\xet_client\\src\\cas_client\\adaptive_concurrency\\controller.rs","line_number":586}
{"timestamp":"2026-09-03T18:32:02.243831Z","level":"INFO","fields":{"message":"Received CAS response","request_id":"01M1M8NKEH5V01A095A9W64QHB","status_code":206},"filename":"D:\\a\\xet-core\\xet-core\\xet_client\\src\\common\\http_client.rs","line_number":288}
{"timestamp":"2026-09-03T18:32:02.243854Z","level":"INFO","fields":{"message":"Request Success: s3::get_range api call succeeded (request id 01M1M8NKEH5V01A095A9W64QHB, retry 1)."},"filename":"D:\\a\\xet-core\\xet-core\\xet_client\\src\\cas_client\\retry_wrapper.rs","line_number":237}
{"timestamp":"2026-09-03T18:32:02.811205Z","level":"INFO","fields":{"message":"Concurrency control for download: Decreased concurrency from 1 to 1; reason: success ratio below threshold (connection struggling) (success_ratio = 1.000, threshold = 0.500)"},"filename":"D:\\a\\xet-core\\xet-core\\xet_client\\src\\cas_client\\adaptive_concurrency\\controller.rs","line_number":586}
{"timestamp":"2026-09-03T18:32:03.502158Z","level":"INFO","fields":{"message":"Concurrency control for download: Decreased concurrency from 1 to 1; reason: success ratio below threshold (connection struggling) (success_ratio = 1.000, threshold = 0.500)"},"filename":"D:\\a\\xet-core\\xet-core\\xet_client\\src\\cas_client\\adaptive_concurrency\\controller.rs","line_number":586}
{"timestamp":"2026-09-03T18:32:04.802665Z","level":"INFO","fields":{"message":"Concurrency control for download: Current concurrency = 1; predicted bandwidth = 10485760000000; success_ratio = 1.000; reference_size = 46.9MB; observed bytes sent so far = 236397167; completed transmissions = 8"},"filename":"D:\\a\\xet-core\\xet-core\\xet_client\\src\\cas_client\\adaptive_concurrency\\controller.rs","line_number":602}
{"timestamp":"2026-09-03T18:32:04.833728Z","level":"INFO","fields":{"message":"Concurrency control for download: Decreased concurrency from 1 to 1; reason: success ratio below threshold (connection struggling) (success_ratio = 1.000, threshold = 0.500)"},"filename":"D:\\a\\xet-core\\xet-core\\xet_client\\src\\cas_client\\adaptive_concurrency\\controller.rs","line_number":586}
{"timestamp":"2026-09-03T18:32:05.564106Z","level":"INFO","fields":{"message":"Concurrency control for download: Decreased concurrency from 1 to 1; reason: success ratio below threshold (connection struggling) (success_ratio = 1.000, threshold = 0.500)"},"filename":"D:\\a\\xet-core\\xet-core\\xet_client\\src\\cas_client\\adaptive_concurrency\\controller.rs","line_number":586}
{"timestamp":"2026-09-03T18:32:06.242460Z","level":"INFO","fields":{"message":"Concurrency control for download: Decreased concurrency from 1 to 1; reason: success ratio below threshold (connection struggling) (success_ratio = 1.000, threshold = 0.500)"},"filename":"D:\\a\\xet-core\\xet-core\\xet_client\\src\\cas_client\\adaptive_concurrency\\controller.rs","line_number":586}
{"timestamp":"2026-09-03T18:32:07.544524Z","level":"INFO","fields":{"message":"Concurrency control for download: Decreased concurrency from 1 to 1; reason: success ratio below threshold (connection struggling) (success_ratio = 1.000, threshold = 0.500)"},"filename":"D:\\a\\xet-core\\xet-core\\xet_client\\src\\cas_client\\adaptive_concurrency\\controller.rs","line_number":586}
{"timestamp":"2026-09-03T18:32:08.439705Z","level":"INFO","fields":{"message":"Concurrency control for download: Decreased concurrency from 1 to 1; reason: success ratio below threshold (connection struggling) (success_ratio = 1.000, threshold = 0.500)"},"filename":"D:\\a\\xet-core\\xet-core\\xet_client\\src\\cas_client\\adaptive_concurrency\\controller.rs","line_number":586}
{"timestamp":"2026-09-03T18:32:09.032265Z","level":"INFO","fields":{"message":"Concurrency control for download: Decreased concurrency from 1 to 1; reason: success ratio below threshold (connection struggling) (success_ratio = 1.000, threshold = 0.500)"},"filename":"D:\\a\\xet-core\\xet-core\\xet_client\\src\\cas_client\\adaptive_concurrency\\controller.rs","line_number":586}
{"timestamp":"2026-09-03T18:32:09.563887Z","level":"INFO","fields":{"message":"Concurrency control for download: Decreased concurrency from 1 to 1; reason: success ratio below threshold (connection struggling) (success_ratio = 1.000, threshold = 0.500)"},"filename":"D:\\a\\xet-core\\xet-core\\xet_client\\src\\cas_client\\adaptive_concurrency\\controller.rs","line_number":586}
{"timestamp":"2026-09-03T18:32:10.233032Z","level":"INFO","fields":{"message":"Concurrency control for download: Decreased concurrency from 1 to 1; reason: success ratio below threshold (connection struggling) (success_ratio = 1.000, threshold = 0.500)"},"filename":"D:\\a\\xet-core\\xet-core\\xet_client\\src\\cas_client\\adaptive_concurrency\\controller.rs","line_number":586}
{"timestamp":"2026-09-03T18:32:11.269050Z","level":"INFO","fields":{"message":"Concurrency control for download: Decreased concurrency from 1 to 1; reason: success ratio below threshold (connection struggling) (success_ratio = 1.000, threshold = 0.500)"},"filename":"D:\\a\\xet-core\\xet-core\\xet_client\\src\\cas_client\\adaptive_concurrency\\controller.rs","line_number":586}
{"timestamp":"2026-09-03T18:32:11.850871Z","level":"INFO","fields":{"message":"Concurrency control for download: Decreased concurrency from 1 to 1; reason: success ratio below threshold (connection struggling) (success_ratio = 1.000, threshold = 0.500)"},"filename":"D:\\a\\xet-core\\xet-core\\xet_client\\src\\cas_client\\adaptive_concurrency\\controller.rs","line_number":586}
{"timestamp":"2026-09-03T18:32:12.585158Z","level":"INFO","fields":{"message":"Concurrency control for download: Decreased concurrency from 1 to 1; reason: success ratio below threshold (connection struggling) (success_ratio = 1.000, threshold = 0.500)"},"filename":"D:\\a\\xet-core\\xet-core\\xet_client\\src\\cas_client\\adaptive_concurrency\\controller.rs","line_number":586}
{"timestamp":"2026-09-03T18:32:13.459092Z","level":"INFO","fields":{"message":"Concurrency control for download: Decreased concurrency from 1 to 1; reason: success ratio below threshold (connection struggling) (success_ratio = 1.000, threshold = 0.500)"},"filename":"D:\\a\\xet-core\\xet-core\\xet_client\\src\\cas_client\\adaptive_concurrency\\controller.rs","line_number":586}
{"timestamp":"2026-09-03T18:32:14.067394Z","level":"INFO","fields":{"message":"Concurrency control for download: Decreased concurrency from 1 to 1; reason: success ratio below threshold (connection struggling) (success_ratio = 1.000, threshold = 0.500)"},"filename":"D:\\a\\xet-core\\xet-core\\xet_client\\src\\cas_client\\adaptive_concurrency\\controller.rs","line_number":586}
{"timestamp":"2026-09-03T18:32:14.627481Z","level":"INFO","fields":{"message":"Concurrency control for download: Decreased concurrency from 1 to 1; reason: success ratio below threshold (connection struggling) (success_ratio = 1.000, threshold = 0.500)"},"filename":"D:\\a\\xet-core\\xet-core\\xet_client\\src\\cas_client\\adaptive_concurrency\\controller.rs","line_number":586}
{"timestamp":"2026-09-03T18:32:14.830472Z","level":"INFO","fields":{"message":"Concurrency control for download: Current concurrency = 1; predicted bandwidth = 10485760000000; success_ratio = 1.000; reference_size = 46.9MB; observed bytes sent so far = 238789231; completed transmissions = 8"},"filename":"D:\\a\\xet-core\\xet-core\\xet_client\\src\\cas_client\\adaptive_concurrency\\controller.rs","line_number":602}
{"timestamp":"2026-09-03T18:32:16.381446Z","level":"INFO","fields":{"message":"Concurrency control for download: Decreased concurrency from 1 to 1; reason: success ratio below threshold (connection struggling) (success_ratio = 1.000, threshold = 0.500)"},"filename":"D:\\a\\xet-core\\xet-core\\xet_client\\src\\cas_client\\adaptive_concurrency\\controller.rs","line_number":586}
{"timestamp":"2026-09-03T18:32:17.051794Z","level":"INFO","fields":{"message":"Concurrency control for download: Decreased concurrency from 1 to 1; reason: success ratio below threshold (connection struggling) (success_ratio = 1.000, threshold = 0.500)"},"filename":"D:\\a\\xet-core\\xet-core\\xet_client\\src\\cas_client\\adaptive_concurrency\\controller.rs","line_number":586}
{"timestamp":"2026-09-03T18:32:17.627303Z","level":"INFO","fields":{"message":"Concurrency control for download: Decreased concurrency from 1 to 1; reason: success ratio below threshold (connection struggling) (success_ratio = 1.000, threshold = 0.500)"},"filename":"D:\\a\\xet-core\\xet-core\\xet_client\\src\\cas_client\\adaptive_concurrency\\controller.rs","line_number":586}
{"timestamp":"2026-09-03T18:32:18.284710Z","level":"INFO","fields":{"message":"Concurrency control for download: Decreased concurrency from 1 to 1; reason: success ratio below threshold (connection struggling) (success_ratio = 1.000, threshold = 0.500)"},"filename":"D:\\a\\xet-core\\xet-core\\xet_client\\src\\cas_client\\adaptive_concurrency\\controller.rs","line_number":586}
{"timestamp":"2026-09-03T18:32:18.853073Z","level":"INFO","fields":{"message":"Concurrency control for download: Decreased concurrency from 1 to 1; reason: success ratio below threshold (connection struggling) (success_ratio = 1.000, threshold = 0.500)"},"filename":"D:\\a\\xet-core\\xet-core\\xet_client\\src\\cas_client\\adaptive_concurrency\\controller.rs","line_number":586}
{"timestamp":"2026-09-03T18:32:19.465567Z","level":"INFO","fields":{"message":"Concurrency control for download: Decreased concurrency from 1 to 1; reason: success ratio below threshold (connection struggling) (success_ratio = 1.000, threshold = 0.500)"},"filename":"D:\\a\\xet-core\\xet-core\\xet_client\\src\\cas_client\\adaptive_concurrency\\controller.rs","line_number":586}
{"timestamp":"2026-09-03T18:32:19.990336Z","level":"INFO","fields":{"message":"Concurrency control for download: Decreased concurrency from 1 to 1; reason: success ratio below threshold (connection struggling) (success_ratio = 1.000, threshold = 0.500)"},"filename":"D:\\a\\xet-core\\xet-core\\xet_client\\src\\cas_client\\adaptive_concurrency\\controller.rs","line_number":586}
{"timestamp":"2026-09-03T18:32:20.533755Z","level":"INFO","fields":{"message":"Concurrency control for download: Decreased concurrency from 1 to 1; reason: success ratio below threshold (connection struggling) (success_ratio = 1.000, threshold = 0.500)"},"filename":"D:\\a\\xet-core\\xet-core\\xet_client\\src\\cas_client\\adaptive_concurrency\\controller.rs","line_number":586}
{"timestamp":"2026-09-03T18:32:21.046604Z","level":"INFO","fields":{"message":"Concurrency control for download: Decreased concurrency from 1 to 1; reason: success ratio below threshold (connection struggling) (success_ratio = 1.000, threshold = 0.500)"},"filename":"D:\\a\\xet-core\\xet-core\\xet_client\\src\\cas_client\\adaptive_concurrency\\controller.rs","line_number":586}
{"timestamp":"2026-09-03T18:32:21.640710Z","level":"INFO","fields":{"message":"Concurrency control for download: Decreased concurrency from 1 to 1; reason: success ratio below threshold (connection struggling) (success_ratio = 1.000, threshold = 0.500)"},"filename":"D:\\a\\xet-core\\xet-core\\xet_client\\src\\cas_client\\adaptive_concurrency\\controller.rs","line_number":586}
{"timestamp":"2026-09-03T18:32:22.183679Z","level":"INFO","fields":{"message":"Concurrency control for download: Decreased concurrency from 1 to 1; reason: success ratio below threshold (connection struggling) (success_ratio = 1.000, threshold = 0.500)"},"filename":"D:\\a\\xet-core\\xet-core\\xet_client\\src\\cas_client\\adaptive_concurrency\\controller.rs","line_number":586}
{"timestamp":"2026-09-03T18:32:22.854675Z","level":"INFO","fields":{"message":"Concurrency control for download: Decreased concurrency from 1 to 1; reason: success ratio below threshold (connection struggling) (success_ratio = 1.000, threshold = 0.500)"},"filename":"D:\\a\\xet-core\\xet-core\\xet_client\\src\\cas_client\\adaptive_concurrency\\controller.rs","line_number":586}
{"timestamp":"2026-09-03T18:32:23.492594Z","level":"INFO","fields":{"message":"Concurrency control for download: Decreased concurrency from 1 to 1; reason: success ratio below threshold (connection struggling) (success_ratio = 1.000, threshold = 0.500)"},"filename":"D:\\a\\xet-core\\xet-core\\xet_client\\src\\cas_client\\adaptive_concurrency\\controller.rs","line_number":586}
{"timestamp":"2026-09-03T18:32:23.995762Z","level":"INFO","fields":{"message":"Concurrency control for download: Decreased concurrency from 1 to 1; reason: success ratio below threshold (connection struggling) (success_ratio = 1.000, threshold = 0.500)"},"filename":"D:\\a\\xet-core\\xet-core\\xet_client\\src\\cas_client\\adaptive_concurrency\\controller.rs","line_number":586}
{"timestamp":"2026-09-03T18:32:24.517801Z","level":"INFO","fields":{"message":"Concurrency control for download: Decreased concurrency from 1 to 1; reason: success ratio below threshold (connection struggling) (success_ratio = 1.000, threshold = 0.500)"},"filename":"D:\\a\\xet-core\\xet-core\\xet_client\\src\\cas_client\\adaptive_concurrency\\controller.rs","line_number":586}
{"timestamp":"2026-09-03T18:32:24.878247Z","level":"INFO","fields":{"message":"Concurrency control for download: Current concurrency = 1; predicted bandwidth = 10485760000000; success_ratio = 1.000; reference_size = 46.9MB; observed bytes sent so far = 240958811; completed transmissions = 8"},"filename":"D:\\a\\xet-core\\xet-core\\xet_client\\src\\cas_client\\adaptive_concurrency\\controller.rs","line_number":602}
{"timestamp":"2026-09-03T18:32:25.237298Z","level":"INFO","fields":{"message":"Concurrency control for download: Decreased concurrency from 1 to 1; reason: success ratio below threshold (connection struggling) (success_ratio = 1.000, threshold = 0.500)"},"filename":"D:\\a\\xet-core\\xet-core\\xet_client\\src\\cas_client\\adaptive_concurrency\\controller.rs","line_number":586}
{"timestamp":"2026-09-03T18:32:25.826473Z","level":"INFO","fields":{"message":"Concurrency control for download: Decreased concurrency from 1 to 1; reason: success ratio below threshold (connection struggling) (success_ratio = 1.000, threshold = 0.500)"},"filename":"D:\\a\\xet-core\\xet-core\\xet_client\\src\\cas_client\\adaptive_concurrency\\controller.rs","line_number":586}
{"timestamp":"2026-09-03T18:32:26.381481Z","level":"INFO","fields":{"message":"Concurrency control for download: Decreased concurrency from 1 to 1; reason: success ratio below threshold (connection struggling) (success_ratio = 1.000, threshold = 0.500)"},"filename":"D:\\a\\xet-core\\xet-core\\xet_client\\src\\cas_client\\adaptive_concurrency\\controller.rs","line_number":586}
{"timestamp":"2026-09-03T18:32:27.112102Z","level":"INFO","fields":{"message":"Concurrency control for download: Decreased concurrency from 1 to 1; reason: success ratio below threshold (connection struggling) (success_ratio = 1.000, threshold = 0.500)"},"filename":"D:\\a\\xet-core\\xet-core\\xet_client\\src\\cas_client\\adaptive_concurrency\\controller.rs","line_number":586}
{"timestamp":"2026-09-03T18:32:27.648491Z","level":"INFO","fields":{"message":"Concurrency control for download: Decreased concurrency from 1 to 1; reason: success ratio below threshold (connection struggling) (success_ratio = 1.000, threshold = 0.500)"},"filename":"D:\\a\\xet-core\\xet-core\\xet_client\\src\\cas_client\\adaptive_concurrency\\controller.rs","line_number":586}
{"timestamp":"2026-09-03T18:32:29.915238Z","level":"INFO","fields":{"message":"Concurrency control for download: Decreased concurrency from 1 to 1; reason: success ratio below threshold (connection struggling) (success_ratio = 1.000, threshold = 0.500)"},"filename":"D:\\a\\xet-core\\xet-core\\xet_client\\src\\cas_client\\adaptive_concurrency\\controller.rs","line_number":586}
{"timestamp":"2026-09-03T18:32:30.436851Z","level":"INFO","fields":{"message":"Concurrency control for download: Decreased concurrency from 1 to 1; reason: success ratio below threshold (connection struggling) (success_ratio = 1.000, threshold = 0.500)"},"filename":"D:\\a\\xet-core\\xet-core\\xet_client\\src\\cas_client\\adaptive_concurrency\\controller.rs","line_number":586}
{"timestamp":"2026-09-03T18:32:30.987930Z","level":"INFO","fields":{"message":"Concurrency control for download: Decreased concurrency from 1 to 1; reason: success ratio below threshold (connection struggling) (success_ratio = 1.000, threshold = 0.500)"},"filename":"D:\\a\\xet-core\\xet-core\\xet_client\\src\\cas_client\\adaptive_concurrency\\controller.rs","line_number":586}
{"timestamp":"2026-09-03T18:32:31.571276Z","level":"INFO","fields":{"message":"Concurrency control for download: Decreased concurrency from 1 to 1; reason: success ratio below threshold (connection struggling) (success_ratio = 1.000, threshold = 0.500)"},"filename":"D:\\a\\xet-core\\xet-core\\xet_client\\src\\cas_client\\adaptive_concurrency\\controller.rs","line_number":586}
{"timestamp":"2026-09-03T18:32:32.105198Z","level":"INFO","fields":{"message":"Concurrency control for download: Decreased concurrency from 1 to 1; reason: success ratio below threshold (connection struggling) (success_ratio = 1.000, threshold = 0.500)"},"filename":"D:\\a\\xet-core\\xet-core\\xet_client\\src\\cas_client\\adaptive_concurrency\\controller.rs","line_number":586}
{"timestamp":"2026-09-03T18:32:33.006395Z","level":"INFO","fields":{"message":"Concurrency control for download: Decreased concurrency from 1 to 1; reason: success ratio below threshold (connection struggling) (success_ratio = 1.000, threshold = 0.500)"},"filename":"D:\\a\\xet-core\\xet-core\\xet_client\\src\\cas_client\\adaptive_concurrency\\controller.rs","line_number":586}
{"timestamp":"2026-09-03T18:32:33.702594Z","level":"INFO","fields":{"message":"Concurrency control for download: Decreased concurrency from 1 to 1; reason: success ratio below threshold (connection struggling) (success_ratio = 1.000, threshold = 0.500)"},"filename":"D:\\a\\xet-core\\xet-core\\xet_client\\src\\cas_client\\adaptive_concurrency\\controller.rs","line_number":586}
{"timestamp":"2026-09-03T18:32:33.972216Z","level":"INFO","fields":{"message":"Received CAS response","request_id":"01M1M8PJDC4X3RQK0T2HZ2HX2A","status_code":206},"filename":"D:\\a\\xet-core\\xet-core\\xet_client\\src\\common\\http_client.rs","line_number":288}
{"timestamp":"2026-09-03T18:32:33.972265Z","level":"INFO","fields":{"message":"Request Success: s3::get_range api call succeeded (request id 01M1M8PJDC4X3RQK0T2HZ2HX2A, retry 1)."},"filename":"D:\\a\\xet-core\\xet-core\\xet_client\\src\\cas_client\\retry_wrapper.rs","line_number":237}
{"timestamp":"2026-09-03T18:32:34.538250Z","level":"INFO","fields":{"message":"Concurrency control for download: Decreased concurrency from 1 to 1; reason: success ratio below threshold (connection struggling) (success_ratio = 1.000, threshold = 0.500)"},"filename":"D:\\a\\xet-core\\xet-core\\xet_client\\src\\cas_client\\adaptive_concurrency\\controller.rs","line_number":586}
{"timestamp":"2026-09-03T18:32:34.905254Z","level":"INFO","fields":{"message":"Concurrency control for download: Current concurrency = 1; predicted bandwidth = 10485760000000; success_ratio = 1.000; reference_size = 46.9MB; observed bytes sent so far = 246381317; completed transmissions = 9"},"filename":"D:\\a\\xet-core\\xet-core\\xet_client\\src\\cas_client\\adaptive_concurrency\\controller.rs","line_number":602}
{"timestamp":"2026-09-03T18:32:35.273270Z","level":"INFO","fields":{"message":"Concurrency control for download: Decreased concurrency from 1 to 1; reason: success ratio below threshold (connection struggling) (success_ratio = 1.000, threshold = 0.500)"},"filename":"D:\\a\\xet-core\\xet-core\\xet_client\\src\\cas_client\\adaptive_concurrency\\controller.rs","line_number":586}
{"timestamp":"2026-09-03T18:32:35.782322Z","level":"INFO","fields":{"message":"Concurrency control for download: Decreased concurrency from 1 to 1; reason: success ratio below threshold (connection struggling) (success_ratio = 1.000, threshold = 0.500)"},"filename":"D:\\a\\xet-core\\xet-core\\xet_client\\src\\cas_client\\adaptive_concurrency\\controller.rs","line_number":586}
{"timestamp":"2026-09-03T18:32:36.302963Z","level":"INFO","fields":{"message":"Concurrency control for download: Decreased concurrency from 1 to 1; reason: success ratio below threshold (connection struggling) (success_ratio = 1.000, threshold = 0.500)"},"filename":"D:\\a\\xet-core\\xet-core\\xet_client\\src\\cas_client\\adaptive_concurrency\\controller.rs","line_number":586}
{"timestamp":"2026-09-03T18:32:36.829981Z","level":"INFO","fields":{"message":"Concurrency control for download: Decreased concurrency from 1 to 1; reason: success ratio below threshold (connection struggling) (success_ratio = 1.000, threshold = 0.500)"},"filename":"D:\\a\\xet-core\\xet-core\\xet_client\\src\\cas_client\\adaptive_concurrency\\controller.rs","line_number":586}
{"timestamp":"2026-09-03T18:32:37.442719Z","level":"INFO","fields":{"message":"Concurrency control for download: Decreased concurrency from 1 to 1; reason: success ratio below threshold (connection struggling) (success_ratio = 1.000, threshold = 0.500)"},"filename":"D:\\a\\xet-core\\xet-core\\xet_client\\src\\cas_client\\adaptive_concurrency\\controller.rs","line_number":586}
{"timestamp":"2026-09-03T18:32:38.080089Z","level":"INFO","fields":{"message":"Concurrency control for download: Decreased concurrency from 1 to 1; reason: success ratio below threshold (connection struggling) (success_ratio = 1.000, threshold = 0.500)"},"filename":"D:\\a\\xet-core\\xet-core\\xet_client\\src\\cas_client\\adaptive_concurrency\\controller.rs","line_number":586}
{"timestamp":"2026-09-03T18:32:39.113553Z","level":"INFO","fields":{"message":"Concurrency control for download: Decreased concurrency from 1 to 1; reason: success ratio below threshold (connection struggling) (success_ratio = 1.000, threshold = 0.500)"},"filename":"D:\\a\\xet-core\\xet-core\\xet_client\\src\\cas_client\\adaptive_concurrency\\controller.rs","line_number":586}
{"timestamp":"2026-09-03T18:32:39.965839Z","level":"INFO","fields":{"message":"Concurrency control for download: Decreased concurrency from 1 to 1; reason: success ratio below threshold (connection struggling) (success_ratio = 1.000, threshold = 0.500)"},"filename":"D:\\a\\xet-core\\xet-core\\xet_client\\src\\cas_client\\adaptive_concurrency\\controller.rs","line_number":586}
{"timestamp":"2026-09-03T18:32:40.497390Z","level":"INFO","fields":{"message":"Concurrency control for download: Decreased concurrency from 1 to 1; reason: success ratio below threshold (connection struggling) (success_ratio = 1.000, threshold = 0.500)"},"filename":"D:\\a\\xet-core\\xet-core\\xet_client\\src\\cas_client\\adaptive_concurrency\\controller.rs","line_number":586}
{"timestamp":"2026-09-03T18:32:41.027366Z","level":"INFO","fields":{"message":"Concurrency control for download: Decreased concurrency from 1 to 1; reason: success ratio below threshold (connection struggling) (success_ratio = 1.000, threshold = 0.500)"},"filename":"D:\\a\\xet-core\\xet-core\\xet_client\\src\\cas_client\\adaptive_concurrency\\controller.rs","line_number":586}
{"timestamp":"2026-09-03T18:32:41.594937Z","level":"INFO","fields":{"message":"Concurrency control for download: Decreased concurrency from 1 to 1; reason: success ratio below threshold (connection struggling) (success_ratio = 1.000, threshold = 0.500)"},"filename":"D:\\a\\xet-core\\xet-core\\xet_client\\src\\cas_client\\adaptive_concurrency\\controller.rs","line_number":586}
{"timestamp":"2026-09-03T18:32:42.261817Z","level":"INFO","fields":{"message":"Concurrency control for download: Decreased concurrency from 1 to 1; reason: success ratio below threshold (connection struggling) (success_ratio = 1.000, threshold = 0.500)"},"filename":"D:\\a\\xet-core\\xet-core\\xet_client\\src\\cas_client\\adaptive_concurrency\\controller.rs","line_number":586}
{"timestamp":"2026-09-03T18:32:43.085483Z","level":"INFO","fields":{"message":"Concurrency control for download: Decreased concurrency from 1 to 1; reason: success ratio below threshold (connection struggling) (success_ratio = 1.000, threshold = 0.500)"},"filename":"D:\\a\\xet-core\\xet-core\\xet_client\\src\\cas_client\\adaptive_concurrency\\controller.rs","line_number":586}
{"timestamp":"2026-09-03T18:32:43.693159Z","level":"INFO","fields":{"message":"Concurrency control for download: Decreased concurrency from 1 to 1; reason: success ratio below threshold (connection struggling) (success_ratio = 1.000, threshold = 0.500)"},"filename":"D:\\a\\xet-core\\xet-core\\xet_client\\src\\cas_client\\adaptive_concurrency\\controller.rs","line_number":586}
{"timestamp":"2026-09-03T18:32:44.299384Z","level":"INFO","fields":{"message":"Concurrency control for download: Decreased concurrency from 1 to 1; reason: success ratio below threshold (connection struggling) (success_ratio = 1.000, threshold = 0.500)"},"filename":"D:\\a\\xet-core\\xet-core\\xet_client\\src\\cas_client\\adaptive_concurrency\\controller.rs","line_number":586}
{"timestamp":"2026-09-03T18:32:44.875472Z","level":"INFO","fields":{"message":"Concurrency control for download: Decreased concurrency from 1 to 1; reason: success ratio below threshold (connection struggling) (success_ratio = 1.000, threshold = 0.500)"},"filename":"D:\\a\\xet-core\\xet-core\\xet_client\\src\\cas_client\\adaptive_concurrency\\controller.rs","line_number":586}
{"timestamp":"2026-09-03T18:32:44.937684Z","level":"INFO","fields":{"message":"Concurrency control for download: Current concurrency = 1; predicted bandwidth = 10485760000000; success_ratio = 1.000; reference_size = 46.9MB; observed bytes sent so far = 252115717; completed transmissions = 9"},"filename":"D:\\a\\xet-core\\xet-core\\xet_client\\src\\cas_client\\adaptive_concurrency\\controller.rs","line_number":602}
{"timestamp":"2026-09-03T18:32:45.400611Z","level":"INFO","fields":{"message":"Concurrency control for download: Decreased concurrency from 1 to 1; reason: success ratio below threshold (connection struggling) (success_ratio = 1.000, threshold = 0.500)"},"filename":"D:\\a\\xet-core\\xet-core\\xet_client\\src\\cas_client\\adaptive_concurrency\\controller.rs","line_number":586}
{"timestamp":"2026-09-03T18:32:46.259824Z","level":"INFO","fields":{"message":"Concurrency control for download: Decreased concurrency from 1 to 1; reason: success ratio below threshold (connection struggling) (success_ratio = 1.000, threshold = 0.500)"},"filename":"D:\\a\\xet-core\\xet-core\\xet_client\\src\\cas_client\\adaptive_concurrency\\controller.rs","line_number":586}
{"timestamp":"2026-09-03T18:32:46.833710Z","level":"INFO","fields":{"message":"Concurrency control for download: Decreased concurrency from 1 to 1; reason: success ratio below threshold (connection struggling) (success_ratio = 1.000, threshold = 0.500)"},"filename":"D:\\a\\xet-core\\xet-core\\xet_client\\src\\cas_client\\adaptive_concurrency\\controller.rs","line_number":586}
{"timestamp":"2026-09-03T18:32:47.572734Z","level":"INFO","fields":{"message":"Concurrency control for download: Decreased concurrency from 1 to 1; reason: success ratio below threshold (connection struggling) (success_ratio = 1.000, threshold = 0.500)"},"filename":"D:\\a\\xet-core\\xet-core\\xet_client\\src\\cas_client\\adaptive_concurrency\\controller.rs","line_number":586}
{"timestamp":"2026-09-03T18:32:48.196696Z","level":"INFO","fields":{"message":"Concurrency control for download: Decreased concurrency from 1 to 1; reason: success ratio below threshold (connection struggling) (success_ratio = 1.000, threshold = 0.500)"},"filename":"D:\\a\\xet-core\\xet-core\\xet_client\\src\\cas_client\\adaptive_concurrency\\controller.rs","line_number":586}
{"timestamp":"2026-09-03T18:32:48.824995Z","level":"INFO","fields":{"message":"Concurrency control for download: Decreased concurrency from 1 to 1; reason: success ratio below threshold (connection struggling) (success_ratio = 1.000, threshold = 0.500)"},"filename":"D:\\a\\xet-core\\xet-core\\xet_client\\src\\cas_client\\adaptive_concurrency\\controller.rs","line_number":586}
{"timestamp":"2026-09-03T18:32:49.485189Z","level":"INFO","fields":{"message":"Concurrency control for download: Decreased concurrency from 1 to 1; reason: success ratio below threshold (connection struggling) (success_ratio = 1.000, threshold = 0.500)"},"filename":"D:\\a\\xet-core\\xet-core\\xet_client\\src\\cas_client\\adaptive_concurrency\\controller.rs","line_number":586}
{"timestamp":"2026-09-03T18:32:50.087213Z","level":"INFO","fields":{"message":"Concurrency control for download: Decreased concurrency from 1 to 1; reason: success ratio below threshold (connection struggling) (success_ratio = 1.000, threshold = 0.500)"},"filename":"D:\\a\\xet-core\\xet-core\\xet_client\\src\\cas_client\\adaptive_concurrency\\controller.rs","line_number":586}
{"timestamp":"2026-09-03T18:32:50.614705Z","level":"INFO","fields":{"message":"Concurrency control for download: Decreased concurrency from 1 to 1; reason: success ratio below threshold (connection struggling) (success_ratio = 1.000, threshold = 0.500)"},"filename":"D:\\a\\xet-core\\xet-core\\xet_client\\src\\cas_client\\adaptive_concurrency\\controller.rs","line_number":586}
{"timestamp":"2026-09-03T18:32:51.187355Z","level":"INFO","fields":{"message":"Concurrency control for download: Decreased concurrency from 1 to 1; reason: success ratio below threshold (connection struggling) (success_ratio = 1.000, threshold = 0.500)"},"filename":"D:\\a\\xet-core\\xet-core\\xet_client\\src\\cas_client\\adaptive_concurrency\\controller.rs","line_number":586}
{"timestamp":"2026-09-03T18:32:51.895927Z","level":"INFO","fields":{"message":"Concurrency control for download: Decreased concurrency from 1 to 1; reason: success ratio below threshold (connection struggling) (success_ratio = 1.000, threshold = 0.500)"},"filename":"D:\\a\\xet-core\\xet-core\\xet_client\\src\\cas_client\\adaptive_concurrency\\controller.rs","line_number":586}
{"timestamp":"2026-09-03T18:32:52.628837Z","level":"INFO","fields":{"message":"Concurrency control for download: Decreased concurrency from 1 to 1; reason: success ratio below threshold (connection struggling) (success_ratio = 1.000, threshold = 0.500)"},"filename":"D:\\a\\xet-core\\xet-core\\xet_client\\src\\cas_client\\adaptive_concurrency\\controller.rs","line_number":586}
{"timestamp":"2026-09-03T18:32:53.244527Z","level":"INFO","fields":{"message":"Concurrency control for download: Decreased concurrency from 1 to 1; reason: success ratio below threshold (connection struggling) (success_ratio = 1.000, threshold = 0.500)"},"filename":"D:\\a\\xet-core\\xet-core\\xet_client\\src\\cas_client\\adaptive_concurrency\\controller.rs","line_number":586}
{"timestamp":"2026-09-03T18:32:53.923434Z","level":"INFO","fields":{"message":"Concurrency control for download: Decreased concurrency from 1 to 1; reason: success ratio below threshold (connection struggling) (success_ratio = 1.000, threshold = 0.500)"},"filename":"D:\\a\\xet-core\\xet-core\\xet_client\\src\\cas_client\\adaptive_concurrency\\controller.rs","line_number":586}
{"timestamp":"2026-09-03T18:32:54.730200Z","level":"INFO","fields":{"message":"Concurrency control for download: Decreased concurrency from 1 to 1; reason: success ratio below threshold (connection struggling) (success_ratio = 1.000, threshold = 0.500)"},"filename":"D:\\a\\xet-core\\xet-core\\xet_client\\src\\cas_client\\adaptive_concurrency\\controller.rs","line_number":586}
{"timestamp":"2026-09-03T18:32:54.988724Z","level":"INFO","fields":{"message":"Concurrency control for download: Current concurrency = 1; predicted bandwidth = 86659; success_ratio = 1.000; reference_size = 46.9MB; observed bytes sent so far = 257804763; completed transmissions = 9"},"filename":"D:\\a\\xet-core\\xet-core\\xet_client\\src\\cas_client\\adaptive_concurrency\\controller.rs","line_number":602}
{"timestamp":"2026-09-03T18:32:55.263524Z","level":"INFO","fields":{"message":"Concurrency control for download: Decreased concurrency from 1 to 1; reason: success ratio below threshold (connection struggling) (success_ratio = 1.000, threshold = 0.500)"},"filename":"D:\\a\\xet-core\\xet-core\\xet_client\\src\\cas_client\\adaptive_concurrency\\controller.rs","line_number":586}
{"timestamp":"2026-09-03T18:32:55.952349Z","level":"INFO","fields":{"message":"Concurrency control for download: Decreased concurrency from 1 to 1; reason: success ratio below threshold (connection struggling) (success_ratio = 1.000, threshold = 0.500)"},"filename":"D:\\a\\xet-core\\xet-core\\xet_client\\src\\cas_client\\adaptive_concurrency\\controller.rs","line_number":586}
{"timestamp":"2026-09-03T18:32:56.454936Z","level":"INFO","fields":{"message":"Concurrency control for download: Decreased concurrency from 1 to 1; reason: success ratio below threshold (connection struggling) (success_ratio = 1.000, threshold = 0.500)"},"filename":"D:\\a\\xet-core\\xet-core\\xet_client\\src\\cas_client\\adaptive_concurrency\\controller.rs","line_number":586}
{"timestamp":"2026-09-03T18:32:57.317780Z","level":"INFO","fields":{"message":"Concurrency control for download: Decreased concurrency from 1 to 1; reason: success ratio below threshold (connection struggling) (success_ratio = 1.000, threshold = 0.500)"},"filename":"D:\\a\\xet-core\\xet-core\\xet_client\\src\\cas_client\\adaptive_concurrency\\controller.rs","line_number":586}
{"timestamp":"2026-09-03T18:32:57.895044Z","level":"INFO","fields":{"message":"Concurrency control for download: Decreased concurrency from 1 to 1; reason: success ratio below threshold (connection struggling) (success_ratio = 1.000, threshold = 0.500)"},"filename":"D:\\a\\xet-core\\xet-core\\xet_client\\src\\cas_client\\adaptive_concurrency\\controller.rs","line_number":586}
{"timestamp":"2026-09-03T18:32:58.426795Z","level":"INFO","fields":{"message":"Concurrency control for download: Decreased concurrency from 1 to 1; reason: success ratio below threshold (connection struggling) (success_ratio = 1.000, threshold = 0.500)"},"filename":"D:\\a\\xet-core\\xet-core\\xet_client\\src\\cas_client\\adaptive_concurrency\\controller.rs","line_number":586}
{"timestamp":"2026-09-03T18:32:59.148735Z","level":"INFO","fields":{"message":"Concurrency control for download: Decreased concurrency from 1 to 1; reason: success ratio below threshold (connection struggling) (success_ratio = 1.000, threshold = 0.500)"},"filename":"D:\\a\\xet-core\\xet-core\\xet_client\\src\\cas_client\\adaptive_concurrency\\controller.rs","line_number":586}
{"timestamp":"2026-09-03T18:32:59.877303Z","level":"INFO","fields":{"message":"Concurrency control for download: Decreased concurrency from 1 to 1; reason: success ratio below threshold (connection struggling) (success_ratio = 1.000, threshold = 0.500)"},"filename":"D:\\a\\xet-core\\xet-core\\xet_client\\src\\cas_client\\adaptive_concurrency\\controller.rs","line_number":586}
{"timestamp":"2026-09-03T18:33:00.548868Z","level":"INFO","fields":{"message":"Concurrency control for download: Decreased concurrency from 1 to 1; reason: success ratio below threshold (connection struggling) (success_ratio = 1.000, threshold = 0.500)"},"filename":"D:\\a\\xet-core\\xet-core\\xet_client\\src\\cas_client\\adaptive_concurrency\\controller.rs","line_number":586}
{"timestamp":"2026-09-03T18:33:01.078299Z","level":"INFO","fields":{"message":"Concurrency control for download: Decreased concurrency from 1 to 1; reason: success ratio below threshold (connection struggling) (success_ratio = 1.000, threshold = 0.500)"},"filename":"D:\\a\\xet-core\\xet-core\\xet_client\\src\\cas_client\\adaptive_concurrency\\controller.rs","line_number":586}
{"timestamp":"2026-09-03T18:33:01.627911Z","level":"INFO","fields":{"message":"Concurrency control for download: Decreased concurrency from 1 to 1; reason: success ratio below threshold (connection struggling) (success_ratio = 1.000, threshold = 0.500)"},"filename":"D:\\a\\xet-core\\xet-core\\xet_client\\src\\cas_client\\adaptive_concurrency\\controller.rs","line_number":586}
{"timestamp":"2026-09-03T18:33:02.196585Z","level":"INFO","fields":{"message":"Concurrency control for download: Decreased concurrency from 1 to 1; reason: success ratio below threshold (connection struggling) (success_ratio = 1.000, threshold = 0.500)"},"filename":"D:\\a\\xet-core\\xet-core\\xet_client\\src\\cas_client\\adaptive_concurrency\\controller.rs","line_number":586}
{"timestamp":"2026-09-03T18:33:02.715705Z","level":"INFO","fields":{"message":"Concurrency control for download: Decreased concurrency from 1 to 1; reason: success ratio below threshold (connection struggling) (success_ratio = 1.000, threshold = 0.500)"},"filename":"D:\\a\\xet-core\\xet-core\\xet_client\\src\\cas_client\\adaptive_concurrency\\controller.rs","line_number":586}
{"timestamp":"2026-09-03T18:33:03.245080Z","level":"INFO","fields":{"message":"Concurrency control for download: Decreased concurrency from 1 to 1; reason: success ratio below threshold (connection struggling) (success_ratio = 1.000, threshold = 0.500)"},"filename":"D:\\a\\xet-core\\xet-core\\xet_client\\src\\cas_client\\adaptive_concurrency\\controller.rs","line_number":586}
{"timestamp":"2026-09-03T18:33:03.749323Z","level":"INFO","fields":{"message":"Concurrency control for download: Decreased concurrency from 1 to 1; reason: success ratio below threshold (connection struggling) (success_ratio = 1.000, threshold = 0.500)"},"filename":"D:\\a\\xet-core\\xet-core\\xet_client\\src\\cas_client\\adaptive_concurrency\\controller.rs","line_number":586}
{"timestamp":"2026-09-03T18:33:04.313978Z","level":"INFO","fields":{"message":"Concurrency control for download: Decreased concurrency from 1 to 1; reason: success ratio below threshold (connection struggling) (success_ratio = 1.000, threshold = 0.500)"},"filename":"D:\\a\\xet-core\\xet-core\\xet_client\\src\\cas_client\\adaptive_concurrency\\controller.rs","line_number":586}
{"timestamp":"2026-09-03T18:33:04.827318Z","level":"INFO","fields":{"message":"Concurrency control for download: Decreased concurrency from 1 to 1; reason: success ratio below threshold (connection struggling) (success_ratio = 1.000, threshold = 0.500)"},"filename":"D:\\a\\xet-core\\xet-core\\xet_client\\src\\cas_client\\adaptive_concurrency\\controller.rs","line_number":586}
{"timestamp":"2026-09-03T18:33:05.085864Z","level":"INFO","fields":{"message":"Concurrency control for download: Current concurrency = 1; predicted bandwidth = 65708; success_ratio = 1.000; reference_size = 46.9MB; observed bytes sent so far = 263850459; completed transmissions = 9"},"filename":"D:\\a\\xet-core\\xet-core\\xet_client\\src\\cas_client\\adaptive_concurrency\\controller.rs","line_number":602}
{"timestamp":"2026-09-03T18:33:05.510700Z","level":"INFO","fields":{"message":"Concurrency control for download: Decreased concurrency from 1 to 1; reason: success ratio below threshold (connection struggling) (success_ratio = 1.000, threshold = 0.500)"},"filename":"D:\\a\\xet-core\\xet-core\\xet_client\\src\\cas_client\\adaptive_concurrency\\controller.rs","line_number":586}
{"timestamp":"2026-09-03T18:33:06.043049Z","level":"INFO","fields":{"message":"Concurrency control for download: Decreased concurrency from 1 to 1; reason: success ratio below threshold (connection struggling) (success_ratio = 1.000, threshold = 0.500)"},"filename":"D:\\a\\xet-core\\xet-core\\xet_client\\src\\cas_client\\adaptive_concurrency\\controller.rs","line_number":586}
{"timestamp":"2026-09-03T18:33:06.659535Z","level":"INFO","fields":{"message":"Concurrency control for download: Decreased concurrency from 1 to 1; reason: success ratio below threshold (connection struggling) (success_ratio = 1.000, threshold = 0.500)"},"filename":"D:\\a\\xet-core\\xet-core\\xet_client\\src\\cas_client\\adaptive_concurrency\\controller.rs","line_number":586}
{"timestamp":"2026-09-03T18:33:07.217543Z","level":"INFO","fields":{"message":"Concurrency control for download: Decreased concurrency from 1 to 1; reason: success ratio below threshold (connection struggling) (success_ratio = 1.000, threshold = 0.500)"},"filename":"D:\\a\\xet-core\\xet-core\\xet_client\\src\\cas_client\\adaptive_concurrency\\controller.rs","line_number":586}
{"timestamp":"2026-09-03T18:33:07.886702Z","level":"INFO","fields":{"message":"Concurrency control for download: Decreased concurrency from 1 to 1; reason: success ratio below threshold (connection struggling) (success_ratio = 1.000, threshold = 0.500)"},"filename":"D:\\a\\xet-core\\xet-core\\xet_client\\src\\cas_client\\adaptive_concurrency\\controller.rs","line_number":586}
{"timestamp":"2026-09-03T18:33:08.641507Z","level":"INFO","fields":{"message":"Concurrency control for download: Decreased concurrency from 1 to 1; reason: success ratio below threshold (connection struggling) (success_ratio = 1.000, threshold = 0.500)"},"filename":"D:\\a\\xet-core\\xet-core\\xet_client\\src\\cas_client\\adaptive_concurrency\\controller.rs","line_number":586}
{"timestamp":"2026-09-03T18:33:09.324847Z","level":"INFO","fields":{"message":"Concurrency control for download: Decreased concurrency from 1 to 1; reason: success ratio below threshold (connection struggling) (success_ratio = 1.000, threshold = 0.500)"},"filename":"D:\\a\\xet-core\\xet-core\\xet_client\\src\\cas_client\\adaptive_concurrency\\controller.rs","line_number":586}
{"timestamp":"2026-09-03T18:33:09.825686Z","level":"INFO","fields":{"message":"Concurrency control for download: Decreased concurrency from 1 to 1; reason: success ratio below threshold (connection struggling) (success_ratio = 1.000, threshold = 0.500)"},"filename":"D:\\a\\xet-core\\xet-core\\xet_client\\src\\cas_client\\adaptive_concurrency\\controller.rs","line_number":586}
{"timestamp":"2026-09-03T18:33:10.334057Z","level":"INFO","fields":{"message":"Concurrency control for download: Decreased concurrency from 1 to 1; reason: success ratio below threshold (connection struggling) (success_ratio = 1.000, threshold = 0.500)"},"filename":"D:\\a\\xet-core\\xet-core\\xet_client\\src\\cas_client\\adaptive_concurrency\\controller.rs","line_number":586}
{"timestamp":"2026-09-03T18:33:10.913616Z","level":"INFO","fields":{"message":"Concurrency control for download: Decreased concurrency from 1 to 1; reason: success ratio below threshold (connection struggling) (success_ratio = 1.000, threshold = 0.500)"},"filename":"D:\\a\\xet-core\\xet-core\\xet_client\\src\\cas_client\\adaptive_concurrency\\controller.rs","line_number":586}
{"timestamp":"2026-09-03T18:33:11.483009Z","level":"INFO","fields":{"message":"Concurrency control for download: Decreased concurrency from 1 to 1; reason: success ratio below threshold (connection struggling) (success_ratio = 1.000, threshold = 0.500)"},"filename":"D:\\a\\xet-core\\xet-core\\xet_client\\src\\cas_client\\adaptive_concurrency\\controller.rs","line_number":586}
{"timestamp":"2026-09-03T18:33:12.073596Z","level":"INFO","fields":{"message":"Concurrency control for download: Decreased concurrency from 1 to 1; reason: success ratio below threshold (connection struggling) (success_ratio = 1.000, threshold = 0.500)"},"filename":"D:\\a\\xet-core\\xet-core\\xet_client\\src\\cas_client\\adaptive_concurrency\\controller.rs","line_number":586}
{"timestamp":"2026-09-03T18:33:12.594485Z","level":"INFO","fields":{"message":"Concurrency control for download: Decreased concurrency from 1 to 1; reason: success ratio below threshold (connection struggling) (success_ratio = 1.000, threshold = 0.500)"},"filename":"D:\\a\\xet-core\\xet-core\\xet_client\\src\\cas_client\\adaptive_concurrency\\controller.rs","line_number":586}
{"timestamp":"2026-09-03T18:33:13.129048Z","level":"INFO","fields":{"message":"Concurrency control for download: Decreased concurrency from 1 to 1; reason: success ratio below threshold (connection struggling) (success_ratio = 1.000, threshold = 0.500)"},"filename":"D:\\a\\xet-core\\xet-core\\xet_client\\src\\cas_client\\adaptive_concurrency\\controller.rs","line_number":586}
{"timestamp":"2026-09-03T18:33:13.731819Z","level":"INFO","fields":{"message":"Concurrency control for download: Decreased concurrency from 1 to 1; reason: success ratio below threshold (connection struggling) (success_ratio = 1.000, threshold = 0.500)"},"filename":"D:\\a\\xet-core\\xet-core\\xet_client\\src\\cas_client\\adaptive_concurrency\\controller.rs","line_number":586}
{"timestamp":"2026-09-03T18:33:14.232500Z","level":"INFO","fields":{"message":"Concurrency control for download: Decreased concurrency from 1 to 1; reason: success ratio below threshold (connection struggling) (success_ratio = 1.000, threshold = 0.500)"},"filename":"D:\\a\\xet-core\\xet-core\\xet_client\\src\\cas_client\\adaptive_concurrency\\controller.rs","line_number":586}
{"timestamp":"2026-09-03T18:33:14.778592Z","level":"INFO","fields":{"message":"Concurrency control for download: Decreased concurrency from 1 to 1; reason: success ratio below threshold (connection struggling) (success_ratio = 1.000, threshold = 0.500)"},"filename":"D:\\a\\xet-core\\xet-core\\xet_client\\src\\cas_client\\adaptive_concurrency\\controller.rs","line_number":586}
{"timestamp":"2026-09-03T18:33:15.178882Z","level":"INFO","fields":{"message":"Concurrency control for download: Current concurrency = 1; predicted bandwidth = 49905; success_ratio = 1.000; reference_size = 57.3MB; observed bytes sent so far = 270314214; completed transmissions = 10"},"filename":"D:\\a\\xet-core\\xet-core\\xet_client\\src\\cas_client\\adaptive_concurrency\\controller.rs","line_number":602}
{"timestamp":"2026-09-03T18:33:15.391009Z","level":"INFO","fields":{"message":"Concurrency control for download: Decreased concurrency from 1 to 1; reason: success ratio below threshold (connection struggling) (success_ratio = 1.000, threshold = 0.500)"},"filename":"D:\\a\\xet-core\\xet-core\\xet_client\\src\\cas_client\\adaptive_concurrency\\controller.rs","line_number":586}
{"timestamp":"2026-09-03T18:33:16.025447Z","level":"INFO","fields":{"message":"Concurrency control for download: Decreased concurrency from 1 to 1; reason: success ratio below threshold (connection struggling) (success_ratio = 1.000, threshold = 0.500)"},"filename":"D:\\a\\xet-core\\xet-core\\xet_client\\src\\cas_client\\adaptive_concurrency\\controller.rs","line_number":586}
{"timestamp":"2026-09-03T18:33:16.568574Z","level":"INFO","fields":{"message":"Concurrency control for download: Decreased concurrency from 1 to 1; reason: success ratio below threshold (connection struggling) (success_ratio = 1.000, threshold = 0.500)"},"filename":"D:\\a\\xet-core\\xet-core\\xet_client\\src\\cas_client\\adaptive_concurrency\\controller.rs","line_number":586}
{"timestamp":"2026-09-03T18:33:17.087711Z","level":"INFO","fields":{"message":"Concurrency control for download: Decreased concurrency from 1 to 1; reason: success ratio below threshold (connection struggling) (success_ratio = 1.000, threshold = 0.500)"},"filename":"D:\\a\\xet-core\\xet-core\\xet_client\\src\\cas_client\\adaptive_concurrency\\controller.rs","line_number":586}
{"timestamp":"2026-09-03T18:33:17.616596Z","level":"INFO","fields":{"message":"Concurrency control for download: Decreased concurrency from 1 to 1; reason: success ratio below threshold (connection struggling) (success_ratio = 1.000, threshold = 0.500)"},"filename":"D:\\a\\xet-core\\xet-core\\xet_client\\src\\cas_client\\adaptive_concurrency\\controller.rs","line_number":586}
{"timestamp":"2026-09-03T18:33:18.128190Z","level":"INFO","fields":{"message":"Concurrency control for download: Decreased concurrency from 1 to 1; reason: success ratio below threshold (connection struggling) (success_ratio = 1.000, threshold = 0.500)"},"filename":"D:\\a\\xet-core\\xet-core\\xet_client\\src\\cas_client\\adaptive_concurrency\\controller.rs","line_number":586}
{"timestamp":"2026-09-03T18:33:18.727279Z","level":"INFO","fields":{"message":"Concurrency control for download: Decreased concurrency from 1 to 1; reason: success ratio below threshold (connection struggling) (success_ratio = 1.000, threshold = 0.500)"},"filename":"D:\\a\\xet-core\\xet-core\\xet_client\\src\\cas_client\\adaptive_concurrency\\controller.rs","line_number":586}
{"timestamp":"2026-09-03T18:33:19.353323Z","level":"INFO","fields":{"message":"Concurrency control for download: Decreased concurrency from 1 to 1; reason: success ratio below threshold (connection struggling) (success_ratio = 1.000, threshold = 0.500)"},"filename":"D:\\a\\xet-core\\xet-core\\xet_client\\src\\cas_client\\adaptive_concurrency\\controller.rs","line_number":586}
{"timestamp":"2026-09-03T18:33:19.888751Z","level":"INFO","fields":{"message":"Concurrency control for download: Decreased concurrency from 1 to 1; reason: success ratio below threshold (connection struggling) (success_ratio = 1.000, threshold = 0.500)"},"filename":"D:\\a\\xet-core\\xet-core\\xet_client\\src\\cas_client\\adaptive_concurrency\\controller.rs","line_number":586}
{"timestamp":"2026-09-03T18:33:20.442942Z","level":"INFO","fields":{"message":"Concurrency control for download: Decreased concurrency from 1 to 1; reason: success ratio below threshold (connection struggling) (success_ratio = 1.000, threshold = 0.500)"},"filename":"D:\\a\\xet-core\\xet-core\\xet_client\\src\\cas_client\\adaptive_concurrency\\controller.rs","line_number":586}
{"timestamp":"2026-09-03T18:33:20.955457Z","level":"INFO","fields":{"message":"Concurrency control for download: Decreased concurrency from 1 to 1; reason: success ratio below threshold (connection struggling) (success_ratio = 1.000, threshold = 0.500)"},"filename":"D:\\a\\xet-core\\xet-core\\xet_client\\src\\cas_client\\adaptive_concurrency\\controller.rs","line_number":586}
{"timestamp":"2026-09-03T18:33:21.602976Z","level":"INFO","fields":{"message":"Concurrency control for download: Decreased concurrency from 1 to 1; reason: success ratio below threshold (connection struggling) (success_ratio = 1.000, threshold = 0.500)"},"filename":"D:\\a\\xet-core\\xet-core\\xet_client\\src\\cas_client\\adaptive_concurrency\\controller.rs","line_number":586}
{"timestamp":"2026-09-03T18:33:22.154213Z","level":"INFO","fields":{"message":"Concurrency control for download: Decreased concurrency from 1 to 1; reason: success ratio below threshold (connection struggling) (success_ratio = 1.000, threshold = 0.500)"},"filename":"D:\\a\\xet-core\\xet-core\\xet_client\\src\\cas_client\\adaptive_concurrency\\controller.rs","line_number":586}
{"timestamp":"2026-09-03T18:33:22.742237Z","level":"INFO","fields":{"message":"Concurrency control for download: Decreased concurrency from 1 to 1; reason: success ratio below threshold (connection struggling) (success_ratio = 1.000, threshold = 0.500)"},"filename":"D:\\a\\xet-core\\xet-core\\xet_client\\src\\cas_client\\adaptive_concurrency\\controller.rs","line_number":586}
{"timestamp":"2026-09-03T18:33:23.281116Z","level":"INFO","fields":{"message":"Concurrency control for download: Decreased concurrency from 1 to 1; reason: success ratio below threshold (connection struggling) (success_ratio = 1.000, threshold = 0.500)"},"filename":"D:\\a\\xet-core\\xet-core\\xet_client\\src\\cas_client\\adaptive_concurrency\\controller.rs","line_number":586}
{"timestamp":"2026-09-03T18:33:23.805879Z","level":"INFO","fields":{"message":"Concurrency control for download: Decreased concurrency from 1 to 1; reason: success ratio below threshold (connection struggling) (success_ratio = 1.000, threshold = 0.500)"},"filename":"D:\\a\\xet-core\\xet-core\\xet_client\\src\\cas_client\\adaptive_concurrency\\controller.rs","line_number":586}
{"timestamp":"2026-09-03T18:33:24.420464Z","level":"INFO","fields":{"message":"Concurrency control for download: Decreased concurrency from 1 to 1; reason: success ratio below threshold (connection struggling) (success_ratio = 1.000, threshold = 0.500)"},"filename":"D:\\a\\xet-core\\xet-core\\xet_client\\src\\cas_client\\adaptive_concurrency\\controller.rs","line_number":586}
{"timestamp":"2026-09-03T18:33:24.948686Z","level":"INFO","fields":{"message":"Concurrency control for download: Decreased concurrency from 1 to 1; reason: success ratio below threshold (connection struggling) (success_ratio = 1.000, threshold = 0.500)"},"filename":"D:\\a\\xet-core\\xet-core\\xet_client\\src\\cas_client\\adaptive_concurrency\\controller.rs","line_number":586}
{"timestamp":"2026-09-03T18:33:25.227247Z","level":"INFO","fields":{"message":"Concurrency control for download: Current concurrency = 1; predicted bandwidth = 39808; success_ratio = 1.000; reference_size = 57.3MB; observed bytes sent so far = 276671206; completed transmissions = 10"},"filename":"D:\\a\\xet-core\\xet-core\\xet_client\\src\\cas_client\\adaptive_concurrency\\controller.rs","line_number":602}
{"timestamp":"2026-09-03T18:33:25.534231Z","level":"INFO","fields":{"message":"Concurrency control for download: Decreased concurrency from 1 to 1; reason: success ratio below threshold (connection struggling) (success_ratio = 1.000, threshold = 0.500)"},"filename":"D:\\a\\xet-core\\xet-core\\xet_client\\src\\cas_client\\adaptive_concurrency\\controller.rs","line_number":586}
{"timestamp":"2026-09-03T18:33:26.083297Z","level":"INFO","fields":{"message":"Concurrency control for download: Decreased concurrency from 1 to 1; reason: success ratio below threshold (connection struggling) (success_ratio = 1.000, threshold = 0.500)"},"filename":"D:\\a\\xet-core\\xet-core\\xet_client\\src\\cas_client\\adaptive_concurrency\\controller.rs","line_number":586}
{"timestamp":"2026-09-03T18:33:26.606284Z","level":"INFO","fields":{"message":"Concurrency control for download: Decreased concurrency from 1 to 1; reason: success ratio below threshold (connection struggling) (success_ratio = 1.000, threshold = 0.500)"},"filename":"D:\\a\\xet-core\\xet-core\\xet_client\\src\\cas_client\\adaptive_concurrency\\controller.rs","line_number":586}
{"timestamp":"2026-09-03T18:33:27.170864Z","level":"INFO","fields":{"message":"Concurrency control for download: Decreased concurrency from 1 to 1; reason: success ratio below threshold (connection struggling) (success_ratio = 1.000, threshold = 0.500)"},"filename":"D:\\a\\xet-core\\xet-core\\xet_client\\src\\cas_client\\adaptive_concurrency\\controller.rs","line_number":586}
{"timestamp":"2026-09-03T18:33:27.834883Z","level":"INFO","fields":{"message":"Concurrency control for download: Decreased concurrency from 1 to 1; reason: success ratio below threshold (connection struggling) (success_ratio = 1.000, threshold = 0.500)"},"filename":"D:\\a\\xet-core\\xet-core\\xet_client\\src\\cas_client\\adaptive_concurrency\\controller.rs","line_number":586}
{"timestamp":"2026-09-03T18:33:28.406853Z","level":"INFO","fields":{"message":"Concurrency control for download: Decreased concurrency from 1 to 1; reason: success ratio below threshold (connection struggling) (success_ratio = 1.000, threshold = 0.500)"},"filename":"D:\\a\\xet-core\\xet-core\\xet_client\\src\\cas_client\\adaptive_concurrency\\controller.rs","line_number":586}
{"timestamp":"2026-09-03T18:33:28.909854Z","level":"INFO","fields":{"message":"Concurrency control for download: Decreased concurrency from 1 to 1; reason: success ratio below threshold (connection struggling) (success_ratio = 1.000, threshold = 0.500)"},"filename":"D:\\a\\xet-core\\xet-core\\xet_client\\src\\cas_client\\adaptive_concurrency\\controller.rs","line_number":586}
{"timestamp":"2026-09-03T18:33:29.533359Z","level":"INFO","fields":{"message":"Concurrency control for download: Decreased concurrency from 1 to 1; reason: success ratio below threshold (connection struggling) (success_ratio = 1.000, threshold = 0.500)"},"filename":"D:\\a\\xet-core\\xet-core\\xet_client\\src\\cas_client\\adaptive_concurrency\\controller.rs","line_number":586}
{"timestamp":"2026-09-03T18:33:30.240287Z","level":"INFO","fields":{"message":"Concurrency control for download: Decreased concurrency from 1 to 1; reason: success ratio below threshold (connection struggling) (success_ratio = 1.000, threshold = 0.500)"},"filename":"D:\\a\\xet-core\\xet-core\\xet_client\\src\\cas_client\\adaptive_concurrency\\controller.rs","line_number":586}
{"timestamp":"2026-09-03T18:33:30.808809Z","level":"INFO","fields":{"message":"Concurrency control for download: Decreased concurrency from 1 to 1; reason: success ratio below threshold (connection struggling) (success_ratio = 1.000, threshold = 0.500)"},"filename":"D:\\a\\xet-core\\xet-core\\xet_client\\src\\cas_client\\adaptive_concurrency\\controller.rs","line_number":586}
{"timestamp":"2026-09-03T18:33:31.426705Z","level":"INFO","fields":{"message":"Concurrency control for download: Decreased concurrency from 1 to 1; reason: success ratio below threshold (connection struggling) (success_ratio = 1.000, threshold = 0.500)"},"filename":"D:\\a\\xet-core\\xet-core\\xet_client\\src\\cas_client\\adaptive_concurrency\\controller.rs","line_number":586}
{"timestamp":"2026-09-03T18:33:31.929913Z","level":"INFO","fields":{"message":"Concurrency control for download: Decreased concurrency from 1 to 1; reason: success ratio below threshold (connection struggling) (success_ratio = 1.000, threshold = 0.500)"},"filename":"D:\\a\\xet-core\\xet-core\\xet_client\\src\\cas_client\\adaptive_concurrency\\controller.rs","line_number":586}
{"timestamp":"2026-09-03T18:33:32.563084Z","level":"INFO","fields":{"message":"Concurrency control for download: Decreased concurrency from 1 to 1; reason: success ratio below threshold (connection struggling) (success_ratio = 1.000, threshold = 0.500)"},"filename":"D:\\a\\xet-core\\xet-core\\xet_client\\src\\cas_client\\adaptive_concurrency\\controller.rs","line_number":586}
{"timestamp":"2026-09-03T18:33:33.126391Z","level":"INFO","fields":{"message":"Concurrency control for download: Decreased concurrency from 1 to 1; reason: success ratio below threshold (connection struggling) (success_ratio = 1.000, threshold = 0.500)"},"filename":"D:\\a\\xet-core\\xet-core\\xet_client\\src\\cas_client\\adaptive_concurrency\\controller.rs","line_number":586}
{"timestamp":"2026-09-03T18:33:33.659466Z","level":"INFO","fields":{"message":"Concurrency control for download: Decreased concurrency from 1 to 1; reason: success ratio below threshold (connection struggling) (success_ratio = 1.000, threshold = 0.500)"},"filename":"D:\\a\\xet-core\\xet-core\\xet_client\\src\\cas_client\\adaptive_concurrency\\controller.rs","line_number":586}
{"timestamp":"2026-09-03T18:33:34.418358Z","level":"INFO","fields":{"message":"Concurrency control for download: Decreased concurrency from 1 to 1; reason: success ratio below threshold (connection struggling) (success_ratio = 1.000, threshold = 0.500)"},"filename":"D:\\a\\xet-core\\xet-core\\xet_client\\src\\cas_client\\adaptive_concurrency\\controller.rs","line_number":586}
{"timestamp":"2026-09-03T18:33:35.006690Z","level":"INFO","fields":{"message":"Concurrency control for download: Decreased concurrency from 1 to 1; reason: success ratio below threshold (connection struggling) (success_ratio = 1.000, threshold = 0.500)"},"filename":"D:\\a\\xet-core\\xet-core\\xet_client\\src\\cas_client\\adaptive_concurrency\\controller.rs","line_number":586}
{"timestamp":"2026-09-03T18:33:35.311348Z","level":"INFO","fields":{"message":"Concurrency control for download: Current concurrency = 1; predicted bandwidth = 35673; success_ratio = 1.000; reference_size = 57.3MB; observed bytes sent so far = 283667174; completed transmissions = 10"},"filename":"D:\\a\\xet-core\\xet-core\\xet_client\\src\\cas_client\\adaptive_concurrency\\controller.rs","line_number":602}
{"timestamp":"2026-09-03T18:33:35.546812Z","level":"INFO","fields":{"message":"Concurrency control for download: Decreased concurrency from 1 to 1; reason: success ratio below threshold (connection struggling) (success_ratio = 1.000, threshold = 0.500)"},"filename":"D:\\a\\xet-core\\xet-core\\xet_client\\src\\cas_client\\adaptive_concurrency\\controller.rs","line_number":586}
{"timestamp":"2026-09-03T18:33:36.171490Z","level":"INFO","fields":{"message":"Concurrency control for download: Decreased concurrency from 1 to 1; reason: success ratio below threshold (connection struggling) (success_ratio = 1.000, threshold = 0.500)"},"filename":"D:\\a\\xet-core\\xet-core\\xet_client\\src\\cas_client\\adaptive_concurrency\\controller.rs","line_number":586}
{"timestamp":"2026-09-03T18:33:36.824880Z","level":"INFO","fields":{"message":"Concurrency control for download: Decreased concurrency from 1 to 1; reason: success ratio below threshold (connection struggling) (success_ratio = 1.000, threshold = 0.500)"},"filename":"D:\\a\\xet-core\\xet-core\\xet_client\\src\\cas_client\\adaptive_concurrency\\controller.rs","line_number":586}
{"timestamp":"2026-09-03T18:33:37.368334Z","level":"INFO","fields":{"message":"Concurrency control for download: Decreased concurrency from 1 to 1; reason: success ratio below threshold (connection struggling) (success_ratio = 1.000, threshold = 0.500)"},"filename":"D:\\a\\xet-core\\xet-core\\xet_client\\src\\cas_client\\adaptive_concurrency\\controller.rs","line_number":586}
{"timestamp":"2026-09-03T18:33:37.874865Z","level":"INFO","fields":{"message":"Concurrency control for download: Decreased concurrency from 1 to 1; reason: success ratio below threshold (connection struggling) (success_ratio = 1.000, threshold = 0.500)"},"filename":"D:\\a\\xet-core\\xet-core\\xet_client\\src\\cas_client\\adaptive_concurrency\\controller.rs","line_number":586}
{"timestamp":"2026-09-03T18:33:38.458721Z","level":"INFO","fields":{"message":"Concurrency control for download: Decreased concurrency from 1 to 1; reason: success ratio below threshold (connection struggling) (success_ratio = 1.000, threshold = 0.500)"},"filename":"D:\\a\\xet-core\\xet-core\\xet_client\\src\\cas_client\\adaptive_concurrency\\controller.rs","line_number":586}
{"timestamp":"2026-09-03T18:33:39.033052Z","level":"INFO","fields":{"message":"Concurrency control for download: Decreased concurrency from 1 to 1; reason: success ratio below threshold (connection struggling) (success_ratio = 1.000, threshold = 0.500)"},"filename":"D:\\a\\xet-core\\xet-core\\xet_client\\src\\cas_client\\adaptive_concurrency\\controller.rs","line_number":586}
{"timestamp":"2026-09-03T18:33:39.575512Z","level":"INFO","fields":{"message":"Concurrency control for download: Decreased concurrency from 1 to 1; reason: success ratio below threshold (connection struggling) (success_ratio = 1.000, threshold = 0.500)"},"filename":"D:\\a\\xet-core\\xet-core\\xet_client\\src\\cas_client\\adaptive_concurrency\\controller.rs","line_number":586}
{"timestamp":"2026-09-03T18:33:40.078025Z","level":"INFO","fields":{"message":"Concurrency control for download: Decreased concurrency from 1 to 1; reason: success ratio below threshold (connection struggling) (success_ratio = 1.000, threshold = 0.500)"},"filename":"D:\\a\\xet-core\\xet-core\\xet_client\\src\\cas_client\\adaptive_concurrency\\controller.rs","line_number":586}
{"timestamp":"2026-09-03T18:33:40.579331Z","level":"INFO","fields":{"message":"Concurrency control for download: Decreased concurrency from 1 to 1; reason: success ratio below threshold (connection struggling) (success_ratio = 1.000, threshold = 0.500)"},"filename":"D:\\a\\xet-core\\xet-core\\xet_client\\src\\cas_client\\adaptive_concurrency\\controller.rs","line_number":586}
{"timestamp":"2026-09-03T18:33:41.092300Z","level":"INFO","fields":{"message":"Concurrency control for download: Decreased concurrency from 1 to 1; reason: success ratio below threshold (connection struggling) (success_ratio = 1.000, threshold = 0.500)"},"filename":"D:\\a\\xet-core\\xet-core\\xet_client\\src\\cas_client\\adaptive_concurrency\\controller.rs","line_number":586}
{"timestamp":"2026-09-03T18:33:41.615555Z","level":"INFO","fields":{"message":"Concurrency control for download: Decreased concurrency from 1 to 1; reason: success ratio below threshold (connection struggling) (success_ratio = 1.000, threshold = 0.500)"},"filename":"D:\\a\\xet-core\\xet-core\\xet_client\\src\\cas_client\\adaptive_concurrency\\controller.rs","line_number":586}
{"timestamp":"2026-09-03T18:33:42.246532Z","level":"INFO","fields":{"message":"Concurrency control for download: Decreased concurrency from 1 to 1; reason: success ratio below threshold (connection struggling) (success_ratio = 1.000, threshold = 0.500)"},"filename":"D:\\a\\xet-core\\xet-core\\xet_client\\src\\cas_client\\adaptive_concurrency\\controller.rs","line_number":586}
{"timestamp":"2026-09-03T18:33:42.915168Z","level":"INFO","fields":{"message":"Concurrency control for download: Decreased concurrency from 1 to 1; reason: success ratio below threshold (connection struggling) (success_ratio = 1.000, threshold = 0.500)"},"filename":"D:\\a\\xet-core\\xet-core\\xet_client\\src\\cas_client\\adaptive_concurrency\\controller.rs","line_number":586}
{"timestamp":"2026-09-03T18:33:43.586190Z","level":"INFO","fields":{"message":"Concurrency control for download: Decreased concurrency from 1 to 1; reason: success ratio below threshold (connection struggling) (success_ratio = 1.000, threshold = 0.500)"},"filename":"D:\\a\\xet-core\\xet-core\\xet_client\\src\\cas_client\\adaptive_concurrency\\controller.rs","line_number":586}
{"timestamp":"2026-09-03T18:33:44.125701Z","level":"INFO","fields":{"message":"Concurrency control for download: Decreased concurrency from 1 to 1; reason: success ratio below threshold (connection struggling) (success_ratio = 1.000, threshold = 0.500)"},"filename":"D:\\a\\xet-core\\xet-core\\xet_client\\src\\cas_client\\adaptive_concurrency\\controller.rs","line_number":586}
{"timestamp":"2026-09-03T18:33:44.662000Z","level":"INFO","fields":{"message":"Concurrency control for download: Decreased concurrency from 1 to 1; reason: success ratio below threshold (connection struggling) (success_ratio = 1.000, threshold = 0.500)"},"filename":"D:\\a\\xet-core\\xet-core\\xet_client\\src\\cas_client\\adaptive_concurrency\\controller.rs","line_number":586}
{"timestamp":"2026-09-03T18:33:45.176513Z","level":"INFO","fields":{"message":"Concurrency control for download: Decreased concurrency from 1 to 1; reason: success ratio below threshold (connection struggling) (success_ratio = 1.000, threshold = 0.500)"},"filename":"D:\\a\\xet-core\\xet-core\\xet_client\\src\\cas_client\\adaptive_concurrency\\controller.rs","line_number":586}
{"timestamp":"2026-09-03T18:33:45.374778Z","level":"INFO","fields":{"message":"Concurrency control for download: Current concurrency = 1; predicted bandwidth = 47925; success_ratio = 1.000; reference_size = 57.3MB; observed bytes sent so far = 290403928; completed transmissions = 10"},"filename":"D:\\a\\xet-core\\xet-core\\xet_client\\src\\cas_client\\adaptive_concurrency\\controller.rs","line_number":602}
{"timestamp":"2026-09-03T18:33:45.717942Z","level":"INFO","fields":{"message":"Concurrency control for download: Decreased concurrency from 1 to 1; reason: success ratio below threshold (connection struggling) (success_ratio = 1.000, threshold = 0.500)"},"filename":"D:\\a\\xet-core\\xet-core\\xet_client\\src\\cas_client\\adaptive_concurrency\\controller.rs","line_number":586}
{"timestamp":"2026-09-03T18:33:46.243007Z","level":"INFO","fields":{"message":"Concurrency control for download: Decreased concurrency from 1 to 1; reason: success ratio below threshold (connection struggling) (success_ratio = 1.000, threshold = 0.500)"},"filename":"D:\\a\\xet-core\\xet-core\\xet_client\\src\\cas_client\\adaptive_concurrency\\controller.rs","line_number":586}
{"timestamp":"2026-09-03T18:33:46.806105Z","level":"INFO","fields":{"message":"Concurrency control for download: Decreased concurrency from 1 to 1; reason: success ratio below threshold (connection struggling) (success_ratio = 1.000, threshold = 0.500)"},"filename":"D:\\a\\xet-core\\xet-core\\xet_client\\src\\cas_client\\adaptive_concurrency\\controller.rs","line_number":586}
{"timestamp":"2026-09-03T18:33:47.432282Z","level":"INFO","fields":{"message":"Concurrency control for download: Decreased concurrency from 1 to 1; reason: success ratio below threshold (connection struggling) (success_ratio = 1.000, threshold = 0.500)"},"filename":"D:\\a\\xet-core\\xet-core\\xet_client\\src\\cas_client\\adaptive_concurrency\\controller.rs","line_number":586}
{"timestamp":"2026-09-03T18:33:47.979148Z","level":"INFO","fields":{"message":"Concurrency control for download: Decreased concurrency from 1 to 1; reason: success ratio below threshold (connection struggling) (success_ratio = 1.000, threshold = 0.500)"},"filename":"D:\\a\\xet-core\\xet-core\\xet_client\\src\\cas_client\\adaptive_concurrency\\controller.rs","line_number":586}
{"timestamp":"2026-09-03T18:33:48.653300Z","level":"INFO","fields":{"message":"Concurrency control for download: Decreased concurrency from 1 to 1; reason: success ratio below threshold (connection struggling) (success_ratio = 1.000, threshold = 0.500)"},"filename":"D:\\a\\xet-core\\xet-core\\xet_client\\src\\cas_client\\adaptive_concurrency\\controller.rs","line_number":586}
{"timestamp":"2026-09-03T18:33:49.171889Z","level":"INFO","fields":{"message":"Concurrency control for download: Decreased concurrency from 1 to 1; reason: success ratio below threshold (connection struggling) (success_ratio = 1.000, threshold = 0.500)"},"filename":"D:\\a\\xet-core\\xet-core\\xet_client\\src\\cas_client\\adaptive_concurrency\\controller.rs","line_number":586}
{"timestamp":"2026-09-03T18:33:49.757031Z","level":"INFO","fields":{"message":"Concurrency control for download: Decreased concurrency from 1 to 1; reason: success ratio below threshold (connection struggling) (success_ratio = 1.000, threshold = 0.500)"},"filename":"D:\\a\\xet-core\\xet-core\\xet_client\\src\\cas_client\\adaptive_concurrency\\controller.rs","line_number":586}
{"timestamp":"2026-09-03T18:33:50.410574Z","level":"INFO","fields":{"message":"Concurrency control for download: Decreased concurrency from 1 to 1; reason: success ratio below threshold (connection struggling) (success_ratio = 1.000, threshold = 0.500)"},"filename":"D:\\a\\xet-core\\xet-core\\xet_client\\src\\cas_client\\adaptive_concurrency\\controller.rs","line_number":586}
{"timestamp":"2026-09-03T18:33:51.061681Z","level":"INFO","fields":{"message":"Concurrency control for download: Decreased concurrency from 1 to 1; reason: success ratio below threshold (connection struggling) (success_ratio = 1.000, threshold = 0.500)"},"filename":"D:\\a\\xet-core\\xet-core\\xet_client\\src\\cas_client\\adaptive_concurrency\\controller.rs","line_number":586}
{"timestamp":"2026-09-03T18:33:51.588138Z","level":"INFO","fields":{"message":"Concurrency control for download: Decreased concurrency from 1 to 1; reason: success ratio below threshold (connection struggling) (success_ratio = 1.000, threshold = 0.500)"},"filename":"D:\\a\\xet-core\\xet-core\\xet_client\\src\\cas_client\\adaptive_concurrency\\controller.rs","line_number":586}
{"timestamp":"2026-09-03T18:33:52.122770Z","level":"INFO","fields":{"message":"Concurrency control for download: Decreased concurrency from 1 to 1; reason: success ratio below threshold (connection struggling) (success_ratio = 1.000, threshold = 0.500)"},"filename":"D:\\a\\xet-core\\xet-core\\xet_client\\src\\cas_client\\adaptive_concurrency\\controller.rs","line_number":586}
{"timestamp":"2026-09-03T18:33:52.705790Z","level":"INFO","fields":{"message":"Concurrency control for download: Decreased concurrency from 1 to 1; reason: success ratio below threshold (connection struggling) (success_ratio = 1.000, threshold = 0.500)"},"filename":"D:\\a\\xet-core\\xet-core\\xet_client\\src\\cas_client\\adaptive_concurrency\\controller.rs","line_number":586}
{"timestamp":"2026-09-03T18:33:53.341188Z","level":"INFO","fields":{"message":"Concurrency control for download: Decreased concurrency from 1 to 1; reason: success ratio below threshold (connection struggling) (success_ratio = 1.000, threshold = 0.500)"},"filename":"D:\\a\\xet-core\\xet-core\\xet_client\\src\\cas_client\\adaptive_concurrency\\controller.rs","line_number":586}
{"timestamp":"2026-09-03T18:33:53.854786Z","level":"INFO","fields":{"message":"Concurrency control for download: Decreased concurrency from 1 to 1; reason: success ratio below threshold (connection struggling) (success_ratio = 1.000, threshold = 0.500)"},"filename":"D:\\a\\xet-core\\xet-core\\xet_client\\src\\cas_client\\adaptive_concurrency\\controller.rs","line_number":586}
{"timestamp":"2026-09-03T18:33:54.386209Z","level":"INFO","fields":{"message":"Concurrency control for download: Decreased concurrency from 1 to 1; reason: success ratio below threshold (connection struggling) (success_ratio = 1.000, threshold = 0.500)"},"filename":"D:\\a\\xet-core\\xet-core\\xet_client\\src\\cas_client\\adaptive_concurrency\\controller.rs","line_number":586}
{"timestamp":"2026-09-03T18:33:54.943142Z","level":"INFO","fields":{"message":"Concurrency control for download: Decreased concurrency from 1 to 1; reason: success ratio below threshold (connection struggling) (success_ratio = 1.000, threshold = 0.500)"},"filename":"D:\\a\\xet-core\\xet-core\\xet_client\\src\\cas_client\\adaptive_concurrency\\controller.rs","line_number":586}
{"timestamp":"2026-09-03T18:33:55.441213Z","level":"INFO","fields":{"message":"Concurrency control for download: Current concurrency = 1; predicted bandwidth = 101432; success_ratio = 1.000; reference_size = 57.3MB; observed bytes sent so far = 296793688; completed transmissions = 10"},"filename":"D:\\a\\xet-core\\xet-core\\xet_client\\src\\cas_client\\adaptive_concurrency\\controller.rs","line_number":602}
{"timestamp":"2026-09-03T18:33:55.448901Z","level":"INFO","fields":{"message":"Concurrency control for download: Decreased concurrency from 1 to 1; reason: success ratio below threshold (connection struggling) (success_ratio = 1.000, threshold = 0.500)"},"filename":"D:\\a\\xet-core\\xet-core\\xet_client\\src\\cas_client\\adaptive_concurrency\\controller.rs","line_number":586}
{"timestamp":"2026-09-03T18:33:55.978716Z","level":"INFO","fields":{"message":"Concurrency control for download: Decreased concurrency from 1 to 1; reason: success ratio below threshold (connection struggling) (success_ratio = 1.000, threshold = 0.500)"},"filename":"D:\\a\\xet-core\\xet-core\\xet_client\\src\\cas_client\\adaptive_concurrency\\controller.rs","line_number":586}
{"timestamp":"2026-09-03T18:33:56.616060Z","level":"INFO","fields":{"message":"Concurrency control for download: Decreased concurrency from 1 to 1; reason: success ratio below threshold (connection struggling) (success_ratio = 1.000, threshold = 0.500)"},"filename":"D:\\a\\xet-core\\xet-core\\xet_client\\src\\cas_client\\adaptive_concurrency\\controller.rs","line_number":586}
{"timestamp":"2026-09-03T18:33:57.380416Z","level":"INFO","fields":{"message":"Concurrency control for download: Decreased concurrency from 1 to 1; reason: success ratio below threshold (connection struggling) (success_ratio = 1.000, threshold = 0.500)"},"filename":"D:\\a\\xet-core\\xet-core\\xet_client\\src\\cas_client\\adaptive_concurrency\\controller.rs","line_number":586}
{"timestamp":"2026-09-03T18:33:57.896483Z","level":"INFO","fields":{"message":"Concurrency control for download: Decreased concurrency from 1 to 1; reason: success ratio below threshold (connection struggling) (success_ratio = 1.000, threshold = 0.500)"},"filename":"D:\\a\\xet-core\\xet-core\\xet_client\\src\\cas_client\\adaptive_concurrency\\controller.rs","line_number":586}
{"timestamp":"2026-09-03T18:33:58.592966Z","level":"INFO","fields":{"message":"Concurrency control for download: Decreased concurrency from 1 to 1; reason: success ratio below threshold (connection struggling) (success_ratio = 1.000, threshold = 0.500)"},"filename":"D:\\a\\xet-core\\xet-core\\xet_client\\src\\cas_client\\adaptive_concurrency\\controller.rs","line_number":586}
{"timestamp":"2026-09-03T18:33:59.121942Z","level":"INFO","fields":{"message":"Concurrency control for download: Decreased concurrency from 1 to 1; reason: success ratio below threshold (connection struggling) (success_ratio = 1.000, threshold = 0.500)"},"filename":"D:\\a\\xet-core\\xet-core\\xet_client\\src\\cas_client\\adaptive_concurrency\\controller.rs","line_number":586}
{"timestamp":"2026-09-03T18:33:59.791658Z","level":"INFO","fields":{"message":"Concurrency control for download: Decreased concurrency from 1 to 1; reason: success ratio below threshold (connection struggling) (success_ratio = 1.000, threshold = 0.500)"},"filename":"D:\\a\\xet-core\\xet-core\\xet_client\\src\\cas_client\\adaptive_concurrency\\controller.rs","line_number":586}
{"timestamp":"2026-09-03T18:34:00.354764Z","level":"INFO","fields":{"message":"Concurrency control for download: Decreased concurrency from 1 to 1; reason: success ratio below threshold (connection struggling) (success_ratio = 1.000, threshold = 0.500)"},"filename":"D:\\a\\xet-core\\xet-core\\xet_client\\src\\cas_client\\adaptive_concurrency\\controller.rs","line_number":586}
{"timestamp":"2026-09-03T18:34:00.912255Z","level":"INFO","fields":{"message":"Concurrency control for download: Decreased concurrency from 1 to 1; reason: success ratio below threshold (connection struggling) (success_ratio = 1.000, threshold = 0.500)"},"filename":"D:\\a\\xet-core\\xet-core\\xet_client\\src\\cas_client\\adaptive_concurrency\\controller.rs","line_number":586}
{"timestamp":"2026-09-03T18:34:01.433488Z","level":"INFO","fields":{"message":"Concurrency control for download: Decreased concurrency from 1 to 1; reason: success ratio below threshold (connection struggling) (success_ratio = 1.000, threshold = 0.500)"},"filename":"D:\\a\\xet-core\\xet-core\\xet_client\\src\\cas_client\\adaptive_concurrency\\controller.rs","line_number":586}
{"timestamp":"2026-09-03T18:34:01.953532Z","level":"INFO","fields":{"message":"Concurrency control for download: Decreased concurrency from 1 to 1; reason: success ratio below threshold (connection struggling) (success_ratio = 1.000, threshold = 0.500)"},"filename":"D:\\a\\xet-core\\xet-core\\xet_client\\src\\cas_client\\adaptive_concurrency\\controller.rs","line_number":586}
{"timestamp":"2026-09-03T18:34:02.465011Z","level":"INFO","fields":{"message":"Concurrency control for download: Decreased concurrency from 1 to 1; reason: success ratio below threshold (connection struggling) (success_ratio = 1.000, threshold = 0.500)"},"filename":"D:\\a\\xet-core\\xet-core\\xet_client\\src\\cas_client\\adaptive_concurrency\\controller.rs","line_number":586}
{"timestamp":"2026-09-03T18:34:02.984719Z","level":"INFO","fields":{"message":"Concurrency control for download: Decreased concurrency from 1 to 1; reason: success ratio below threshold (connection struggling) (success_ratio = 1.000, threshold = 0.500)"},"filename":"D:\\a\\xet-core\\xet-core\\xet_client\\src\\cas_client\\adaptive_concurrency\\controller.rs","line_number":586}
{"timestamp":"2026-09-03T18:34:03.516895Z","level":"INFO","fields":{"message":"Concurrency control for download: Decreased concurrency from 1 to 1; reason: success ratio below threshold (connection struggling) (success_ratio = 1.000, threshold = 0.500)"},"filename":"D:\\a\\xet-core\\xet-core\\xet_client\\src\\cas_client\\adaptive_concurrency\\controller.rs","line_number":586}
{"timestamp":"2026-09-03T18:34:04.021650Z","level":"INFO","fields":{"message":"Concurrency control for download: Decreased concurrency from 1 to 1; reason: success ratio below threshold (connection struggling) (success_ratio = 1.000, threshold = 0.500)"},"filename":"D:\\a\\xet-core\\xet-core\\xet_client\\src\\cas_client\\adaptive_concurrency\\controller.rs","line_number":586}
{"timestamp":"2026-09-03T18:34:04.561802Z","level":"INFO","fields":{"message":"Concurrency control for download: Decreased concurrency from 1 to 1; reason: success ratio below threshold (connection struggling) (success_ratio = 1.000, threshold = 0.500)"},"filename":"D:\\a\\xet-core\\xet-core\\xet_client\\src\\cas_client\\adaptive_concurrency\\controller.rs","line_number":586}
{"timestamp":"2026-09-03T18:34:05.134039Z","level":"INFO","fields":{"message":"Concurrency control for download: Decreased concurrency from 1 to 1; reason: success ratio below threshold (connection struggling) (success_ratio = 1.000, threshold = 0.500)"},"filename":"D:\\a\\xet-core\\xet-core\\xet_client\\src\\cas_client\\adaptive_concurrency\\controller.rs","line_number":586}
{"timestamp":"2026-09-03T18:34:05.475749Z","level":"INFO","fields":{"message":"Concurrency control for download: Current concurrency = 1; predicted bandwidth = 146236; success_ratio = 1.000; reference_size = 57.3MB; observed bytes sent so far = 304838232; completed transmissions = 10"},"filename":"D:\\a\\xet-core\\xet-core\\xet_client\\src\\cas_client\\adaptive_concurrency\\controller.rs","line_number":602}
{"timestamp":"2026-09-03T18:34:05.658156Z","level":"INFO","fields":{"message":"Concurrency control for download: Decreased concurrency from 1 to 1; reason: success ratio below threshold (connection struggling) (success_ratio = 1.000, threshold = 0.500)"},"filename":"D:\\a\\xet-core\\xet-core\\xet_client\\src\\cas_client\\adaptive_concurrency\\controller.rs","line_number":586}
{"timestamp":"2026-09-03T18:34:06.202560Z","level":"INFO","fields":{"message":"Concurrency control for download: Decreased concurrency from 1 to 1; reason: success ratio below threshold (connection struggling) (success_ratio = 1.000, threshold = 0.500)"},"filename":"D:\\a\\xet-core\\xet-core\\xet_client\\src\\cas_client\\adaptive_concurrency\\controller.rs","line_number":586}
{"timestamp":"2026-09-03T18:34:06.791383Z","level":"INFO","fields":{"message":"Concurrency control for download: Decreased concurrency from 1 to 1; reason: success ratio below threshold (connection struggling) (success_ratio = 1.000, threshold = 0.500)"},"filename":"D:\\a\\xet-core\\xet-core\\xet_client\\src\\cas_client\\adaptive_concurrency\\controller.rs","line_number":586}
{"timestamp":"2026-09-03T18:34:07.354141Z","level":"INFO","fields":{"message":"Concurrency control for download: Decreased concurrency from 1 to 1; reason: success ratio below threshold (connection struggling) (success_ratio = 1.000, threshold = 0.500)"},"filename":"D:\\a\\xet-core\\xet-core\\xet_client\\src\\cas_client\\adaptive_concurrency\\controller.rs","line_number":586}
{"timestamp":"2026-09-03T18:34:07.915430Z","level":"INFO","fields":{"message":"Concurrency control for download: Decreased concurrency from 1 to 1; reason: success ratio below threshold (connection struggling) (success_ratio = 1.000, threshold = 0.500)"},"filename":"D:\\a\\xet-core\\xet-core\\xet_client\\src\\cas_client\\adaptive_concurrency\\controller.rs","line_number":586}
{"timestamp":"2026-09-03T18:34:08.505799Z","level":"INFO","fields":{"message":"Concurrency control for download: Decreased concurrency from 1 to 1; reason: success ratio below threshold (connection struggling) (success_ratio = 1.000, threshold = 0.500)"},"filename":"D:\\a\\xet-core\\xet-core\\xet_client\\src\\cas_client\\adaptive_concurrency\\controller.rs","line_number":586}
{"timestamp":"2026-09-03T18:34:09.018761Z","level":"INFO","fields":{"message":"Concurrency control for download: Decreased concurrency from 1 to 1; reason: success ratio below threshold (connection struggling) (success_ratio = 1.000, threshold = 0.500)"},"filename":"D:\\a\\xet-core\\xet-core\\xet_client\\src\\cas_client\\adaptive_concurrency\\controller.rs","line_number":586}
{"timestamp":"2026-09-03T18:34:09.589498Z","level":"INFO","fields":{"message":"Concurrency control for download: Decreased concurrency from 1 to 1; reason: success ratio below threshold (connection struggling) (success_ratio = 1.000, threshold = 0.500)"},"filename":"D:\\a\\xet-core\\xet-core\\xet_client\\src\\cas_client\\adaptive_concurrency\\controller.rs","line_number":586}
{"timestamp":"2026-09-03T18:34:10.268504Z","level":"INFO","fields":{"message":"Concurrency control for download: Decreased concurrency from 1 to 1; reason: success ratio below threshold (connection struggling) (success_ratio = 1.000, threshold = 0.500)"},"filename":"D:\\a\\xet-core\\xet-core\\xet_client\\src\\cas_client\\adaptive_concurrency\\controller.rs","line_number":586}
{"timestamp":"2026-09-03T18:34:10.805618Z","level":"INFO","fields":{"message":"Concurrency control for download: Decreased concurrency from 1 to 1; reason: success ratio below threshold (connection struggling) (success_ratio = 1.000, threshold = 0.500)"},"filename":"D:\\a\\xet-core\\xet-core\\xet_client\\src\\cas_client\\adaptive_concurrency\\controller.rs","line_number":586}
{"timestamp":"2026-09-03T18:34:11.418384Z","level":"INFO","fields":{"message":"Concurrency control for download: Decreased concurrency from 1 to 1; reason: success ratio below threshold (connection struggling) (success_ratio = 1.000, threshold = 0.500)"},"filename":"D:\\a\\xet-core\\xet-core\\xet_client\\src\\cas_client\\adaptive_concurrency\\controller.rs","line_number":586}
{"timestamp":"2026-09-03T18:34:11.960106Z","level":"INFO","fields":{"message":"Concurrency control for download: Decreased concurrency from 1 to 1; reason: success ratio below threshold (connection struggling) (success_ratio = 1.000, threshold = 0.500)"},"filename":"D:\\a\\xet-core\\xet-core\\xet_client\\src\\cas_client\\adaptive_concurrency\\controller.rs","line_number":586}
{"timestamp":"2026-09-03T18:34:12.519841Z","level":"INFO","fields":{"message":"Concurrency control for download: Decreased concurrency from 1 to 1; reason: success ratio below threshold (connection struggling) (success_ratio = 1.000, threshold = 0.500)"},"filename":"D:\\a\\xet-core\\xet-core\\xet_client\\src\\cas_client\\adaptive_concurrency\\controller.rs","line_number":586}
{"timestamp":"2026-09-03T18:34:13.116942Z","level":"INFO","fields":{"message":"Concurrency control for download: Decreased concurrency from 1 to 1; reason: success ratio below threshold (connection struggling) (success_ratio = 1.000, threshold = 0.500)"},"filename":"D:\\a\\xet-core\\xet-core\\xet_client\\src\\cas_client\\adaptive_concurrency\\controller.rs","line_number":586}
{"timestamp":"2026-09-03T18:34:13.690768Z","level":"INFO","fields":{"message":"Concurrency control for download: Decreased concurrency from 1 to 1; reason: success ratio below threshold (connection struggling) (success_ratio = 1.000, threshold = 0.500)"},"filename":"D:\\a\\xet-core\\xet-core\\xet_client\\src\\cas_client\\adaptive_concurrency\\controller.rs","line_number":586}
{"timestamp":"2026-09-03T18:34:14.284146Z","level":"INFO","fields":{"message":"Concurrency control for download: Decreased concurrency from 1 to 1; reason: success ratio below threshold (connection struggling) (success_ratio = 1.000, threshold = 0.500)"},"filename":"D:\\a\\xet-core\\xet-core\\xet_client\\src\\cas_client\\adaptive_concurrency\\controller.rs","line_number":586}
{"timestamp":"2026-09-03T18:34:14.820537Z","level":"INFO","fields":{"message":"Concurrency control for download: Decreased concurrency from 1 to 1; reason: success ratio below threshold (connection struggling) (success_ratio = 1.000, threshold = 0.500)"},"filename":"D:\\a\\xet-core\\xet-core\\xet_client\\src\\cas_client\\adaptive_concurrency\\controller.rs","line_number":586}
{"timestamp":"2026-09-03T18:34:15.381992Z","level":"INFO","fields":{"message":"Concurrency control for download: Decreased concurrency from 1 to 1; reason: success ratio below threshold (connection struggling) (success_ratio = 1.000, threshold = 0.500)"},"filename":"D:\\a\\xet-core\\xet-core\\xet_client\\src\\cas_client\\adaptive_concurrency\\controller.rs","line_number":586}
{"timestamp":"2026-09-03T18:34:15.559777Z","level":"INFO","fields":{"message":"Concurrency control for download: Current concurrency = 1; predicted bandwidth = 115360; success_ratio = 1.000; reference_size = 57.3MB; observed bytes sent so far = 312882776; completed transmissions = 10"},"filename":"D:\\a\\xet-core\\xet-core\\xet_client\\src\\cas_client\\adaptive_concurrency\\controller.rs","line_number":602}
{"timestamp":"2026-09-03T18:34:15.891355Z","level":"INFO","fields":{"message":"Concurrency control for download: Decreased concurrency from 1 to 1; reason: success ratio below threshold (connection struggling) (success_ratio = 1.000, threshold = 0.500)"},"filename":"D:\\a\\xet-core\\xet-core\\xet_client\\src\\cas_client\\adaptive_concurrency\\controller.rs","line_number":586}
{"timestamp":"2026-09-03T18:34:16.506140Z","level":"INFO","fields":{"message":"Concurrency control for download: Decreased concurrency from 1 to 1; reason: success ratio below threshold (connection struggling) (success_ratio = 1.000, threshold = 0.500)"},"filename":"D:\\a\\xet-core\\xet-core\\xet_client\\src\\cas_client\\adaptive_concurrency\\controller.rs","line_number":586}
{"timestamp":"2026-09-03T18:34:17.010977Z","level":"INFO","fields":{"message":"Concurrency control for download: Decreased concurrency from 1 to 1; reason: success ratio below threshold (connection struggling) (success_ratio = 1.000, threshold = 0.500)"},"filename":"D:\\a\\xet-core\\xet-core\\xet_client\\src\\cas_client\\adaptive_concurrency\\controller.rs","line_number":586}
{"timestamp":"2026-09-03T18:34:17.689820Z","level":"INFO","fields":{"message":"Concurrency control for download: Decreased concurrency from 1 to 1; reason: success ratio below threshold (connection struggling) (success_ratio = 1.000, threshold = 0.500)"},"filename":"D:\\a\\xet-core\\xet-core\\xet_client\\src\\cas_client\\adaptive_concurrency\\controller.rs","line_number":586}
{"timestamp":"2026-09-03T18:34:18.228507Z","level":"INFO","fields":{"message":"Concurrency control for download: Decreased concurrency from 1 to 1; reason: success ratio below threshold (connection struggling) (success_ratio = 1.000, threshold = 0.500)"},"filename":"D:\\a\\xet-core\\xet-core\\xet_client\\src\\cas_client\\adaptive_concurrency\\controller.rs","line_number":586}
{"timestamp":"2026-09-03T18:34:18.749843Z","level":"INFO","fields":{"message":"Concurrency control for download: Decreased concurrency from 1 to 1; reason: success ratio below threshold (connection struggling) (success_ratio = 1.000, threshold = 0.500)"},"filename":"D:\\a\\xet-core\\xet-core\\xet_client\\src\\cas_client\\adaptive_concurrency\\controller.rs","line_number":586}
{"timestamp":"2026-09-03T18:34:19.271563Z","level":"INFO","fields":{"message":"Concurrency control for download: Decreased concurrency from 1 to 1; reason: success ratio below threshold (connection struggling) (success_ratio = 1.000, threshold = 0.500)"},"filename":"D:\\a\\xet-core\\xet-core\\xet_client\\src\\cas_client\\adaptive_concurrency\\controller.rs","line_number":586}
{"timestamp":"2026-09-03T18:34:20.442721Z","level":"INFO","fields":{"message":"Concurrency control for download: Decreased concurrency from 1 to 1; reason: success ratio below threshold (connection struggling) (success_ratio = 1.000, threshold = 0.500)"},"filename":"D:\\a\\xet-core\\xet-core\\xet_client\\src\\cas_client\\adaptive_concurrency\\controller.rs","line_number":586}
{"timestamp":"2026-09-03T18:34:20.989435Z","level":"INFO","fields":{"message":"Concurrency control for download: Decreased concurrency from 1 to 1; reason: success ratio below threshold (connection struggling) (success_ratio = 1.000, threshold = 0.500)"},"filename":"D:\\a\\xet-core\\xet-core\\xet_client\\src\\cas_client\\adaptive_concurrency\\controller.rs","line_number":586}
{"timestamp":"2026-09-03T18:34:21.550356Z","level":"INFO","fields":{"message":"Concurrency control for download: Decreased concurrency from 1 to 1; reason: success ratio below threshold (connection struggling) (success_ratio = 1.000, threshold = 0.500)"},"filename":"D:\\a\\xet-core\\xet-core\\xet_client\\src\\cas_client\\adaptive_concurrency\\controller.rs","line_number":586}
{"timestamp":"2026-09-03T18:34:22.085066Z","level":"INFO","fields":{"message":"Concurrency control for download: Decreased concurrency from 1 to 1; reason: success ratio below threshold (connection struggling) (success_ratio = 1.000, threshold = 0.500)"},"filename":"D:\\a\\xet-core\\xet-core\\xet_client\\src\\cas_client\\adaptive_concurrency\\controller.rs","line_number":586}
{"timestamp":"2026-09-03T18:34:22.630569Z","level":"INFO","fields":{"message":"Concurrency control for download: Decreased concurrency from 1 to 1; reason: success ratio below threshold (connection struggling) (success_ratio = 1.000, threshold = 0.500)"},"filename":"D:\\a\\xet-core\\xet-core\\xet_client\\src\\cas_client\\adaptive_concurrency\\controller.rs","line_number":586}
{"timestamp":"2026-09-03T18:34:23.140736Z","level":"INFO","fields":{"message":"Concurrency control for download: Decreased concurrency from 1 to 1; reason: success ratio below threshold (connection struggling) (success_ratio = 1.000, threshold = 0.500)"},"filename":"D:\\a\\xet-core\\xet-core\\xet_client\\src\\cas_client\\adaptive_concurrency\\controller.rs","line_number":586}
{"timestamp":"2026-09-03T18:34:23.836996Z","level":"INFO","fields":{"message":"Concurrency control for download: Decreased concurrency from 1 to 1; reason: success ratio below threshold (connection struggling) (success_ratio = 1.000, threshold = 0.500)"},"filename":"D:\\a\\xet-core\\xet-core\\xet_client\\src\\cas_client\\adaptive_concurrency\\controller.rs","line_number":586}
{"timestamp":"2026-09-03T18:34:24.356267Z","level":"INFO","fields":{"message":"Concurrency control for download: Decreased concurrency from 1 to 1; reason: success ratio below threshold (connection struggling) (success_ratio = 1.000, threshold = 0.500)"},"filename":"D:\\a\\xet-core\\xet-core\\xet_client\\src\\cas_client\\adaptive_concurrency\\controller.rs","line_number":586}
{"timestamp":"2026-09-03T18:34:25.064084Z","level":"INFO","fields":{"message":"Concurrency control for download: Decreased concurrency from 1 to 1; reason: success ratio below threshold (connection struggling) (success_ratio = 1.000, threshold = 0.500)"},"filename":"D:\\a\\xet-core\\xet-core\\xet_client\\src\\cas_client\\adaptive_concurrency\\controller.rs","line_number":586}
{"timestamp":"2026-09-03T18:34:25.735160Z","level":"INFO","fields":{"message":"Concurrency control for download: Decreased concurrency from 1 to 1; reason: success ratio below threshold (connection struggling) (success_ratio = 1.000, threshold = 0.500)"},"filename":"D:\\a\\xet-core\\xet-core\\xet_client\\src\\cas_client\\adaptive_concurrency\\controller.rs","line_number":586}
{"timestamp":"2026-09-03T18:34:25.735186Z","level":"INFO","fields":{"message":"Concurrency control for download: Current concurrency = 1; predicted bandwidth = 40314; success_ratio = 1.000; reference_size = 58.8MB; observed bytes sent so far = 321162394; completed transmissions = 12"},"filename":"D:\\a\\xet-core\\xet-core\\xet_client\\src\\cas_client\\adaptive_concurrency\\controller.rs","line_number":602}
{"timestamp":"2026-09-03T18:34:26.328025Z","level":"INFO","fields":{"message":"Concurrency control for download: Decreased concurrency from 1 to 1; reason: success ratio below threshold (connection struggling) (success_ratio = 1.000, threshold = 0.500)"},"filename":"D:\\a\\xet-core\\xet-core\\xet_client\\src\\cas_client\\adaptive_concurrency\\controller.rs","line_number":586}
{"timestamp":"2026-09-03T18:34:26.843900Z","level":"INFO","fields":{"message":"Concurrency control for download: Decreased concurrency from 1 to 1; reason: success ratio below threshold (connection struggling) (success_ratio = 1.000, threshold = 0.500)"},"filename":"D:\\a\\xet-core\\xet-core\\xet_client\\src\\cas_client\\adaptive_concurrency\\controller.rs","line_number":586}
{"timestamp":"2026-09-03T18:34:27.408950Z","level":"INFO","fields":{"message":"Concurrency control for download: Decreased concurrency from 1 to 1; reason: success ratio below threshold (connection struggling) (success_ratio = 1.000, threshold = 0.500)"},"filename":"D:\\a\\xet-core\\xet-core\\xet_client\\src\\cas_client\\adaptive_concurrency\\controller.rs","line_number":586}
{"timestamp":"2026-09-03T18:34:28.087371Z","level":"INFO","fields":{"message":"Concurrency control for download: Decreased concurrency from 1 to 1; reason: success ratio below threshold (connection struggling) (success_ratio = 1.000, threshold = 0.500)"},"filename":"D:\\a\\xet-core\\xet-core\\xet_client\\src\\cas_client\\adaptive_concurrency\\controller.rs","line_number":586}
{"timestamp":"2026-09-03T18:34:28.706291Z","level":"INFO","fields":{"message":"Concurrency control for download: Decreased concurrency from 1 to 1; reason: success ratio below threshold (connection struggling) (success_ratio = 1.000, threshold = 0.500)"},"filename":"D:\\a\\xet-core\\xet-core\\xet_client\\src\\cas_client\\adaptive_concurrency\\controller.rs","line_number":586}
{"timestamp":"2026-09-03T18:34:29.451694Z","level":"INFO","fields":{"message":"Concurrency control for download: Decreased concurrency from 1 to 1; reason: success ratio below threshold (connection struggling) (success_ratio = 1.000, threshold = 0.500)"},"filename":"D:\\a\\xet-core\\xet-core\\xet_client\\src\\cas_client\\adaptive_concurrency\\controller.rs","line_number":586}
{"timestamp":"2026-09-03T18:34:30.138073Z","level":"INFO","fields":{"message":"Concurrency control for download: Decreased concurrency from 1 to 1; reason: success ratio below threshold (connection struggling) (success_ratio = 1.000, threshold = 0.500)"},"filename":"D:\\a\\xet-core\\xet-core\\xet_client\\src\\cas_client\\adaptive_concurrency\\controller.rs","line_number":586}
{"timestamp":"2026-09-03T18:34:30.820140Z","level":"INFO","fields":{"message":"Concurrency control for download: Decreased concurrency from 1 to 1; reason: success ratio below threshold (connection struggling) (success_ratio = 1.000, threshold = 0.500)"},"filename":"D:\\a\\xet-core\\xet-core\\xet_client\\src\\cas_client\\adaptive_concurrency\\controller.rs","line_number":586}
{"timestamp":"2026-09-03T18:34:31.580302Z","level":"INFO","fields":{"message":"Concurrency control for download: Decreased concurrency from 1 to 1; reason: success ratio below threshold (connection struggling) (success_ratio = 1.000, threshold = 0.500)"},"filename":"D:\\a\\xet-core\\xet-core\\xet_client\\src\\cas_client\\adaptive_concurrency\\controller.rs","line_number":586}
{"timestamp":"2026-09-03T18:34:32.264868Z","level":"INFO","fields":{"message":"Concurrency control for download: Decreased concurrency from 1 to 1; reason: success ratio below threshold (connection struggling) (success_ratio = 1.000, threshold = 0.500)"},"filename":"D:\\a\\xet-core\\xet-core\\xet_client\\src\\cas_client\\adaptive_concurrency\\controller.rs","line_number":586}
{"timestamp":"2026-09-03T18:34:32.970295Z","level":"INFO","fields":{"message":"Concurrency control for download: Decreased concurrency from 1 to 1; reason: success ratio below threshold (connection struggling) (success_ratio = 1.000, threshold = 0.500)"},"filename":"D:\\a\\xet-core\\xet-core\\xet_client\\src\\cas_client\\adaptive_concurrency\\controller.rs","line_number":586}
{"timestamp":"2026-09-03T18:34:33.620955Z","level":"INFO","fields":{"message":"Concurrency control for download: Decreased concurrency from 1 to 1; reason: success ratio below threshold (connection struggling) (success_ratio = 1.000, threshold = 0.500)"},"filename":"D:\\a\\xet-core\\xet-core\\xet_client\\src\\cas_client\\adaptive_concurrency\\controller.rs","line_number":586}
{"timestamp":"2026-09-03T18:34:34.367670Z","level":"INFO","fields":{"message":"Concurrency control for download: Decreased concurrency from 1 to 1; reason: success ratio below threshold (connection struggling) (success_ratio = 1.000, threshold = 0.500)"},"filename":"D:\\a\\xet-core\\xet-core\\xet_client\\src\\cas_client\\adaptive_concurrency\\controller.rs","line_number":586}
{"timestamp":"2026-09-03T18:34:35.036620Z","level":"INFO","fields":{"message":"Concurrency control for download: Decreased concurrency from 1 to 1; reason: success ratio below threshold (connection struggling) (success_ratio = 1.000, threshold = 0.500)"},"filename":"D:\\a\\xet-core\\xet-core\\xet_client\\src\\cas_client\\adaptive_concurrency\\controller.rs","line_number":586}
{"timestamp":"2026-09-03T18:34:35.611417Z","level":"INFO","fields":{"message":"Concurrency control for download: Decreased concurrency from 1 to 1; reason: success ratio below threshold (connection struggling) (success_ratio = 1.000, threshold = 0.500)"},"filename":"D:\\a\\xet-core\\xet-core\\xet_client\\src\\cas_client\\adaptive_concurrency\\controller.rs","line_number":586}
{"timestamp":"2026-09-03T18:34:35.880990Z","level":"INFO","fields":{"message":"Concurrency control for download: Current concurrency = 1; predicted bandwidth = 41032; success_ratio = 1.000; reference_size = 58.7MB; observed bytes sent so far = 328545821; completed transmissions = 13"},"filename":"D:\\a\\xet-core\\xet-core\\xet_client\\src\\cas_client\\adaptive_concurrency\\controller.rs","line_number":602}
{"timestamp":"2026-09-03T18:34:36.464282Z","level":"INFO","fields":{"message":"Concurrency control for download: Decreased concurrency from 1 to 1; reason: success ratio below threshold (connection struggling) (success_ratio = 1.000, threshold = 0.500)"},"filename":"D:\\a\\xet-core\\xet-core\\xet_client\\src\\cas_client\\adaptive_concurrency\\controller.rs","line_number":586}
{"timestamp":"2026-09-03T18:34:37.135173Z","level":"INFO","fields":{"message":"Concurrency control for download: Decreased concurrency from 1 to 1; reason: success ratio below threshold (connection struggling) (success_ratio = 1.000, threshold = 0.500)"},"filename":"D:\\a\\xet-core\\xet-core\\xet_client\\src\\cas_client\\adaptive_concurrency\\controller.rs","line_number":586}
{"timestamp":"2026-09-03T18:34:37.797209Z","level":"INFO","fields":{"message":"Concurrency control for download: Decreased concurrency from 1 to 1; reason: success ratio below threshold (connection struggling) (success_ratio = 1.000, threshold = 0.500)"},"filename":"D:\\a\\xet-core\\xet-core\\xet_client\\src\\cas_client\\adaptive_concurrency\\controller.rs","line_number":586}
{"timestamp":"2026-09-03T18:34:38.570734Z","level":"INFO","fields":{"message":"Concurrency control for download: Decreased concurrency from 1 to 1; reason: success ratio below threshold (connection struggling) (success_ratio = 1.000, threshold = 0.500)"},"filename":"D:\\a\\xet-core\\xet-core\\xet_client\\src\\cas_client\\adaptive_concurrency\\controller.rs","line_number":586}
{"timestamp":"2026-09-03T18:34:39.075625Z","level":"INFO","fields":{"message":"Concurrency control for download: Decreased concurrency from 1 to 1; reason: success ratio below threshold (connection struggling) (success_ratio = 1.000, threshold = 0.500)"},"filename":"D:\\a\\xet-core\\xet-core\\xet_client\\src\\cas_client\\adaptive_concurrency\\controller.rs","line_number":586}
{"timestamp":"2026-09-03T18:34:39.581820Z","level":"INFO","fields":{"message":"Concurrency control for download: Decreased concurrency from 1 to 1; reason: success ratio below threshold (connection struggling) (success_ratio = 1.000, threshold = 0.500)"},"filename":"D:\\a\\xet-core\\xet-core\\xet_client\\src\\cas_client\\adaptive_concurrency\\controller.rs","line_number":586}
{"timestamp":"2026-09-03T18:34:40.260442Z","level":"INFO","fields":{"message":"Concurrency control for download: Decreased concurrency from 1 to 1; reason: success ratio below threshold (connection struggling) (success_ratio = 1.000, threshold = 0.500)"},"filename":"D:\\a\\xet-core\\xet-core\\xet_client\\src\\cas_client\\adaptive_concurrency\\controller.rs","line_number":586}
{"timestamp":"2026-09-03T18:34:40.958302Z","level":"INFO","fields":{"message":"Concurrency control for download: Decreased concurrency from 1 to 1; reason: success ratio below threshold (connection struggling) (success_ratio = 1.000, threshold = 0.500)"},"filename":"D:\\a\\xet-core\\xet-core\\xet_client\\src\\cas_client\\adaptive_concurrency\\controller.rs","line_number":586}
{"timestamp":"2026-09-03T18:34:41.644560Z","level":"INFO","fields":{"message":"Concurrency control for download: Decreased concurrency from 1 to 1; reason: success ratio below threshold (connection struggling) (success_ratio = 1.000, threshold = 0.500)"},"filename":"D:\\a\\xet-core\\xet-core\\xet_client\\src\\cas_client\\adaptive_concurrency\\controller.rs","line_number":586}
{"timestamp":"2026-09-03T18:34:42.439114Z","level":"INFO","fields":{"message":"Concurrency control for download: Decreased concurrency from 1 to 1; reason: success ratio below threshold (connection struggling) (success_ratio = 1.000, threshold = 0.500)"},"filename":"D:\\a\\xet-core\\xet-core\\xet_client\\src\\cas_client\\adaptive_concurrency\\controller.rs","line_number":586}
{"timestamp":"2026-09-03T18:34:43.085662Z","level":"INFO","fields":{"message":"Concurrency control for download: Decreased concurrency from 1 to 1; reason: success ratio below threshold (connection struggling) (success_ratio = 1.000, threshold = 0.500)"},"filename":"D:\\a\\xet-core\\xet-core\\xet_client\\src\\cas_client\\adaptive_concurrency\\controller.rs","line_number":586}
{"timestamp":"2026-09-03T18:34:43.766507Z","level":"INFO","fields":{"message":"Concurrency control for download: Decreased concurrency from 1 to 1; reason: success ratio below threshold (connection struggling) (success_ratio = 1.000, threshold = 0.500)"},"filename":"D:\\a\\xet-core\\xet-core\\xet_client\\src\\cas_client\\adaptive_concurrency\\controller.rs","line_number":586}
{"timestamp":"2026-09-03T18:34:44.454500Z","level":"INFO","fields":{"message":"Concurrency control for download: Decreased concurrency from 1 to 1; reason: success ratio below threshold (connection struggling) (success_ratio = 1.000, threshold = 0.500)"},"filename":"D:\\a\\xet-core\\xet-core\\xet_client\\src\\cas_client\\adaptive_concurrency\\controller.rs","line_number":586}
{"timestamp":"2026-09-03T18:34:45.096377Z","level":"INFO","fields":{"message":"Concurrency control for download: Decreased concurrency from 1 to 1; reason: success ratio below threshold (connection struggling) (success_ratio = 1.000, threshold = 0.500)"},"filename":"D:\\a\\xet-core\\xet-core\\xet_client\\src\\cas_client\\adaptive_concurrency\\controller.rs","line_number":586}
{"timestamp":"2026-09-03T18:34:45.786531Z","level":"INFO","fields":{"message":"Concurrency control for download: Decreased concurrency from 1 to 1; reason: success ratio below threshold (connection struggling) (success_ratio = 1.000, threshold = 0.500)"},"filename":"D:\\a\\xet-core\\xet-core\\xet_client\\src\\cas_client\\adaptive_concurrency\\controller.rs","line_number":586}
{"timestamp":"2026-09-03T18:34:46.000970Z","level":"INFO","fields":{"message":"Concurrency control for download: Current concurrency = 1; predicted bandwidth = 41039; success_ratio = 1.000; reference_size = 58.7MB; observed bytes sent so far = 333395485; completed transmissions = 13"},"filename":"D:\\a\\xet-core\\xet-core\\xet_client\\src\\cas_client\\adaptive_concurrency\\controller.rs","line_number":602}
{"timestamp":"2026-09-03T18:34:46.379059Z","level":"INFO","fields":{"message":"Concurrency control for download: Decreased concurrency from 1 to 1; reason: success ratio below threshold (connection struggling) (success_ratio = 1.000, threshold = 0.500)"},"filename":"D:\\a\\xet-core\\xet-core\\xet_client\\src\\cas_client\\adaptive_concurrency\\controller.rs","line_number":586}
{"timestamp":"2026-09-03T18:34:46.913982Z","level":"INFO","fields":{"message":"Concurrency control for download: Decreased concurrency from 1 to 1; reason: success ratio below threshold (connection struggling) (success_ratio = 1.000, threshold = 0.500)"},"filename":"D:\\a\\xet-core\\xet-core\\xet_client\\src\\cas_client\\adaptive_concurrency\\controller.rs","line_number":586}
{"timestamp":"2026-09-03T18:34:47.562994Z","level":"INFO","fields":{"message":"Concurrency control for download: Decreased concurrency from 1 to 1; reason: success ratio below threshold (connection struggling) (success_ratio = 1.000, threshold = 0.500)"},"filename":"D:\\a\\xet-core\\xet-core\\xet_client\\src\\cas_client\\adaptive_concurrency\\controller.rs","line_number":586}
{"timestamp":"2026-09-03T18:34:48.206834Z","level":"INFO","fields":{"message":"Concurrency control for download: Decreased concurrency from 1 to 1; reason: success ratio below threshold (connection struggling) (success_ratio = 1.000, threshold = 0.500)"},"filename":"D:\\a\\xet-core\\xet-core\\xet_client\\src\\cas_client\\adaptive_concurrency\\controller.rs","line_number":586}
{"timestamp":"2026-09-03T18:34:48.943887Z","level":"INFO","fields":{"message":"Concurrency control for download: Decreased concurrency from 1 to 1; reason: success ratio below threshold (connection struggling) (success_ratio = 1.000, threshold = 0.500)"},"filename":"D:\\a\\xet-core\\xet-core\\xet_client\\src\\cas_client\\adaptive_concurrency\\controller.rs","line_number":586}
{"timestamp":"2026-09-03T18:34:49.764871Z","level":"INFO","fields":{"message":"Concurrency control for download: Decreased concurrency from 1 to 1; reason: success ratio below threshold (connection struggling) (success_ratio = 1.000, threshold = 0.500)"},"filename":"D:\\a\\xet-core\\xet-core\\xet_client\\src\\cas_client\\adaptive_concurrency\\controller.rs","line_number":586}
{"timestamp":"2026-09-03T18:34:50.378843Z","level":"INFO","fields":{"message":"Concurrency control for download: Decreased concurrency from 1 to 1; reason: success ratio below threshold (connection struggling) (success_ratio = 1.000, threshold = 0.500)"},"filename":"D:\\a\\xet-core\\xet-core\\xet_client\\src\\cas_client\\adaptive_concurrency\\controller.rs","line_number":586}
{"timestamp":"2026-09-03T18:34:51.028724Z","level":"INFO","fields":{"message":"Concurrency control for download: Decreased concurrency from 1 to 1; reason: success ratio below threshold (connection struggling) (success_ratio = 1.000, threshold = 0.500)"},"filename":"D:\\a\\xet-core\\xet-core\\xet_client\\src\\cas_client\\adaptive_concurrency\\controller.rs","line_number":586}
{"timestamp":"2026-09-03T18:34:51.674650Z","level":"INFO","fields":{"message":"Concurrency control for download: Decreased concurrency from 1 to 1; reason: success ratio below threshold (connection struggling) (success_ratio = 1.000, threshold = 0.500)"},"filename":"D:\\a\\xet-core\\xet-core\\xet_client\\src\\cas_client\\adaptive_concurrency\\controller.rs","line_number":586}
{"timestamp":"2026-09-03T18:34:52.386962Z","level":"INFO","fields":{"message":"Concurrency control for download: Decreased concurrency from 1 to 1; reason: success ratio below threshold (connection struggling) (success_ratio = 1.000, threshold = 0.500)"},"filename":"D:\\a\\xet-core\\xet-core\\xet_client\\src\\cas_client\\adaptive_concurrency\\controller.rs","line_number":586}
{"timestamp":"2026-09-03T18:34:52.994485Z","level":"INFO","fields":{"message":"Concurrency control for download: Decreased concurrency from 1 to 1; reason: success ratio below threshold (connection struggling) (success_ratio = 1.000, threshold = 0.500)"},"filename":"D:\\a\\xet-core\\xet-core\\xet_client\\src\\cas_client\\adaptive_concurrency\\controller.rs","line_number":586}
{"timestamp":"2026-09-03T18:34:53.610932Z","level":"INFO","fields":{"message":"Concurrency control for download: Decreased concurrency from 1 to 1; reason: success ratio below threshold (connection struggling) (success_ratio = 1.000, threshold = 0.500)"},"filename":"D:\\a\\xet-core\\xet-core\\xet_client\\src\\cas_client\\adaptive_concurrency\\controller.rs","line_number":586}
{"timestamp":"2026-09-03T18:34:54.246515Z","level":"INFO","fields":{"message":"Concurrency control for download: Decreased concurrency from 1 to 1; reason: success ratio below threshold (connection struggling) (success_ratio = 1.000, threshold = 0.500)"},"filename":"D:\\a\\xet-core\\xet-core\\xet_client\\src\\cas_client\\adaptive_concurrency\\controller.rs","line_number":586}
{"timestamp":"2026-09-03T18:34:54.986242Z","level":"INFO","fields":{"message":"Concurrency control for download: Decreased concurrency from 1 to 1; reason: success ratio below threshold (connection struggling) (success_ratio = 1.000, threshold = 0.500)"},"filename":"D:\\a\\xet-core\\xet-core\\xet_client\\src\\cas_client\\adaptive_concurrency\\controller.rs","line_number":586}
{"timestamp":"2026-09-03T18:34:55.713747Z","level":"INFO","fields":{"message":"Concurrency control for download: Decreased concurrency from 1 to 1; reason: success ratio below threshold (connection struggling) (success_ratio = 1.000, threshold = 0.500)"},"filename":"D:\\a\\xet-core\\xet-core\\xet_client\\src\\cas_client\\adaptive_concurrency\\controller.rs","line_number":586}
{"timestamp":"2026-09-03T18:34:56.207151Z","level":"INFO","fields":{"message":"Concurrency control for download: Current concurrency = 1; predicted bandwidth = 39554; success_ratio = 1.000; reference_size = 58.7MB; observed bytes sent so far = 340719133; completed transmissions = 13"},"filename":"D:\\a\\xet-core\\xet-core\\xet_client\\src\\cas_client\\adaptive_concurrency\\controller.rs","line_number":602}
{"timestamp":"2026-09-03T18:34:56.441468Z","level":"INFO","fields":{"message":"Concurrency control for download: Decreased concurrency from 1 to 1; reason: success ratio below threshold (connection struggling) (success_ratio = 1.000, threshold = 0.500)"},"filename":"D:\\a\\xet-core\\xet-core\\xet_client\\src\\cas_client\\adaptive_concurrency\\controller.rs","line_number":586}
{"timestamp":"2026-09-03T18:34:56.987179Z","level":"INFO","fields":{"message":"Concurrency control for download: Decreased concurrency from 1 to 1; reason: success ratio below threshold (connection struggling) (success_ratio = 1.000, threshold = 0.500)"},"filename":"D:\\a\\xet-core\\xet-core\\xet_client\\src\\cas_client\\adaptive_concurrency\\controller.rs","line_number":586}
{"timestamp":"2026-09-03T18:34:57.598370Z","level":"INFO","fields":{"message":"Concurrency control for download: Decreased concurrency from 1 to 1; reason: success ratio below threshold (connection struggling) (success_ratio = 1.000, threshold = 0.500)"},"filename":"D:\\a\\xet-core\\xet-core\\xet_client\\src\\cas_client\\adaptive_concurrency\\controller.rs","line_number":586}
{"timestamp":"2026-09-03T18:34:58.337646Z","level":"INFO","fields":{"message":"Concurrency control for download: Decreased concurrency from 1 to 1; reason: success ratio below threshold (connection struggling) (success_ratio = 1.000, threshold = 0.500)"},"filename":"D:\\a\\xet-core\\xet-core\\xet_client\\src\\cas_client\\adaptive_concurrency\\controller.rs","line_number":586}
{"timestamp":"2026-09-03T18:34:58.870063Z","level":"INFO","fields":{"message":"Concurrency control for download: Decreased concurrency from 1 to 1; reason: success ratio below threshold (connection struggling) (success_ratio = 1.000, threshold = 0.500)"},"filename":"D:\\a\\xet-core\\xet-core\\xet_client\\src\\cas_client\\adaptive_concurrency\\controller.rs","line_number":586}
{"timestamp":"2026-09-03T18:34:59.514131Z","level":"INFO","fields":{"message":"Concurrency control for download: Decreased concurrency from 1 to 1; reason: success ratio below threshold (connection struggling) (success_ratio = 1.000, threshold = 0.500)"},"filename":"D:\\a\\xet-core\\xet-core\\xet_client\\src\\cas_client\\adaptive_concurrency\\controller.rs","line_number":586}
{"timestamp":"2026-09-03T18:35:03.115408Z","level":"INFO","fields":{"message":"Concurrency control for download: Decreased concurrency from 1 to 1; reason: success ratio below threshold (connection struggling) (success_ratio = 1.000, threshold = 0.500)"},"filename":"D:\\a\\xet-core\\xet-core\\xet_client\\src\\cas_client\\adaptive_concurrency\\controller.rs","line_number":586}
{"timestamp":"2026-09-03T18:35:03.720154Z","level":"INFO","fields":{"message":"Concurrency control for download: Decreased concurrency from 1 to 1; reason: success ratio below threshold (connection struggling) (success_ratio = 1.000, threshold = 0.500)"},"filename":"D:\\a\\xet-core\\xet-core\\xet_client\\src\\cas_client\\adaptive_concurrency\\controller.rs","line_number":586}
{"timestamp":"2026-09-03T18:35:05.128287Z","level":"INFO","fields":{"message":"Received CAS response","request_id":"01M1M8V5YWN62C9789A2R9PYYQ","status_code":206},"filename":"D:\\a\\xet-core\\xet-core\\xet_client\\src\\common\\http_client.rs","line_number":288}
{"timestamp":"2026-09-03T18:35:05.128310Z","level":"INFO","fields":{"message":"Request Success: s3::get_range api call succeeded (request id 01M1M8V5YWN62C9789A2R9PYYQ, retry 2)."},"filename":"D:\\a\\xet-core\\xet-core\\xet_client\\src\\cas_client\\retry_wrapper.rs","line_number":237}
{"timestamp":"2026-09-03T18:35:25.989392Z","level":"INFO","fields":{"message":"Concurrency control for download: Current concurrency = 1; predicted bandwidth = 38112; success_ratio = 1.000; reference_size = 58.4MB; observed bytes sent so far = 344839754; completed transmissions = 15"},"filename":"D:\\a\\xet-core\\xet-core\\xet_client\\src\\cas_client\\adaptive_concurrency\\controller.rs","line_number":602}
{"timestamp":"2026-09-03T18:35:36.113494Z","level":"INFO","fields":{"message":"Concurrency control for download: Current concurrency = 1; predicted bandwidth = 54123; success_ratio = 1.000; reference_size = 58.4MB; observed bytes sent so far = 352720458; completed transmissions = 15"},"filename":"D:\\a\\xet-core\\xet-core\\xet_client\\src\\cas_client\\adaptive_concurrency\\controller.rs","line_number":602}
{"timestamp":"2026-09-03T18:35:46.176649Z","level":"INFO","fields":{"message":"Concurrency control for download: Current concurrency = 1; predicted bandwidth = 72488; success_ratio = 1.000; reference_size = 58.4MB; observed bytes sent so far = 361207370; completed transmissions = 15"},"filename":"D:\\a\\xet-core\\xet-core\\xet_client\\src\\cas_client\\adaptive_concurrency\\controller.rs","line_number":602}
{"timestamp":"2026-09-03T18:35:56.247018Z","level":"INFO","fields":{"message":"Concurrency control for download: Current concurrency = 1; predicted bandwidth = 78472; success_ratio = 1.000; reference_size = 58.4MB; observed bytes sent so far = 367646282; completed transmissions = 15"},"filename":"D:\\a\\xet-core\\xet-core\\xet_client\\src\\cas_client\\adaptive_concurrency\\controller.rs","line_number":602}
{"timestamp":"2026-09-03T18:35:59.093364Z","level":"INFO","fields":{"message":"Retry strategy","retry":"RetryWrapper { max_attempts: 5, base_delay: 3s, max_duration: 360s, no_retry_on_429: false, retry_on_403: true, expected_416: false, expected_404: false, log_errors_as_info: false, api_tag: \"s3::get_range\", has_connection_permit: true }"},"filename":"D:\\a\\xet-core\\xet-core\\xet_client\\src\\cas_client\\retry_wrapper.rs","line_number":274}
{"timestamp":"2026-09-03T18:35:59.164232Z","level":"INFO","fields":{"message":"Received CAS response","request_id":"01M1M8WTTKJJBV9FSVFWMGESCE","status_code":206},"filename":"D:\\a\\xet-core\\xet-core\\xet_client\\src\\common\\http_client.rs","line_number":288}
{"timestamp":"2026-09-03T18:35:59.164288Z","level":"INFO","fields":{"message":"Request Success: s3::get_range api call succeeded (request id 01M1M8WTTKJJBV9FSVFWMGESCE)."},"filename":"D:\\a\\xet-core\\xet-core\\xet_client\\src\\cas_client\\retry_wrapper.rs","line_number":237}
{"timestamp":"2026-09-03T18:36:06.285616Z","level":"INFO","fields":{"message":"Concurrency control for download: Current concurrency = 1; predicted bandwidth = 82797; success_ratio = 1.000; reference_size = 58.0MB; observed bytes sent so far = 375019512; completed transmissions = 16"},"filename":"D:\\a\\xet-core\\xet-core\\xet_client\\src\\cas_client\\adaptive_concurrency\\controller.rs","line_number":602}
{"timestamp":"2026-09-03T18:36:16.477271Z","level":"INFO","fields":{"message":"Concurrency control for download: Current concurrency = 1; predicted bandwidth = 147744; success_ratio = 1.000; reference_size = 58.0MB; observed bytes sent so far = 379951096; completed transmissions = 16"},"filename":"D:\\a\\xet-core\\xet-core\\xet_client\\src\\cas_client\\adaptive_concurrency\\controller.rs","line_number":602}
{"timestamp":"2026-09-03T18:36:26.950035Z","level":"INFO","fields":{"message":"Concurrency control for download: Current concurrency = 1; predicted bandwidth = 225667; success_ratio = 1.000; reference_size = 58.0MB; observed bytes sent so far = 386848760; completed transmissions = 16"},"filename":"D:\\a\\xet-core\\xet-core\\xet_client\\src\\cas_client\\adaptive_concurrency\\controller.rs","line_number":602}
{"timestamp":"2026-09-03T18:36:37.165181Z","level":"INFO","fields":{"message":"Concurrency control for download: Current concurrency = 1; predicted bandwidth = 242628; success_ratio = 1.000; reference_size = 58.0MB; observed bytes sent so far = 389470200; completed transmissions = 16"},"filename":"D:\\a\\xet-core\\xet-core\\xet_client\\src\\cas_client\\adaptive_concurrency\\controller.rs","line_number":602}
{"timestamp":"2026-09-03T18:36:47.204621Z","level":"INFO","fields":{"message":"Concurrency control for download: Current concurrency = 1; predicted bandwidth = 245241; success_ratio = 1.000; reference_size = 58.0MB; observed bytes sent so far = 392108024; completed transmissions = 16"},"filename":"D:\\a\\xet-core\\xet-core\\xet_client\\src\\cas_client\\adaptive_concurrency\\controller.rs","line_number":602}
{"timestamp":"2026-09-03T18:36:57.396964Z","level":"INFO","fields":{"message":"Concurrency control for download: Current concurrency = 1; predicted bandwidth = 224167; success_ratio = 1.000; reference_size = 58.0MB; observed bytes sent so far = 401168376; completed transmissions = 16"},"filename":"D:\\a\\xet-core\\xet-core\\xet_client\\src\\cas_client\\adaptive_concurrency\\controller.rs","line_number":602}
{"timestamp":"2026-09-03T18:37:07.602063Z","level":"INFO","fields":{"message":"Concurrency control for download: Current concurrency = 1; predicted bandwidth = 199513; success_ratio = 1.000; reference_size = 58.0MB; observed bytes sent so far = 410064888; completed transmissions = 16"},"filename":"D:\\a\\xet-core\\xet-core\\xet_client\\src\\cas_client\\adaptive_concurrency\\controller.rs","line_number":602}
{"timestamp":"2026-09-03T18:37:17.044416Z","level":"INFO","fields":{"message":"Retry strategy","retry":"RetryWrapper { max_attempts: 5, base_delay: 3s, max_duration: 360s, no_retry_on_429: false, retry_on_403: true, expected_416: false, expected_404: false, log_errors_as_info: false, api_tag: \"s3::get_range\", has_connection_permit: true }"},"filename":"D:\\a\\xet-core\\xet-core\\xet_client\\src\\cas_client\\retry_wrapper.rs","line_number":274}
{"timestamp":"2026-09-03T18:37:17.187122Z","level":"INFO","fields":{"message":"Received CAS response","request_id":"01M1M8Z6YC7C5HJSK8S6W4G9XQ","status_code":206},"filename":"D:\\a\\xet-core\\xet-core\\xet_client\\src\\common\\http_client.rs","line_number":288}
{"timestamp":"2026-09-03T18:37:17.187171Z","level":"INFO","fields":{"message":"Request Success: s3::get_range api call succeeded (request id 01M1M8Z6YC7C5HJSK8S6W4G9XQ)."},"filename":"D:\\a\\xet-core\\xet-core\\xet_client\\src\\cas_client\\retry_wrapper.rs","line_number":237}
{"timestamp":"2026-09-03T18:37:17.700057Z","level":"INFO","fields":{"message":"Concurrency control for download: Current concurrency = 1; predicted bandwidth = 146657; success_ratio = 1.000; reference_size = 57.6MB; observed bytes sent so far = 416321950; completed transmissions = 17"},"filename":"D:\\a\\xet-core\\xet-core\\xet_client\\src\\cas_client\\adaptive_concurrency\\controller.rs","line_number":602}
{"timestamp":"2026-09-03T18:37:27.124197Z","level":"INFO","fields":{"message":"Retry strategy","retry":"RetryWrapper { max_attempts: 5, base_delay: 3s, max_duration: 360s, no_retry_on_429: false, retry_on_403: true, expected_416: false, expected_404: false, log_errors_as_info: false, api_tag: \"s3::get_range\", has_connection_permit: true }"},"filename":"D:\\a\\xet-core\\xet-core\\xet_client\\src\\cas_client\\retry_wrapper.rs","line_number":274}
{"timestamp":"2026-09-03T18:37:27.220103Z","level":"INFO","fields":{"message":"Received CAS response","request_id":"01M1M8ZGSV70VEX41DTF60D819","status_code":206},"filename":"D:\\a\\xet-core\\xet-core\\xet_client\\src\\common\\http_client.rs","line_number":288}
{"timestamp":"2026-09-03T18:37:27.220154Z","level":"INFO","fields":{"message":"Request Success: s3::get_range api call succeeded (request id 01M1M8ZGSV70VEX41DTF60D819)."},"filename":"D:\\a\\xet-core\\xet-core\\xet_client\\src\\cas_client\\retry_wrapper.rs","line_number":237}
{"timestamp":"2026-09-03T18:37:27.851001Z","level":"INFO","fields":{"message":"Concurrency control for download: Current concurrency = 1; predicted bandwidth = 460404; success_ratio = 1.000; reference_size = 61.0MB; observed bytes sent so far = 424808864; completed transmissions = 18"},"filename":"D:\\a\\xet-core\\xet-core\\xet_client\\src\\cas_client\\adaptive_concurrency\\controller.rs","line_number":602}
{"timestamp":"2026-09-03T18:37:37.945418Z","level":"INFO","fields":{"message":"Concurrency control for download: Current concurrency = 1; predicted bandwidth = 470404; success_ratio = 1.000; reference_size = 61.0MB; observed bytes sent so far = 433476000; completed transmissions = 18"},"filename":"D:\\a\\xet-core\\xet-core\\xet_client\\src\\cas_client\\adaptive_concurrency\\controller.rs","line_number":602}
{"timestamp":"2026-09-03T18:37:48.257747Z","level":"INFO","fields":{"message":"Concurrency control for download: Current concurrency = 1; predicted bandwidth = 479496; success_ratio = 1.000; reference_size = 61.0MB; observed bytes sent so far = 441487776; completed transmissions = 18"},"filename":"D:\\a\\xet-core\\xet-core\\xet_client\\src\\cas_client\\adaptive_concurrency\\controller.rs","line_number":602}
{"timestamp":"2026-09-03T18:37:58.271512Z","level":"INFO","fields":{"message":"Concurrency control for download: Current concurrency = 1; predicted bandwidth = 485512; success_ratio = 1.000; reference_size = 61.0MB; observed bytes sent so far = 449139104; completed transmissions = 18"},"filename":"D:\\a\\xet-core\\xet-core\\xet_client\\src\\cas_client\\adaptive_concurrency\\controller.rs","line_number":602}
{"timestamp":"2026-09-03T18:38:08.434505Z","level":"INFO","fields":{"message":"Concurrency control for download: Current concurrency = 1; predicted bandwidth = 488134; success_ratio = 1.000; reference_size = 61.0MB; observed bytes sent so far = 457036192; completed transmissions = 18"},"filename":"D:\\a\\xet-core\\xet-core\\xet_client\\src\\cas_client\\adaptive_concurrency\\controller.rs","line_number":602}
{"timestamp":"2026-09-03T18:38:18.491436Z","level":"INFO","fields":{"message":"Concurrency control for download: Current concurrency = 1; predicted bandwidth = 485972; success_ratio = 1.000; reference_size = 61.0MB; observed bytes sent so far = 465260960; completed transmissions = 18"},"filename":"D:\\a\\xet-core\\xet-core\\xet_client\\src\\cas_client\\adaptive_concurrency\\controller.rs","line_number":602}
{"timestamp":"2026-09-03T18:38:24.109419Z","level":"INFO","fields":{"message":"Retry strategy","retry":"RetryWrapper { max_attempts: 5, base_delay: 3s, max_duration: 360s, no_retry_on_429: false, retry_on_403: true, expected_416: false, expected_404: false, log_errors_as_info: false, api_tag: \"s3::get_range\", has_connection_permit: true }"},"filename":"D:\\a\\xet-core\\xet-core\\xet_client\\src\\cas_client\\retry_wrapper.rs","line_number":274}
{"timestamp":"2026-09-03T18:38:24.179603Z","level":"INFO","fields":{"message":"Received CAS response","request_id":"01M1M918EB4ERA631AJPT44XT8","status_code":206},"filename":"D:\\a\\xet-core\\xet-core\\xet_client\\src\\common\\http_client.rs","line_number":288}
{"timestamp":"2026-09-03T18:38:24.179635Z","level":"INFO","fields":{"message":"Request Success: s3::get_range api call succeeded (request id 01M1M918EB4ERA631AJPT44XT8)."},"filename":"D:\\a\\xet-core\\xet-core\\xet_client\\src\\cas_client\\retry_wrapper.rs","line_number":237}
{"timestamp":"2026-09-03T18:38:28.685683Z","level":"INFO","fields":{"message":"Concurrency control for download: Current concurrency = 1; predicted bandwidth = 487121; success_ratio = 1.000; reference_size = 61.0MB; observed bytes sent so far = 472613260; completed transmissions = 19"},"filename":"D:\\a\\xet-core\\xet-core\\xet_client\\src\\cas_client\\adaptive_concurrency\\controller.rs","line_number":602}
{"timestamp":"2026-09-03T18:38:38.761179Z","level":"INFO","fields":{"message":"Concurrency control for download: Current concurrency = 1; predicted bandwidth = 522009; success_ratio = 1.000; reference_size = 61.0MB; observed bytes sent so far = 478314892; completed transmissions = 19"},"filename":"D:\\a\\xet-core\\xet-core\\xet_client\\src\\cas_client\\adaptive_concurrency\\controller.rs","line_number":602}
{"timestamp":"2026-09-03T18:38:49.175728Z","level":"INFO","fields":{"message":"Concurrency control for download: Current concurrency = 1; predicted bandwidth = 531033; success_ratio = 1.000; reference_size = 61.0MB; observed bytes sent so far = 485474700; completed transmissions = 19"},"filename":"D:\\a\\xet-core\\xet-core\\xet_client\\src\\cas_client\\adaptive_concurrency\\controller.rs","line_number":602}
{"timestamp":"2026-09-03T18:38:59.252601Z","level":"INFO","fields":{"message":"Concurrency control for download: Current concurrency = 1; predicted bandwidth = 531299; success_ratio = 1.000; reference_size = 61.0MB; observed bytes sent so far = 493437324; completed transmissions = 19"},"filename":"D:\\a\\xet-core\\xet-core\\xet_client\\src\\cas_client\\adaptive_concurrency\\controller.rs","line_number":602}
{"timestamp":"2026-09-03T18:39:09.342520Z","level":"INFO","fields":{"message":"Concurrency control for download: Current concurrency = 1; predicted bandwidth = 522895; success_ratio = 1.000; reference_size = 61.0MB; observed bytes sent so far = 500957580; completed transmissions = 19"},"filename":"D:\\a\\xet-core\\xet-core\\xet_client\\src\\cas_client\\adaptive_concurrency\\controller.rs","line_number":602}
{"timestamp":"2026-09-03T18:39:19.533941Z","level":"INFO","fields":{"message":"Concurrency control for download: Current concurrency = 1; predicted bandwidth = 513047; success_ratio = 1.000; reference_size = 61.0MB; observed bytes sent so far = 508428684; completed transmissions = 19"},"filename":"D:\\a\\xet-core\\xet-core\\xet_client\\src\\cas_client\\adaptive_concurrency\\controller.rs","line_number":602}
{"timestamp":"2026-09-03T18:39:26.299773Z","level":"INFO","fields":{"message":"Retry strategy","retry":"RetryWrapper { max_attempts: 5, base_delay: 3s, max_duration: 360s, no_retry_on_429: false, retry_on_403: true, expected_416: false, expected_404: false, log_errors_as_info: false, api_tag: \"s3::get_range\", has_connection_permit: true }"},"filename":"D:\\a\\xet-core\\xet-core\\xet_client\\src\\cas_client\\retry_wrapper.rs","line_number":274}
{"timestamp":"2026-09-03T18:39:26.368654Z","level":"INFO","fields":{"message":"Received CAS response","request_id":"01M1M9355KH1381JEMPD7Q4R6F","status_code":206},"filename":"D:\\a\\xet-core\\xet-core\\xet_client\\src\\common\\http_client.rs","line_number":288}
{"timestamp":"2026-09-03T18:39:26.368669Z","level":"INFO","fields":{"message":"Request Success: s3::get_range api call succeeded (request id 01M1M9355KH1381JEMPD7Q4R6F)."},"filename":"D:\\a\\xet-core\\xet-core\\xet_client\\src\\cas_client\\retry_wrapper.rs","line_number":237}
{"timestamp":"2026-09-03T18:39:29.631137Z","level":"INFO","fields":{"message":"Concurrency control for download: Current concurrency = 1; predicted bandwidth = 563954; success_ratio = 1.000; reference_size = 61.0MB; observed bytes sent so far = 515327253; completed transmissions = 20"},"filename":"D:\\a\\xet-core\\xet-core\\xet_client\\src\\cas_client\\adaptive_concurrency\\controller.rs","line_number":602}
{"timestamp":"2026-09-03T18:39:39.777514Z","level":"INFO","fields":{"message":"Concurrency control for download: Current concurrency = 1; predicted bandwidth = 577467; success_ratio = 1.000; reference_size = 61.0MB; observed bytes sent so far = 517473557; completed transmissions = 20"},"filename":"D:\\a\\xet-core\\xet-core\\xet_client\\src\\cas_client\\adaptive_concurrency\\controller.rs","line_number":602}
{"timestamp":"2026-09-03T18:39:49.923038Z","level":"INFO","fields":{"message":"Concurrency control for download: Current concurrency = 1; predicted bandwidth = 488525; success_ratio = 1.000; reference_size = 61.0MB; observed bytes sent so far = 522863893; completed transmissions = 20"},"filename":"D:\\a\\xet-core\\xet-core\\xet_client\\src\\cas_client\\adaptive_concurrency\\controller.rs","line_number":602}
{"timestamp":"2026-09-03T18:40:00.238802Z","level":"INFO","fields":{"message":"Concurrency control for download: Current concurrency = 1; predicted bandwidth = 452070; success_ratio = 1.000; reference_size = 61.0MB; observed bytes sent so far = 531678485; completed transmissions = 20"},"filename":"D:\\a\\xet-core\\xet-core\\xet_client\\src\\cas_client\\adaptive_concurrency\\controller.rs","line_number":602}
{"timestamp":"2026-09-03T18:40:10.348028Z","level":"INFO","fields":{"message":"Concurrency control for download: Current concurrency = 1; predicted bandwidth = 419598; success_ratio = 1.000; reference_size = 61.0MB; observed bytes sent so far = 537265429; completed transmissions = 20"},"filename":"D:\\a\\xet-core\\xet-core\\xet_client\\src\\cas_client\\adaptive_concurrency\\controller.rs","line_number":602}
{"timestamp":"2026-09-03T18:40:20.384202Z","level":"INFO","fields":{"message":"Concurrency control for download: Current concurrency = 1; predicted bandwidth = 391614; success_ratio = 1.000; reference_size = 61.0MB; observed bytes sent so far = 545539349; completed transmissions = 20"},"filename":"D:\\a\\xet-core\\xet-core\\xet_client\\src\\cas_client\\adaptive_concurrency\\controller.rs","line_number":602}
{"timestamp":"2026-09-03T18:40:30.602529Z","level":"INFO","fields":{"message":"Concurrency control for download: Current concurrency = 1; predicted bandwidth = 379175; success_ratio = 1.000; reference_size = 61.0MB; observed bytes sent so far = 555615509; completed transmissions = 20"},"filename":"D:\\a\\xet-core\\xet-core\\xet_client\\src\\cas_client\\adaptive_concurrency\\controller.rs","line_number":602}
{"timestamp":"2026-09-03T18:40:33.999817Z","level":"INFO","fields":{"message":"Retry strategy","retry":"RetryWrapper { max_attempts: 5, base_delay: 3s, max_duration: 360s, no_retry_on_429: false, retry_on_403: true, expected_416: false, expected_404: false, log_errors_as_info: false, api_tag: \"s3::get_range\", has_connection_permit: true }"},"filename":"D:\\a\\xet-core\\xet-core\\xet_client\\src\\cas_client\\retry_wrapper.rs","line_number":274}
{"timestamp":"2026-09-03T18:40:34.070448Z","level":"INFO","fields":{"message":"Received CAS response","request_id":"01M1M9579CVZDVXXHYNXK23G21","status_code":206},"filename":"D:\\a\\xet-core\\xet-core\\xet_client\\src\\common\\http_client.rs","line_number":288}
{"timestamp":"2026-09-03T18:40:34.070492Z","level":"INFO","fields":{"message":"Request Success: s3::get_range api call succeeded (request id 01M1M9579CVZDVXXHYNXK23G21)."},"filename":"D:\\a\\xet-core\\xet-core\\xet_client\\src\\cas_client\\retry_wrapper.rs","line_number":237}
{"timestamp":"2026-09-03T18:40:40.633444Z","level":"INFO","fields":{"message":"Concurrency control for download: Current concurrency = 1; predicted bandwidth = 572907; success_ratio = 1.000; reference_size = 61.0MB; observed bytes sent so far = 563092173; completed transmissions = 21"},"filename":"D:\\a\\xet-core\\xet-core\\xet_client\\src\\cas_client\\adaptive_concurrency\\controller.rs","line_number":602}
{"timestamp":"2026-09-03T18:40:50.838191Z","level":"INFO","fields":{"message":"Concurrency control for download: Current concurrency = 1; predicted bandwidth = 578104; success_ratio = 1.000; reference_size = 61.0MB; observed bytes sent so far = 565795533; completed transmissions = 21"},"filename":"D:\\a\\xet-core\\xet-core\\xet_client\\src\\cas_client\\adaptive_concurrency\\controller.rs","line_number":602}
{"timestamp":"2026-09-03T18:41:00.905447Z","level":"INFO","fields":{"message":"Concurrency control for download: Current concurrency = 1; predicted bandwidth = 517644; success_ratio = 1.000; reference_size = 61.0MB; observed bytes sent so far = 572807885; completed transmissions = 21"},"filename":"D:\\a\\xet-core\\xet-core\\xet_client\\src\\cas_client\\adaptive_concurrency\\controller.rs","line_number":602}
{"timestamp":"2026-09-03T18:41:11.092394Z","level":"INFO","fields":{"message":"Concurrency control for download: Current concurrency = 1; predicted bandwidth = 520527; success_ratio = 1.000; reference_size = 61.0MB; observed bytes sent so far = 581720781; completed transmissions = 21"},"filename":"D:\\a\\xet-core\\xet-core\\xet_client\\src\\cas_client\\adaptive_concurrency\\controller.rs","line_number":602}
{"timestamp":"2026-09-03T18:41:12.493567Z","level":"INFO","fields":{"message":"Retry strategy","retry":"RetryWrapper { max_attempts: 5, base_delay: 3s, max_duration: 360s, no_retry_on_429: false, retry_on_403: true, expected_416: false, expected_404: false, log_errors_as_info: false, api_tag: \"s3::get_range\", has_connection_permit: true }"},"filename":"D:\\a\\xet-core\\xet-core\\xet_client\\src\\cas_client\\retry_wrapper.rs","line_number":274}
{"timestamp":"2026-09-03T18:41:12.562103Z","level":"INFO","fields":{"message":"Received CAS response","request_id":"01M1M96CWCBCZB65DHF5CDA2MW","status_code":206},"filename":"D:\\a\\xet-core\\xet-core\\xet_client\\src\\common\\http_client.rs","line_number":288}
{"timestamp":"2026-09-03T18:41:12.562138Z","level":"INFO","fields":{"message":"Request Success: s3::get_range api call succeeded (request id 01M1M96CWCBCZB65DHF5CDA2MW)."},"filename":"D:\\a\\xet-core\\xet-core\\xet_client\\src\\cas_client\\retry_wrapper.rs","line_number":237}
{"timestamp":"2026-09-03T18:41:21.505405Z","level":"INFO","fields":{"message":"Concurrency control for download: Current concurrency = 1; predicted bandwidth = 594529; success_ratio = 1.000; reference_size = 61.0MB; observed bytes sent so far = 591423805; completed transmissions = 22"},"filename":"D:\\a\\xet-core\\xet-core\\xet_client\\src\\cas_client\\adaptive_concurrency\\controller.rs","line_number":602}
{"timestamp":"2026-09-03T18:41:31.693814Z","level":"INFO","fields":{"message":"Concurrency control for download: Current concurrency = 1; predicted bandwidth = 631923; success_ratio = 1.000; reference_size = 61.0MB; observed bytes sent so far = 599664957; completed transmissions = 22"},"filename":"D:\\a\\xet-core\\xet-core\\xet_client\\src\\cas_client\\adaptive_concurrency\\controller.rs","line_number":602}
{"timestamp":"2026-09-03T18:41:42.009844Z","level":"INFO","fields":{"message":"Concurrency control for download: Current concurrency = 1; predicted bandwidth = 677832; success_ratio = 1.000; reference_size = 61.0MB; observed bytes sent so far = 608364861; completed transmissions = 22"},"filename":"D:\\a\\xet-core\\xet-core\\xet_client\\src\\cas_client\\adaptive_concurrency\\controller.rs","line_number":602}
{"timestamp":"2026-09-03T18:41:52.431221Z","level":"INFO","fields":{"message":"Concurrency control for download: Current concurrency = 1; predicted bandwidth = 685381; success_ratio = 1.000; reference_size = 61.0MB; observed bytes sent so far = 617048381; completed transmissions = 22"},"filename":"D:\\a\\xet-core\\xet-core\\xet_client\\src\\cas_client\\adaptive_concurrency\\controller.rs","line_number":602}
{"timestamp":"2026-09-03T18:42:02.596883Z","level":"INFO","fields":{"message":"Concurrency control for download: Current concurrency = 1; predicted bandwidth = 657349; success_ratio = 1.000; reference_size = 61.0MB; observed bytes sent so far = 621898045; completed transmissions = 22"},"filename":"D:\\a\\xet-core\\xet-core\\xet_client\\src\\cas_client\\adaptive_concurrency\\controller.rs","line_number":602}
{"timestamp":"2026-09-03T18:42:10.502830Z","level":"INFO","fields":{"message":"Retry strategy","retry":"RetryWrapper { max_attempts: 5, base_delay: 3s, max_duration: 360s, no_retry_on_429: false, retry_on_403: true, expected_416: false, expected_404: false, log_errors_as_info: false, api_tag: \"s3::get_range\", has_connection_permit: true }"},"filename":"D:\\a\\xet-core\\xet-core\\xet_client\\src\\cas_client\\retry_wrapper.rs","line_number":274}
{"timestamp":"2026-09-03T18:42:10.571631Z","level":"INFO","fields":{"message":"Received CAS response","request_id":"01M1M985H5TWHDKYQEMBJV740S","status_code":206},"filename":"D:\\a\\xet-core\\xet-core\\xet_client\\src\\common\\http_client.rs","line_number":288}
{"timestamp":"2026-09-03T18:42:10.571678Z","level":"INFO","fields":{"message":"Request Success: s3::get_range api call succeeded (request id 01M1M985H5TWHDKYQEMBJV740S)."},"filename":"D:\\a\\xet-core\\xet-core\\xet_client\\src\\cas_client\\retry_wrapper.rs","line_number":237}
{"timestamp":"2026-09-03T18:42:12.713264Z","level":"INFO","fields":{"message":"Concurrency control for download: Current concurrency = 1; predicted bandwidth = 618890; success_ratio = 1.000; reference_size = 61.0MB; observed bytes sent so far = 628128525; completed transmissions = 23"},"filename":"D:\\a\\xet-core\\xet-core\\xet_client\\src\\cas_client\\adaptive_concurrency\\controller.rs","line_number":602}
{"timestamp":"2026-09-03T18:42:22.818295Z","level":"INFO","fields":{"message":"Concurrency control for download: Current concurrency = 1; predicted bandwidth = 692646; success_ratio = 1.000; reference_size = 61.0MB; observed bytes sent so far = 636467981; completed transmissions = 23"},"filename":"D:\\a\\xet-core\\xet-core\\xet_client\\src\\cas_client\\adaptive_concurrency\\controller.rs","line_number":602}
{"timestamp":"2026-09-03T18:42:25.306782Z","level":"INFO","fields":{"message":"Retry strategy","retry":"RetryWrapper { max_attempts: 5, base_delay: 3s, max_duration: 360s, no_retry_on_429: false, retry_on_403: true, expected_416: false, expected_404: false, log_errors_as_info: false, api_tag: \"s3::get_range\", has_connection_permit: true }"},"filename":"D:\\a\\xet-core\\xet-core\\xet_client\\src\\cas_client\\retry_wrapper.rs","line_number":274}
{"timestamp":"2026-09-03T18:42:25.397059Z","level":"INFO","fields":{"message":"Received CAS response","request_id":"01M1M98KZZGBQ01MK96J3PJX3V","status_code":206},"filename":"D:\\a\\xet-core\\xet-core\\xet_client\\src\\common\\http_client.rs","line_number":288}
{"timestamp":"2026-09-03T18:42:25.397104Z","level":"INFO","fields":{"message":"Request Success: s3::get_range api call succeeded (request id 01M1M98KZZGBQ01MK96J3PJX3V)."},"filename":"D:\\a\\xet-core\\xet-core\\xet_client\\src\\cas_client\\retry_wrapper.rs","line_number":237}
{"timestamp":"2026-09-03T18:42:32.858790Z","level":"INFO","fields":{"message":"Concurrency control for download: Current concurrency = 1; predicted bandwidth = 774815; success_ratio = 1.000; reference_size = 61.0MB; observed bytes sent so far = 645406505; completed transmissions = 24"},"filename":"D:\\a\\xet-core\\xet-core\\xet_client\\src\\cas_client\\adaptive_concurrency\\controller.rs","line_number":602}
{"timestamp":"2026-09-03T18:42:43.117369Z","level":"INFO","fields":{"message":"Concurrency control for download: Current concurrency = 1; predicted bandwidth = 773719; success_ratio = 1.000; reference_size = 61.0MB; observed bytes sent so far = 651255593; completed transmissions = 24"},"filename":"D:\\a\\xet-core\\xet-core\\xet_client\\src\\cas_client\\adaptive_concurrency\\controller.rs","line_number":602}
{"timestamp":"2026-09-03T18:42:54.065403Z","level":"INFO","fields":{"message":"Concurrency control for download: Current concurrency = 1; predicted bandwidth = 766417; success_ratio = 1.000; reference_size = 61.0MB; observed bytes sent so far = 657415977; completed transmissions = 24"},"filename":"D:\\a\\xet-core\\xet-core\\xet_client\\src\\cas_client\\adaptive_concurrency\\controller.rs","line_number":602}
{"timestamp":"2026-09-03T18:43:04.088274Z","level":"INFO","fields":{"message":"Concurrency control for download: Current concurrency = 1; predicted bandwidth = 751024; success_ratio = 1.000; reference_size = 61.0MB; observed bytes sent so far = 663904041; completed transmissions = 24"},"filename":"D:\\a\\xet-core\\xet-core\\xet_client\\src\\cas_client\\adaptive_concurrency\\controller.rs","line_number":602}
{"timestamp":"2026-09-03T18:43:14.372838Z","level":"INFO","fields":{"message":"Concurrency control for download: Current concurrency = 1; predicted bandwidth = 736234; success_ratio = 1.000; reference_size = 61.0MB; observed bytes sent so far = 668344105; completed transmissions = 24"},"filename":"D:\\a\\xet-core\\xet-core\\xet_client\\src\\cas_client\\adaptive_concurrency\\controller.rs","line_number":602}
{"timestamp":"2026-09-03T18:43:24.405021Z","level":"INFO","fields":{"message":"Concurrency control for download: Current concurrency = 1; predicted bandwidth = 712768; success_ratio = 1.000; reference_size = 61.0MB; observed bytes sent so far = 672980777; completed transmissions = 24"},"filename":"D:\\a\\xet-core\\xet-core\\xet_client\\src\\cas_client\\adaptive_concurrency\\controller.rs","line_number":602}
{"timestamp":"2026-09-03T18:43:34.594532Z","level":"INFO","fields":{"message":"Concurrency control for download: Current concurrency = 1; predicted bandwidth = 705543; success_ratio = 1.000; reference_size = 61.0MB; observed bytes sent so far = 677961513; completed transmissions = 24"},"filename":"D:\\a\\xet-core\\xet-core\\xet_client\\src\\cas_client\\adaptive_concurrency\\controller.rs","line_number":602}
{"timestamp":"2026-09-03T18:43:44.829169Z","level":"INFO","fields":{"message":"Concurrency control for download: Current concurrency = 1; predicted bandwidth = 719280; success_ratio = 1.000; reference_size = 61.0MB; observed bytes sent so far = 681860905; completed transmissions = 24"},"filename":"D:\\a\\xet-core\\xet-core\\xet_client\\src\\cas_client\\adaptive_concurrency\\controller.rs","line_number":602}
{"timestamp":"2026-09-03T18:43:46.941384Z","level":"INFO","fields":{"message":"Retry strategy","retry":"RetryWrapper { max_attempts: 5, base_delay: 3s, max_duration: 360s, no_retry_on_429: false, retry_on_403: true, expected_416: false, expected_404: false, log_errors_as_info: false, api_tag: \"s3::get_range\", has_connection_permit: true }"},"filename":"D:\\a\\xet-core\\xet-core\\xet_client\\src\\cas_client\\retry_wrapper.rs","line_number":274}
{"timestamp":"2026-09-03T18:43:47.023318Z","level":"INFO","fields":{"message":"Received CAS response","request_id":"01M1M9B3PR8P11P0M4FM33V9AM","status_code":206},"filename":"D:\\a\\xet-core\\xet-core\\xet_client\\src\\common\\http_client.rs","line_number":288}
{"timestamp":"2026-09-03T18:43:47.023331Z","level":"INFO","fields":{"message":"Request Success: s3::get_range api call succeeded (request id 01M1M9B3PR8P11P0M4FM33V9AM)."},"filename":"D:\\a\\xet-core\\xet-core\\xet_client\\src\\cas_client\\retry_wrapper.rs","line_number":237}
{"timestamp":"2026-09-03T18:43:54.847042Z","level":"INFO","fields":{"message":"Concurrency control for download: Current concurrency = 1; predicted bandwidth = 671983; success_ratio = 1.000; reference_size = 61.0MB; observed bytes sent so far = 688043735; completed transmissions = 25"},"filename":"D:\\a\\xet-core\\xet-core\\xet_client\\src\\cas_client\\adaptive_concurrency\\controller.rs","line_number":602}
{"timestamp":"2026-09-03T18:44:04.895151Z","level":"INFO","fields":{"message":"Concurrency control for download: Current concurrency = 1; predicted bandwidth = 596933; success_ratio = 1.000; reference_size = 61.0MB; observed bytes sent so far = 693696215; completed transmissions = 25"},"filename":"D:\\a\\xet-core\\xet-core\\xet_client\\src\\cas_client\\adaptive_concurrency\\controller.rs","line_number":602}
{"timestamp":"2026-09-03T18:44:15.058837Z","level":"INFO","fields":{"message":"Concurrency control for download: Current concurrency = 1; predicted bandwidth = 568209; success_ratio = 1.000; reference_size = 61.0MB; observed bytes sent so far = 698414807; completed transmissions = 25"},"filename":"D:\\a\\xet-core\\xet-core\\xet_client\\src\\cas_client\\adaptive_concurrency\\controller.rs","line_number":602}
{"timestamp":"2026-09-03T18:44:25.072787Z","level":"INFO","fields":{"message":"Concurrency control for download: Current concurrency = 1; predicted bandwidth = 582614; success_ratio = 1.000; reference_size = 61.0MB; observed bytes sent so far = 707213015; completed transmissions = 25"},"filename":"D:\\a\\xet-core\\xet-core\\xet_client\\src\\cas_client\\adaptive_concurrency\\controller.rs","line_number":602}
{"timestamp":"2026-09-03T18:44:35.201985Z","level":"INFO","fields":{"message":"Concurrency control for download: Current concurrency = 1; predicted bandwidth = 628065; success_ratio = 1.000; reference_size = 61.0MB; observed bytes sent so far = 714323671; completed transmissions = 25"},"filename":"D:\\a\\xet-core\\xet-core\\xet_client\\src\\cas_client\\adaptive_concurrency\\controller.rs","line_number":602}
{"timestamp":"2026-09-03T18:44:37.259514Z","level":"INFO","fields":{"message":"Retry strategy","retry":"RetryWrapper { max_attempts: 5, base_delay: 3s, max_duration: 360s, no_retry_on_429: false, retry_on_403: true, expected_416: false, expected_404: false, log_errors_as_info: false, api_tag: \"s3::get_range\", has_connection_permit: true }"},"filename":"D:\\a\\xet-core\\xet-core\\xet_client\\src\\cas_client\\retry_wrapper.rs","line_number":274}
{"timestamp":"2026-09-03T18:44:37.335383Z","level":"INFO","fields":{"message":"Received CAS response","request_id":"01M1M9CMVDCJWNKDB4GPKXFG8N","status_code":206},"filename":"D:\\a\\xet-core\\xet-core\\xet_client\\src\\common\\http_client.rs","line_number":288}
{"timestamp":"2026-09-03T18:44:37.335415Z","level":"INFO","fields":{"message":"Request Success: s3::get_range api call succeeded (request id 01M1M9CMVDCJWNKDB4GPKXFG8N)."},"filename":"D:\\a\\xet-core\\xet-core\\xet_client\\src\\cas_client\\retry_wrapper.rs","line_number":237}
{"timestamp":"2026-09-03T18:44:45.263031Z","level":"INFO","fields":{"message":"Concurrency control for download: Current concurrency = 1; predicted bandwidth = 832192; success_ratio = 1.000; reference_size = 61.0MB; observed bytes sent so far = 722666597; completed transmissions = 26"},"filename":"D:\\a\\xet-core\\xet-core\\xet_client\\src\\cas_client\\adaptive_concurrency\\controller.rs","line_number":602}
{"timestamp":"2026-09-03T18:44:55.413663Z","level":"INFO","fields":{"message":"Concurrency control for download: Current concurrency = 1; predicted bandwidth = 835679; success_ratio = 1.000; reference_size = 61.0MB; observed bytes sent so far = 730498149; completed transmissions = 26"},"filename":"D:\\a\\xet-core\\xet-core\\xet_client\\src\\cas_client\\adaptive_concurrency\\controller.rs","line_number":602}
{"timestamp":"2026-09-03T18:45:05.423922Z","level":"INFO","fields":{"message":"Concurrency control for download: Current concurrency = 1; predicted bandwidth = 904411; success_ratio = 1.000; reference_size = 61.0MB; observed bytes sent so far = 738706533; completed transmissions = 26"},"filename":"D:\\a\\xet-core\\xet-core\\xet_client\\src\\cas_client\\adaptive_concurrency\\controller.rs","line_number":602}
{"timestamp":"2026-09-03T18:45:15.566728Z","level":"INFO","fields":{"message":"Concurrency control for download: Current concurrency = 1; predicted bandwidth = 1016674; success_ratio = 1.000; reference_size = 61.0MB; observed bytes sent so far = 747111525; completed transmissions = 26"},"filename":"D:\\a\\xet-core\\xet-core\\xet_client\\src\\cas_client\\adaptive_concurrency\\controller.rs","line_number":602}
{"timestamp":"2026-09-03T18:45:26.014743Z","level":"INFO","fields":{"message":"Concurrency control for download: Current concurrency = 1; predicted bandwidth = 921983; success_ratio = 1.000; reference_size = 61.0MB; observed bytes sent so far = 755434597; completed transmissions = 26"},"filename":"D:\\a\\xet-core\\xet-core\\xet_client\\src\\cas_client\\adaptive_concurrency\\controller.rs","line_number":602}
{"timestamp":"2026-09-03T18:45:32.149300Z","level":"INFO","fields":{"message":"Retry strategy","retry":"RetryWrapper { max_attempts: 5, base_delay: 3s, max_duration: 360s, no_retry_on_429: false, retry_on_403: true, expected_416: false, expected_404: false, log_errors_as_info: false, api_tag: \"s3::get_range\", has_connection_permit: true }"},"filename":"D:\\a\\xet-core\\xet-core\\xet_client\\src\\cas_client\\retry_wrapper.rs","line_number":274}
{"timestamp":"2026-09-03T18:45:32.222095Z","level":"INFO","fields":{"message":"Received CAS response","request_id":"01M1M9EAEJ51V2YK1GWKRXYF32","status_code":206},"filename":"D:\\a\\xet-core\\xet-core\\xet_client\\src\\common\\http_client.rs","line_number":288}
{"timestamp":"2026-09-03T18:45:32.222123Z","level":"INFO","fields":{"message":"Request Success: s3::get_range api call succeeded (request id 01M1M9EAEJ51V2YK1GWKRXYF32)."},"filename":"D:\\a\\xet-core\\xet-core\\xet_client\\src\\cas_client\\retry_wrapper.rs","line_number":237}
{"timestamp":"2026-09-03T18:45:36.097858Z","level":"INFO","fields":{"message":"Concurrency control for download: Current concurrency = 1; predicted bandwidth = 572451; success_ratio = 1.000; reference_size = 61.0MB; observed bytes sent so far = 764711704; completed transmissions = 27"},"filename":"D:\\a\\xet-core\\xet-core\\xet_client\\src\\cas_client\\adaptive_concurrency\\controller.rs","line_number":602}
{"timestamp":"2026-09-03T18:45:46.236630Z","level":"INFO","fields":{"message":"Concurrency control for download: Current concurrency = 1; predicted bandwidth = 675302; success_ratio = 1.000; reference_size = 61.0MB; observed bytes sent so far = 772641560; completed transmissions = 27"},"filename":"D:\\a\\xet-core\\xet-core\\xet_client\\src\\cas_client\\adaptive_concurrency\\controller.rs","line_number":602}
{"timestamp":"2026-09-03T18:45:56.364684Z","level":"INFO","fields":{"message":"Concurrency control for download: Current concurrency = 1; predicted bandwidth = 722298; success_ratio = 1.000; reference_size = 61.0MB; observed bytes sent so far = 781390616; completed transmissions = 27"},"filename":"D:\\a\\xet-core\\xet-core\\xet_client\\src\\cas_client\\adaptive_concurrency\\controller.rs","line_number":602}
{"timestamp":"2026-09-03T18:46:06.512854Z","level":"INFO","fields":{"message":"Concurrency control for download: Current concurrency = 1; predicted bandwidth = 723450; success_ratio = 1.000; reference_size = 61.0MB; observed bytes sent so far = 785503000; completed transmissions = 27"},"filename":"D:\\a\\xet-core\\xet-core\\xet_client\\src\\cas_client\\adaptive_concurrency\\controller.rs","line_number":602}
{"timestamp":"2026-09-03T18:46:16.912719Z","level":"INFO","fields":{"message":"Concurrency control for download: Current concurrency = 1; predicted bandwidth = 654187; success_ratio = 1.000; reference_size = 61.0MB; observed bytes sent so far = 793121560; completed transmissions = 27"},"filename":"D:\\a\\xet-core\\xet-core\\xet_client\\src\\cas_client\\adaptive_concurrency\\controller.rs","line_number":602}
{"timestamp":"2026-09-03T18:46:27.066800Z","level":"INFO","fields":{"message":"Concurrency control for download: Current concurrency = 1; predicted bandwidth = 634438; success_ratio = 1.000; reference_size = 61.0MB; observed bytes sent so far = 802181912; completed transmissions = 27"},"filename":"D:\\a\\xet-core\\xet-core\\xet_client\\src\\cas_client\\adaptive_concurrency\\controller.rs","line_number":602}
{"timestamp":"2026-09-03T18:46:32.141244Z","level":"INFO","fields":{"message":"Retry strategy","retry":"RetryWrapper { max_attempts: 5, base_delay: 3s, max_duration: 360s, no_retry_on_429: false, retry_on_403: true, expected_416: false, expected_404: false, log_errors_as_info: false, api_tag: \"s3::get_range\", has_connection_permit: true }"},"filename":"D:\\a\\xet-core\\xet-core\\xet_client\\src\\cas_client\\retry_wrapper.rs","line_number":274}
{"timestamp":"2026-09-03T18:46:32.208614Z","level":"INFO","fields":{"message":"Received CAS response","request_id":"01M1M9G5174CB0WQK2JTN75CZV","status_code":206},"filename":"D:\\a\\xet-core\\xet-core\\xet_client\\src\\common\\http_client.rs","line_number":288}
{"timestamp":"2026-09-03T18:46:32.208637Z","level":"INFO","fields":{"message":"Request Success: s3::get_range api call succeeded (request id 01M1M9G5174CB0WQK2JTN75CZV)."},"filename":"D:\\a\\xet-core\\xet-core\\xet_client\\src\\cas_client\\retry_wrapper.rs","line_number":237}
{"timestamp":"2026-09-03T18:46:37.297755Z","level":"INFO","fields":{"message":"Concurrency control for download: Current concurrency = 1; predicted bandwidth = 750143; success_ratio = 1.000; reference_size = 61.0MB; observed bytes sent so far = 810691686; completed transmissions = 28"},"filename":"D:\\a\\xet-core\\xet-core\\xet_client\\src\\cas_client\\adaptive_concurrency\\controller.rs","line_number":602}
{"timestamp":"2026-09-03T18:46:47.599118Z","level":"INFO","fields":{"message":"Concurrency control for download: Current concurrency = 1; predicted bandwidth = 818405; success_ratio = 1.000; reference_size = 61.0MB; observed bytes sent so far = 820325478; completed transmissions = 28"},"filename":"D:\\a\\xet-core\\xet-core\\xet_client\\src\\cas_client\\adaptive_concurrency\\controller.rs","line_number":602}
{"timestamp":"2026-09-03T18:46:57.666451Z","level":"INFO","fields":{"message":"Concurrency control for download: Current concurrency = 1; predicted bandwidth = 893474; success_ratio = 1.000; reference_size = 61.0MB; observed bytes sent so far = 828812390; completed transmissions = 28"},"filename":"D:\\a\\xet-core\\xet-core\\xet_client\\src\\cas_client\\adaptive_concurrency\\controller.rs","line_number":602}
{"timestamp":"2026-09-03T18:47:07.689116Z","level":"INFO","fields":{"message":"Concurrency control for download: Current concurrency = 1; predicted bandwidth = 987935; success_ratio = 1.000; reference_size = 61.0MB; observed bytes sent so far = 836955238; completed transmissions = 28"},"filename":"D:\\a\\xet-core\\xet-core\\xet_client\\src\\cas_client\\adaptive_concurrency\\controller.rs","line_number":602}
{"timestamp":"2026-09-03T18:47:17.810516Z","level":"INFO","fields":{"message":"Concurrency control for download: Current concurrency = 1; predicted bandwidth = 1031299; success_ratio = 1.000; reference_size = 61.0MB; observed bytes sent so far = 841641062; completed transmissions = 28"},"filename":"D:\\a\\xet-core\\xet-core\\xet_client\\src\\cas_client\\adaptive_concurrency\\controller.rs","line_number":602}
{"timestamp":"2026-09-03T18:47:27.856173Z","level":"INFO","fields":{"message":"Concurrency control for download: Current concurrency = 1; predicted bandwidth = 1014310; success_ratio = 1.000; reference_size = 61.0MB; observed bytes sent so far = 847064166; completed transmissions = 28"},"filename":"D:\\a\\xet-core\\xet-core\\xet_client\\src\\cas_client\\adaptive_concurrency\\controller.rs","line_number":602}
{"timestamp":"2026-09-03T18:47:32.634701Z","level":"INFO","fields":{"message":"Retry strategy","retry":"RetryWrapper { max_attempts: 5, base_delay: 3s, max_duration: 360s, no_retry_on_429: false, retry_on_403: true, expected_416: false, expected_404: false, log_errors_as_info: false, api_tag: \"s3::get_range\", has_connection_permit: true }"},"filename":"D:\\a\\xet-core\\xet-core\\xet_client\\src\\cas_client\\retry_wrapper.rs","line_number":274}
{"timestamp":"2026-09-03T18:47:32.708054Z","level":"INFO","fields":{"message":"Received CAS response","request_id":"01M1M9J042E21H1C6F3QZMSK1Y","status_code":206},"filename":"D:\\a\\xet-core\\xet-core\\xet_client\\src\\common\\http_client.rs","line_number":288}
{"timestamp":"2026-09-03T18:47:32.708070Z","level":"INFO","fields":{"message":"Request Success: s3::get_range api call succeeded (request id 01M1M9J042E21H1C6F3QZMSK1Y)."},"filename":"D:\\a\\xet-core\\xet-core\\xet_client\\src\\cas_client\\retry_wrapper.rs","line_number":237}
{"timestamp":"2026-09-03T18:47:38.397575Z","level":"INFO","fields":{"message":"Concurrency control for download: Current concurrency = 1; predicted bandwidth = 855572; success_ratio = 1.000; reference_size = 61.0MB; observed bytes sent so far = 855156332; completed transmissions = 29"},"filename":"D:\\a\\xet-core\\xet-core\\xet_client\\src\\cas_client\\adaptive_concurrency\\controller.rs","line_number":602}
{"timestamp":"2026-09-03T18:47:48.542033Z","level":"INFO","fields":{"message":"Concurrency control for download: Current concurrency = 1; predicted bandwidth = 749684; success_ratio = 1.000; reference_size = 61.0MB; observed bytes sent so far = 860644972; completed transmissions = 29"},"filename":"D:\\a\\xet-core\\xet-core\\xet_client\\src\\cas_client\\adaptive_concurrency\\controller.rs","line_number":602}
{"timestamp":"2026-09-03T18:47:58.633946Z","level":"INFO","fields":{"message":"Concurrency control for download: Current concurrency = 1; predicted bandwidth = 684309; success_ratio = 1.000; reference_size = 61.0MB; observed bytes sent so far = 867903084; completed transmissions = 29"},"filename":"D:\\a\\xet-core\\xet-core\\xet_client\\src\\cas_client\\adaptive_concurrency\\controller.rs","line_number":602}
{"timestamp":"2026-09-03T18:48:08.698299Z","level":"INFO","fields":{"message":"Concurrency control for download: Current concurrency = 1; predicted bandwidth = 638921; success_ratio = 1.000; reference_size = 61.0MB; observed bytes sent so far = 872638060; completed transmissions = 29"},"filename":"D:\\a\\xet-core\\xet-core\\xet_client\\src\\cas_client\\adaptive_concurrency\\controller.rs","line_number":602}
{"timestamp":"2026-09-03T18:48:18.896540Z","level":"INFO","fields":{"message":"Concurrency control for download: Current concurrency = 1; predicted bandwidth = 560816; success_ratio = 1.000; reference_size = 61.0MB; observed bytes sent so far = 877454956; completed transmissions = 29"},"filename":"D:\\a\\xet-core\\xet-core\\xet_client\\src\\cas_client\\adaptive_concurrency\\controller.rs","line_number":602}
{"timestamp":"2026-09-03T18:48:29.073605Z","level":"INFO","fields":{"message":"Concurrency control for download: Current concurrency = 1; predicted bandwidth = 480120; success_ratio = 1.000; reference_size = 61.0MB; observed bytes sent so far = 883811948; completed transmissions = 29"},"filename":"D:\\a\\xet-core\\xet-core\\xet_client\\src\\cas_client\\adaptive_concurrency\\controller.rs","line_number":602}
{"timestamp":"2026-09-03T18:48:39.248911Z","level":"INFO","fields":{"message":"Concurrency control for download: Current concurrency = 1; predicted bandwidth = 449461; success_ratio = 1.000; reference_size = 61.0MB; observed bytes sent so far = 892233324; completed transmissions = 29"},"filename":"D:\\a\\xet-core\\xet-core\\xet_client\\src\\cas_client\\adaptive_concurrency\\controller.rs","line_number":602}
{"timestamp":"2026-09-03T18:48:44.884011Z","level":"INFO","fields":{"message":"Retry strategy","retry":"RetryWrapper { max_attempts: 5, base_delay: 3s, max_duration: 360s, no_retry_on_429: false, retry_on_403: true, expected_416: false, expected_404: false, log_errors_as_info: false, api_tag: \"s3::get_range\", has_connection_permit: true }"},"filename":"D:\\a\\xet-core\\xet-core\\xet_client\\src\\cas_client\\retry_wrapper.rs","line_number":274}
{"timestamp":"2026-09-03T18:48:44.992404Z","level":"INFO","fields":{"message":"Received CAS response","request_id":"01M1M9M6NNBVF7P76XF7TDJ6HN","status_code":206},"filename":"D:\\a\\xet-core\\xet-core\\xet_client\\src\\common\\http_client.rs","line_number":288}
{"timestamp":"2026-09-03T18:48:44.992441Z","level":"INFO","fields":{"message":"Request Success: s3::get_range api call succeeded (request id 01M1M9M6NNBVF7P76XF7TDJ6HN)."},"filename":"D:\\a\\xet-core\\xet-core\\xet_client\\src\\cas_client\\retry_wrapper.rs","line_number":237}
{"timestamp":"2026-09-03T18:48:49.329775Z","level":"INFO","fields":{"message":"Concurrency control for download: Current concurrency = 1; predicted bandwidth = 587463; success_ratio = 1.000; reference_size = 61.0MB; observed bytes sent so far = 898287201; completed transmissions = 30"},"filename":"D:\\a\\xet-core\\xet-core\\xet_client\\src\\cas_client\\adaptive_concurrency\\controller.rs","line_number":602}
{"timestamp":"2026-09-03T18:48:59.594858Z","level":"INFO","fields":{"message":"Concurrency control for download: Current concurrency = 1; predicted bandwidth = 605142; success_ratio = 1.000; reference_size = 61.0MB; observed bytes sent so far = 904791649; completed transmissions = 30"},"filename":"D:\\a\\xet-core\\xet-core\\xet_client\\src\\cas_client\\adaptive_concurrency\\controller.rs","line_number":602}
{"timestamp":"2026-09-03T18:49:09.813495Z","level":"INFO","fields":{"message":"Concurrency control for download: Current concurrency = 1; predicted bandwidth = 580830; success_ratio = 1.000; reference_size = 61.0MB; observed bytes sent so far = 908691041; completed transmissions = 30"},"filename":"D:\\a\\xet-core\\xet-core\\xet_client\\src\\cas_client\\adaptive_concurrency\\controller.rs","line_number":602}
{"timestamp":"2026-09-03T18:49:20.035625Z","level":"INFO","fields":{"message":"Concurrency control for download: Current concurrency = 1; predicted bandwidth = 530842; success_ratio = 1.000; reference_size = 61.0MB; observed bytes sent so far = 913098337; completed transmissions = 30"},"filename":"D:\\a\\xet-core\\xet-core\\xet_client\\src\\cas_client\\adaptive_concurrency\\controller.rs","line_number":602}
{"timestamp":"2026-09-03T18:49:30.205560Z","level":"INFO","fields":{"message":"Concurrency control for download: Current concurrency = 1; predicted bandwidth = 494147; success_ratio = 1.000; reference_size = 61.0MB; observed bytes sent so far = 914900577; completed transmissions = 30"},"filename":"D:\\a\\xet-core\\xet-core\\xet_client\\src\\cas_client\\adaptive_concurrency\\controller.rs","line_number":602}
{"timestamp":"2026-09-03T18:49:40.248575Z","level":"INFO","fields":{"message":"Concurrency control for download: Current concurrency = 1; predicted bandwidth = 388872; success_ratio = 1.000; reference_size = 61.0MB; observed bytes sent so far = 921699937; completed transmissions = 30"},"filename":"D:\\a\\xet-core\\xet-core\\xet_client\\src\\cas_client\\adaptive_concurrency\\controller.rs","line_number":602}
{"timestamp":"2026-09-03T18:49:50.352853Z","level":"INFO","fields":{"message":"Concurrency control for download: Current concurrency = 1; predicted bandwidth = 346825; success_ratio = 1.000; reference_size = 61.0MB; observed bytes sent so far = 927762017; completed transmissions = 30"},"filename":"D:\\a\\xet-core\\xet-core\\xet_client\\src\\cas_client\\adaptive_concurrency\\controller.rs","line_number":602}
{"timestamp":"2026-09-03T18:50:00.381761Z","level":"INFO","fields":{"message":"Concurrency control for download: Current concurrency = 1; predicted bandwidth = 327787; success_ratio = 1.000; reference_size = 61.0MB; observed bytes sent so far = 934921825; completed transmissions = 30"},"filename":"D:\\a\\xet-core\\xet-core\\xet_client\\src\\cas_client\\adaptive_concurrency\\controller.rs","line_number":602}
{"timestamp":"2026-09-03T18:50:10.550591Z","level":"INFO","fields":{"message":"Concurrency control for download: Current concurrency = 1; predicted bandwidth = 335118; success_ratio = 1.000; reference_size = 61.0MB; observed bytes sent so far = 939148897; completed transmissions = 30"},"filename":"D:\\a\\xet-core\\xet-core\\xet_client\\src\\cas_client\\adaptive_concurrency\\controller.rs","line_number":602}
{"timestamp":"2026-09-03T18:50:13.186233Z","level":"INFO","fields":{"message":"Retry strategy","retry":"RetryWrapper { max_attempts: 5, base_delay: 3s, max_duration: 360s, no_retry_on_429: false, retry_on_403: true, expected_416: false, expected_404: false, log_errors_as_info: false, api_tag: \"s3::get_range\", has_connection_permit: true }"},"filename":"D:\\a\\xet-core\\xet-core\\xet_client\\src\\cas_client\\retry_wrapper.rs","line_number":274}
{"timestamp":"2026-09-03T18:50:13.295556Z","level":"INFO","fields":{"message":"Received CAS response","request_id":"01M1M9PWX8JWJ2WPYDDDBND8E4","status_code":206},"filename":"D:\\a\\xet-core\\xet-core\\xet_client\\src\\common\\http_client.rs","line_number":288}
{"timestamp":"2026-09-03T18:50:13.295651Z","level":"INFO","fields":{"message":"Request Success: s3::get_range api call succeeded (request id 01M1M9PWX8JWJ2WPYDDDBND8E4)."},"filename":"D:\\a\\xet-core\\xet-core\\xet_client\\src\\cas_client\\retry_wrapper.rs","line_number":237}
{"timestamp":"2026-09-03T18:50:20.795085Z","level":"INFO","fields":{"message":"Concurrency control for download: Current concurrency = 1; predicted bandwidth = 518067; success_ratio = 1.000; reference_size = 61.0MB; observed bytes sent so far = 946488078; completed transmissions = 31"},"filename":"D:\\a\\xet-core\\xet-core\\xet_client\\src\\cas_client\\adaptive_concurrency\\controller.rs","line_number":602}
{"timestamp":"2026-09-03T18:50:30.937567Z","level":"INFO","fields":{"message":"Concurrency control for download: Current concurrency = 1; predicted bandwidth = 530400; success_ratio = 1.000; reference_size = 61.0MB; observed bytes sent so far = 950813454; completed transmissions = 31"},"filename":"D:\\a\\xet-core\\xet-core\\xet_client\\src\\cas_client\\adaptive_concurrency\\controller.rs","line_number":602}
{"timestamp":"2026-09-03T18:50:40.983749Z","level":"INFO","fields":{"message":"Concurrency control for download: Current concurrency = 1; predicted bandwidth = 566659; success_ratio = 1.000; reference_size = 61.0MB; observed bytes sent so far = 958825230; completed transmissions = 31"},"filename":"D:\\a\\xet-core\\xet-core\\xet_client\\src\\cas_client\\adaptive_concurrency\\controller.rs","line_number":602}
{"timestamp":"2026-09-03T18:50:51.218049Z","level":"INFO","fields":{"message":"Concurrency control for download: Current concurrency = 1; predicted bandwidth = 673141; success_ratio = 1.000; reference_size = 61.0MB; observed bytes sent so far = 966607630; completed transmissions = 31"},"filename":"D:\\a\\xet-core\\xet-core\\xet_client\\src\\cas_client\\adaptive_concurrency\\controller.rs","line_number":602}
{"timestamp":"2026-09-03T18:51:01.329787Z","level":"INFO","fields":{"message":"Concurrency control for download: Current concurrency = 1; predicted bandwidth = 896906; success_ratio = 1.000; reference_size = 61.0MB; observed bytes sent so far = 974734094; completed transmissions = 31"},"filename":"D:\\a\\xet-core\\xet-core\\xet_client\\src\\cas_client\\adaptive_concurrency\\controller.rs","line_number":602}
{"timestamp":"2026-09-03T18:51:11.457358Z","level":"INFO","fields":{"message":"Concurrency control for download: Current concurrency = 1; predicted bandwidth = 1092100; success_ratio = 1.000; reference_size = 61.0MB; observed bytes sent so far = 982221582; completed transmissions = 31"},"filename":"D:\\a\\xet-core\\xet-core\\xet_client\\src\\cas_client\\adaptive_concurrency\\controller.rs","line_number":602}
{"timestamp":"2026-09-03T18:51:16.813442Z","level":"INFO","fields":{"message":"Retry strategy","retry":"RetryWrapper { max_attempts: 5, base_delay: 3s, max_duration: 360s, no_retry_on_429: false, retry_on_403: true, expected_416: false, expected_404: false, log_errors_as_info: false, api_tag: \"s3::get_range\", has_connection_permit: true }"},"filename":"D:\\a\\xet-core\\xet-core\\xet_client\\src\\cas_client\\retry_wrapper.rs","line_number":274}
{"timestamp":"2026-09-03T18:51:16.892390Z","level":"INFO","fields":{"message":"Received CAS response","request_id":"01M1M9RV1CH3RVC4A7JDZTMHMN","status_code":206},"filename":"D:\\a\\xet-core\\xet-core\\xet_client\\src\\common\\http_client.rs","line_number":288}
{"timestamp":"2026-09-03T18:51:16.892419Z","level":"INFO","fields":{"message":"Request Success: s3::get_range api call succeeded (request id 01M1M9RV1CH3RVC4A7JDZTMHMN)."},"filename":"D:\\a\\xet-core\\xet-core\\xet_client\\src\\cas_client\\retry_wrapper.rs","line_number":237}
{"timestamp":"2026-09-03T18:51:21.640743Z","level":"INFO","fields":{"message":"Concurrency control for download: Current concurrency = 1; predicted bandwidth = 614721; success_ratio = 1.000; reference_size = 61.0MB; observed bytes sent so far = 988952732; completed transmissions = 32"},"filename":"D:\\a\\xet-core\\xet-core\\xet_client\\src\\cas_client\\adaptive_concurrency\\controller.rs","line_number":602}
{"timestamp":"2026-09-03T18:51:31.786147Z","level":"INFO","fields":{"message":"Concurrency control for download: Current concurrency = 1; predicted bandwidth = 624209; success_ratio = 1.000; reference_size = 61.0MB; observed bytes sent so far = 995866780; completed transmissions = 32"},"filename":"D:\\a\\xet-core\\xet-core\\xet_client\\src\\cas_client\\adaptive_concurrency\\controller.rs","line_number":602}
{"timestamp":"2026-09-03T18:51:41.924281Z","level":"INFO","fields":{"message":"Concurrency control for download: Current concurrency = 1; predicted bandwidth = 665647; success_ratio = 1.000; reference_size = 61.0MB; observed bytes sent so far = 1005451420; completed transmissions = 32"},"filename":"D:\\a\\xet-core\\xet-core\\xet_client\\src\\cas_client\\adaptive_concurrency\\controller.rs","line_number":602}
{"timestamp":"2026-09-03T18:51:51.960074Z","level":"INFO","fields":{"message":"Concurrency control for download: Current concurrency = 1; predicted bandwidth = 726718; success_ratio = 1.000; reference_size = 61.0MB; observed bytes sent so far = 1013233820; completed transmissions = 32"},"filename":"D:\\a\\xet-core\\xet-core\\xet_client\\src\\cas_client\\adaptive_concurrency\\controller.rs","line_number":602}
{"timestamp":"2026-09-03T18:52:02.053356Z","level":"INFO","fields":{"message":"Concurrency control for download: Current concurrency = 1; predicted bandwidth = 800570; success_ratio = 1.000; reference_size = 61.0MB; observed bytes sent so far = 1021622428; completed transmissions = 32"},"filename":"D:\\a\\xet-core\\xet-core\\xet_client\\src\\cas_client\\adaptive_concurrency\\controller.rs","line_number":602}
{"timestamp":"2026-09-03T18:52:12.121053Z","level":"INFO","fields":{"message":"Concurrency control for download: Current concurrency = 1; predicted bandwidth = 826270; success_ratio = 1.000; reference_size = 61.0MB; observed bytes sent so far = 1030224028; completed transmissions = 32"},"filename":"D:\\a\\xet-core\\xet-core\\xet_client\\src\\cas_client\\adaptive_concurrency\\controller.rs","line_number":602}
{"timestamp":"2026-09-03T18:52:13.264645Z","level":"INFO","fields":{"message":"Retry strategy","retry":"RetryWrapper { max_attempts: 5, base_delay: 3s, max_duration: 360s, no_retry_on_429: false, retry_on_403: true, expected_416: false, expected_404: false, log_errors_as_info: false, api_tag: \"s3::get_range\", has_connection_permit: true }"},"filename":"D:\\a\\xet-core\\xet-core\\xet_client\\src\\cas_client\\retry_wrapper.rs","line_number":274}
{"timestamp":"2026-09-03T18:52:13.327310Z","level":"INFO","fields":{"message":"Received CAS response","request_id":"01M1M9TJ5CF52P5SKGJD07FRSF","status_code":206},"filename":"D:\\a\\xet-core\\xet-core\\xet_client\\src\\common\\http_client.rs","line_number":288}
{"timestamp":"2026-09-03T18:52:13.327326Z","level":"INFO","fields":{"message":"Request Success: s3::get_range api call succeeded (request id 01M1M9TJ5CF52P5SKGJD07FRSF)."},"filename":"D:\\a\\xet-core\\xet-core\\xet_client\\src\\cas_client\\retry_wrapper.rs","line_number":237}
{"timestamp":"2026-09-03T18:52:22.168615Z","level":"INFO","fields":{"message":"Concurrency control for download: Current concurrency = 1; predicted bandwidth = 779354; success_ratio = 1.000; reference_size = 61.0MB; observed bytes sent so far = 1039548210; completed transmissions = 33"},"filename":"D:\\a\\xet-core\\xet-core\\xet_client\\src\\cas_client\\adaptive_concurrency\\controller.rs","line_number":602}
{"timestamp":"2026-09-03T18:52:32.287186Z","level":"INFO","fields":{"message":"Concurrency control for download: Current concurrency = 1; predicted bandwidth = 844652; success_ratio = 1.000; reference_size = 61.0MB; observed bytes sent so far = 1048297266; completed transmissions = 33"},"filename":"D:\\a\\xet-core\\xet-core\\xet_client\\src\\cas_client\\adaptive_concurrency\\controller.rs","line_number":602}
{"timestamp":"2026-09-03T18:52:42.302137Z","level":"INFO","fields":{"message":"Concurrency control for download: Current concurrency = 1; predicted bandwidth = 906948; success_ratio = 1.000; reference_size = 61.0MB; observed bytes sent so far = 1056603954; completed transmissions = 33"},"filename":"D:\\a\\xet-core\\xet-core\\xet_client\\src\\cas_client\\adaptive_concurrency\\controller.rs","line_number":602}
{"timestamp":"2026-09-03T18:52:52.473850Z","level":"INFO","fields":{"message":"Concurrency control for download: Current concurrency = 1; predicted bandwidth = 982240; success_ratio = 1.000; reference_size = 61.0MB; observed bytes sent so far = 1065025330; completed transmissions = 33"},"filename":"D:\\a\\xet-core\\xet-core\\xet_client\\src\\cas_client\\adaptive_concurrency\\controller.rs","line_number":602}
{"timestamp":"2026-09-03T18:53:02.708426Z","level":"INFO","fields":{"message":"Concurrency control for download: Current concurrency = 1; predicted bandwidth = 1018794; success_ratio = 1.000; reference_size = 61.0MB; observed bytes sent so far = 1074724658; completed transmissions = 33"},"filename":"D:\\a\\xet-core\\xet-core\\xet_client\\src\\cas_client\\adaptive_concurrency\\controller.rs","line_number":602}
{"timestamp":"2026-09-03T18:53:05.102962Z","level":"INFO","fields":{"message":"Retry strategy","retry":"RetryWrapper { max_attempts: 5, base_delay: 3s, max_duration: 360s, no_retry_on_429: false, retry_on_403: true, expected_416: false, expected_404: false, log_errors_as_info: false, api_tag: \"s3::get_range\", has_connection_permit: true }"},"filename":"D:\\a\\xet-core\\xet-core\\xet_client\\src\\cas_client\\retry_wrapper.rs","line_number":274}
{"timestamp":"2026-09-03T18:53:05.166827Z","level":"INFO","fields":{"message":"Received CAS response","request_id":"01M1M9W4SC81F3WDEFVG59D25W","status_code":206},"filename":"D:\\a\\xet-core\\xet-core\\xet_client\\src\\common\\http_client.rs","line_number":288}
{"timestamp":"2026-09-03T18:53:05.166842Z","level":"INFO","fields":{"message":"Request Success: s3::get_range api call succeeded (request id 01M1M9W4SC81F3WDEFVG59D25W)."},"filename":"D:\\a\\xet-core\\xet-core\\xet_client\\src\\cas_client\\retry_wrapper.rs","line_number":237}
{"timestamp":"2026-09-03T18:53:12.827650Z","level":"INFO","fields":{"message":"Concurrency control for download: Current concurrency = 1; predicted bandwidth = 847892; success_ratio = 1.000; reference_size = 61.0MB; observed bytes sent so far = 1083408845; completed transmissions = 34"},"filename":"D:\\a\\xet-core\\xet-core\\xet_client\\src\\cas_client\\adaptive_concurrency\\controller.rs","line_number":602}
{"timestamp":"2026-09-03T18:53:22.860235Z","level":"INFO","fields":{"message":"Concurrency control for download: Current concurrency = 1; predicted bandwidth = 851861; success_ratio = 1.000; reference_size = 61.0MB; observed bytes sent so far = 1090879949; completed transmissions = 34"},"filename":"D:\\a\\xet-core\\xet-core\\xet_client\\src\\cas_client\\adaptive_concurrency\\controller.rs","line_number":602}
{"timestamp":"2026-09-03T18:53:33.199786Z","level":"INFO","fields":{"message":"Concurrency control for download: Current concurrency = 1; predicted bandwidth = 821666; success_ratio = 1.000; reference_size = 61.0MB; observed bytes sent so far = 1099563469; completed transmissions = 34"},"filename":"D:\\a\\xet-core\\xet-core\\xet_client\\src\\cas_client\\adaptive_concurrency\\controller.rs","line_number":602}
{"timestamp":"2026-09-03T18:53:43.259534Z","level":"INFO","fields":{"message":"Concurrency control for download: Current concurrency = 1; predicted bandwidth = 806539; success_ratio = 1.000; reference_size = 61.0MB; observed bytes sent so far = 1107067341; completed transmissions = 34"},"filename":"D:\\a\\xet-core\\xet-core\\xet_client\\src\\cas_client\\adaptive_concurrency\\controller.rs","line_number":602}
{"timestamp":"2026-09-03T18:53:53.332704Z","level":"INFO","fields":{"message":"Concurrency control for download: Current concurrency = 1; predicted bandwidth = 774038; success_ratio = 1.000; reference_size = 61.0MB; observed bytes sent so far = 1115488717; completed transmissions = 34"},"filename":"D:\\a\\xet-core\\xet-core\\xet_client\\src\\cas_client\\adaptive_concurrency\\controller.rs","line_number":602}
{"timestamp":"2026-09-03T18:54:00.810645Z","level":"INFO","fields":{"message":"Retry strategy","retry":"RetryWrapper { max_attempts: 5, base_delay: 3s, max_duration: 360s, no_retry_on_429: false, retry_on_403: true, expected_416: false, expected_404: false, log_errors_as_info: false, api_tag: \"s3::get_range\", has_connection_permit: true }"},"filename":"D:\\a\\xet-core\\xet-core\\xet_client\\src\\cas_client\\retry_wrapper.rs","line_number":274}
{"timestamp":"2026-09-03T18:54:00.879395Z","level":"INFO","fields":{"message":"Received CAS response","request_id":"01M1M9XV6GVQZE8T32XCBHPQX4","status_code":206},"filename":"D:\\a\\xet-core\\xet-core\\xet_client\\src\\common\\http_client.rs","line_number":288}
{"timestamp":"2026-09-03T18:54:00.879421Z","level":"INFO","fields":{"message":"Request Success: s3::get_range api call succeeded (request id 01M1M9XV6GVQZE8T32XCBHPQX4)."},"filename":"D:\\a\\xet-core\\xet-core\\xet_client\\src\\cas_client\\retry_wrapper.rs","line_number":237}
{"timestamp":"2026-09-03T18:54:03.456413Z","level":"INFO","fields":{"message":"Concurrency control for download: Current concurrency = 1; predicted bandwidth = 835980; success_ratio = 1.000; reference_size = 61.0MB; observed bytes sent so far = 1123989734; completed transmissions = 35"},"filename":"D:\\a\\xet-core\\xet-core\\xet_client\\src\\cas_client\\adaptive_concurrency\\controller.rs","line_number":602}
{"timestamp":"2026-09-03T18:54:13.533255Z","level":"INFO","fields":{"message":"Concurrency control for download: Current concurrency = 1; predicted bandwidth = 821567; success_ratio = 1.000; reference_size = 61.0MB; observed bytes sent so far = 1130712332; completed transmissions = 35"},"filename":"D:\\a\\xet-core\\xet-core\\xet_client\\src\\cas_client\\adaptive_concurrency\\controller.rs","line_number":602}
{"timestamp":"2026-09-03T18:54:23.617559Z","level":"INFO","fields":{"message":"Concurrency control for download: Current concurrency = 1; predicted bandwidth = 768536; success_ratio = 1.000; reference_size = 61.0MB; observed bytes sent so far = 1138052364; completed transmissions = 35"},"filename":"D:\\a\\xet-core\\xet-core\\xet_client\\src\\cas_client\\adaptive_concurrency\\controller.rs","line_number":602}
{"timestamp":"2026-09-03T18:54:33.717157Z","level":"INFO","fields":{"message":"Concurrency control for download: Current concurrency = 1; predicted bandwidth = 740958; success_ratio = 1.000; reference_size = 61.0MB; observed bytes sent so far = 1147800844; completed transmissions = 35"},"filename":"D:\\a\\xet-core\\xet-core\\xet_client\\src\\cas_client\\adaptive_concurrency\\controller.rs","line_number":602}
{"timestamp":"2026-09-03T18:54:43.941814Z","level":"INFO","fields":{"message":"Concurrency control for download: Current concurrency = 1; predicted bandwidth = 735163; success_ratio = 1.000; reference_size = 61.0MB; observed bytes sent so far = 1156369676; completed transmissions = 35"},"filename":"D:\\a\\xet-core\\xet-core\\xet_client\\src\\cas_client\\adaptive_concurrency\\controller.rs","line_number":602}
{"timestamp":"2026-09-03T18:54:53.998875Z","level":"INFO","fields":{"message":"Concurrency control for download: Current concurrency = 1; predicted bandwidth = 733446; success_ratio = 1.000; reference_size = 61.0MB; observed bytes sent so far = 1162939660; completed transmissions = 35"},"filename":"D:\\a\\xet-core\\xet-core\\xet_client\\src\\cas_client\\adaptive_concurrency\\controller.rs","line_number":602}
{"timestamp":"2026-09-03T18:55:00.007837Z","level":"INFO","fields":{"message":"Retry strategy","retry":"RetryWrapper { max_attempts: 5, base_delay: 3s, max_duration: 360s, no_retry_on_429: false, retry_on_403: true, expected_416: false, expected_404: false, log_errors_as_info: false, api_tag: \"s3::get_range\", has_connection_permit: true }"},"filename":"D:\\a\\xet-core\\xet-core\\xet_client\\src\\cas_client\\retry_wrapper.rs","line_number":274}
{"timestamp":"2026-09-03T18:55:00.130504Z","level":"INFO","fields":{"message":"Received CAS response","request_id":"01M1M9ZN06FYE1X09Y68JQR9QW","status_code":206},"filename":"D:\\a\\xet-core\\xet-core\\xet_client\\src\\common\\http_client.rs","line_number":288}
{"timestamp":"2026-09-03T18:55:00.130543Z","level":"INFO","fields":{"message":"Request Success: s3::get_range api call succeeded (request id 01M1M9ZN06FYE1X09Y68JQR9QW)."},"filename":"D:\\a\\xet-core\\xet-core\\xet_client\\src\\cas_client\\retry_wrapper.rs","line_number":237}
{"timestamp":"2026-09-03T18:55:04.291882Z","level":"INFO","fields":{"message":"Concurrency control for download: Current concurrency = 1; predicted bandwidth = 777074; success_ratio = 1.000; reference_size = 61.0MB; observed bytes sent so far = 1169150617; completed transmissions = 36"},"filename":"D:\\a\\xet-core\\xet-core\\xet_client\\src\\cas_client\\adaptive_concurrency\\controller.rs","line_number":602}
{"timestamp":"2026-09-03T18:55:14.564099Z","level":"INFO","fields":{"message":"Concurrency control for download: Current concurrency = 1; predicted bandwidth = 710032; success_ratio = 1.000; reference_size = 61.0MB; observed bytes sent so far = 1174164121; completed transmissions = 36"},"filename":"D:\\a\\xet-core\\xet-core\\xet_client\\src\\cas_client\\adaptive_concurrency\\controller.rs","line_number":602}
{"timestamp":"2026-09-03T18:55:24.764440Z","level":"INFO","fields":{"message":"Concurrency control for download: Current concurrency = 1; predicted bandwidth = 610465; success_ratio = 1.000; reference_size = 61.0MB; observed bytes sent so far = 1181192857; completed transmissions = 36"},"filename":"D:\\a\\xet-core\\xet-core\\xet_client\\src\\cas_client\\adaptive_concurrency\\controller.rs","line_number":602}
{"timestamp":"2026-09-03T18:55:34.814389Z","level":"INFO","fields":{"message":"Concurrency control for download: Current concurrency = 1; predicted bandwidth = 568885; success_ratio = 1.000; reference_size = 61.0MB; observed bytes sent so far = 1188811417; completed transmissions = 36"},"filename":"D:\\a\\xet-core\\xet-core\\xet_client\\src\\cas_client\\adaptive_concurrency\\controller.rs","line_number":602}
{"timestamp":"2026-09-03T18:55:44.870115Z","level":"INFO","fields":{"message":"Concurrency control for download: Current concurrency = 1; predicted bandwidth = 542003; success_ratio = 1.000; reference_size = 61.0MB; observed bytes sent so far = 1197331097; completed transmissions = 36"},"filename":"D:\\a\\xet-core\\xet-core\\xet_client\\src\\cas_client\\adaptive_concurrency\\controller.rs","line_number":602}
{"timestamp":"2026-09-03T18:55:54.902413Z","level":"INFO","fields":{"message":"Concurrency control for download: Current concurrency = 1; predicted bandwidth = 525340; success_ratio = 1.000; reference_size = 61.0MB; observed bytes sent so far = 1204376217; completed transmissions = 36"},"filename":"D:\\a\\xet-core\\xet-core\\xet_client\\src\\cas_client\\adaptive_concurrency\\controller.rs","line_number":602}
{"timestamp":"2026-09-03T18:56:05.238953Z","level":"INFO","fields":{"message":"Concurrency control for download: Current concurrency = 1; predicted bandwidth = 523671; success_ratio = 1.000; reference_size = 61.0MB; observed bytes sent so far = 1210241689; completed transmissions = 36"},"filename":"D:\\a\\xet-core\\xet-core\\xet_client\\src\\cas_client\\adaptive_concurrency\\controller.rs","line_number":602}
{"timestamp":"2026-09-03T18:56:06.820886Z","level":"INFO","fields":{"message":"Retry strategy","retry":"RetryWrapper { max_attempts: 5, base_delay: 3s, max_duration: 360s, no_retry_on_429: false, retry_on_403: true, expected_416: false, expected_404: false, log_errors_as_info: false, api_tag: \"s3::get_range\", has_connection_permit: true }"},"filename":"D:\\a\\xet-core\\xet-core\\xet_client\\src\\cas_client\\retry_wrapper.rs","line_number":274}
{"timestamp":"2026-09-03T18:56:06.879704Z","level":"INFO","fields":{"message":"Received CAS response","request_id":"01M1MA1P84RX2J04JBHEJFQ9G8","status_code":206},"filename":"D:\\a\\xet-core\\xet-core\\xet_client\\src\\common\\http_client.rs","line_number":288}
{"timestamp":"2026-09-03T18:56:06.879726Z","level":"INFO","fields":{"message":"Request Success: s3::get_range api call succeeded (request id 01M1MA1P84RX2J04JBHEJFQ9G8)."},"filename":"D:\\a\\xet-core\\xet-core\\xet_client\\src\\cas_client\\retry_wrapper.rs","line_number":237}
{"timestamp":"2026-09-03T18:56:15.357821Z","level":"INFO","fields":{"message":"Concurrency control for download: Current concurrency = 1; predicted bandwidth = 633088; success_ratio = 1.000; reference_size = 61.0MB; observed bytes sent so far = 1216606815; completed transmissions = 37"},"filename":"D:\\a\\xet-core\\xet-core\\xet_client\\src\\cas_client\\adaptive_concurrency\\controller.rs","line_number":602}
{"timestamp":"2026-09-03T18:56:25.516727Z","level":"INFO","fields":{"message":"Concurrency control for download: Current concurrency = 1; predicted bandwidth = 673285; success_ratio = 1.000; reference_size = 61.0MB; observed bytes sent so far = 1225159263; completed transmissions = 37"},"filename":"D:\\a\\xet-core\\xet-core\\xet_client\\src\\cas_client\\adaptive_concurrency\\controller.rs","line_number":602}
{"timestamp":"2026-09-03T18:56:35.616929Z","level":"INFO","fields":{"message":"Concurrency control for download: Current concurrency = 1; predicted bandwidth = 663400; success_ratio = 1.000; reference_size = 61.0MB; observed bytes sent so far = 1229992543; completed transmissions = 37"},"filename":"D:\\a\\xet-core\\xet-core\\xet_client\\src\\cas_client\\adaptive_concurrency\\controller.rs","line_number":602}
{"timestamp":"2026-09-03T18:56:45.933905Z","level":"INFO","fields":{"message":"Concurrency control for download: Current concurrency = 1; predicted bandwidth = 673298; success_ratio = 1.000; reference_size = 61.0MB; observed bytes sent so far = 1239118431; completed transmissions = 37"},"filename":"D:\\a\\xet-core\\xet-core\\xet_client\\src\\cas_client\\adaptive_concurrency\\controller.rs","line_number":602}
{"timestamp":"2026-09-03T18:56:56.143637Z","level":"INFO","fields":{"message":"Concurrency control for download: Current concurrency = 1; predicted bandwidth = 715645; success_ratio = 1.000; reference_size = 61.0MB; observed bytes sent so far = 1247900255; completed transmissions = 37"},"filename":"D:\\a\\xet-core\\xet-core\\xet_client\\src\\cas_client\\adaptive_concurrency\\controller.rs","line_number":602}
{"timestamp":"2026-09-03T18:57:06.028246Z","level":"INFO","fields":{"message":"Retry strategy","retry":"RetryWrapper { max_attempts: 5, base_delay: 3s, max_duration: 360s, no_retry_on_429: false, retry_on_403: true, expected_416: false, expected_404: false, log_errors_as_info: false, api_tag: \"s3::get_range\", has_connection_permit: true }"},"filename":"D:\\a\\xet-core\\xet-core\\xet_client\\src\\cas_client\\retry_wrapper.rs","line_number":274}
{"timestamp":"2026-09-03T18:57:06.106784Z","level":"INFO","fields":{"message":"Received CAS response","request_id":"01M1MA3G2M91Q1DYC9JJTVXVZ8","status_code":206},"filename":"D:\\a\\xet-core\\xet-core\\xet_client\\src\\common\\http_client.rs","line_number":288}
{"timestamp":"2026-09-03T18:57:06.106799Z","level":"INFO","fields":{"message":"Request Success: s3::get_range api call succeeded (request id 01M1MA3G2M91Q1DYC9JJTVXVZ8)."},"filename":"D:\\a\\xet-core\\xet-core\\xet_client\\src\\cas_client\\retry_wrapper.rs","line_number":237}
{"timestamp":"2026-09-03T18:57:06.366798Z","level":"INFO","fields":{"message":"Concurrency control for download: Current concurrency = 1; predicted bandwidth = 618808; success_ratio = 1.000; reference_size = 61.0MB; observed bytes sent so far = 1256629833; completed transmissions = 38"},"filename":"D:\\a\\xet-core\\xet-core\\xet_client\\src\\cas_client\\adaptive_concurrency\\controller.rs","line_number":602}
{"timestamp":"2026-09-03T18:57:16.450577Z","level":"INFO","fields":{"message":"Concurrency control for download: Current concurrency = 1; predicted bandwidth = 699531; success_ratio = 1.000; reference_size = 61.0MB; observed bytes sent so far = 1264741667; completed transmissions = 38"},"filename":"D:\\a\\xet-core\\xet-core\\xet_client\\src\\cas_client\\adaptive_concurrency\\controller.rs","line_number":602}
{"timestamp":"2026-09-03T18:57:26.552291Z","level":"INFO","fields":{"message":"Concurrency control for download: Current concurrency = 1; predicted bandwidth = 752307; success_ratio = 1.000; reference_size = 61.0MB; observed bytes sent so far = 1273163043; completed transmissions = 38"},"filename":"D:\\a\\xet-core\\xet-core\\xet_client\\src\\cas_client\\adaptive_concurrency\\controller.rs","line_number":602}
{"timestamp":"2026-09-03T18:57:36.694233Z","level":"INFO","fields":{"message":"Concurrency control for download: Current concurrency = 1; predicted bandwidth = 763789; success_ratio = 1.000; reference_size = 61.0MB; observed bytes sent so far = 1280060707; completed transmissions = 38"},"filename":"D:\\a\\xet-core\\xet-core\\xet_client\\src\\cas_client\\adaptive_concurrency\\controller.rs","line_number":602}
{"timestamp":"2026-09-03T18:57:46.858570Z","level":"INFO","fields":{"message":"Concurrency control for download: Current concurrency = 1; predicted bandwidth = 775504; success_ratio = 1.000; reference_size = 61.0MB; observed bytes sent so far = 1288482083; completed transmissions = 38"},"filename":"D:\\a\\xet-core\\xet-core\\xet_client\\src\\cas_client\\adaptive_concurrency\\controller.rs","line_number":602}
{"timestamp":"2026-09-03T18:57:56.986799Z","level":"INFO","fields":{"message":"Concurrency control for download: Current concurrency = 1; predicted bandwidth = 796542; success_ratio = 1.000; reference_size = 61.0MB; observed bytes sent so far = 1297198371; completed transmissions = 38"},"filename":"D:\\a\\xet-core\\xet-core\\xet_client\\src\\cas_client\\adaptive_concurrency\\controller.rs","line_number":602}
{"timestamp":"2026-09-03T18:58:01.441829Z","level":"INFO","fields":{"message":"Retry strategy","retry":"RetryWrapper { max_attempts: 5, base_delay: 3s, max_duration: 360s, no_retry_on_429: false, retry_on_403: true, expected_416: false, expected_404: false, log_errors_as_info: false, api_tag: \"s3::get_range\", has_connection_permit: true }"},"filename":"D:\\a\\xet-core\\xet-core\\xet_client\\src\\cas_client\\retry_wrapper.rs","line_number":274}
{"timestamp":"2026-09-03T18:58:01.515455Z","level":"INFO","fields":{"message":"Received CAS response","request_id":"01M1MA5665REZKRMZS669X6KYX","status_code":206},"filename":"D:\\a\\xet-core\\xet-core\\xet_client\\src\\common\\http_client.rs","line_number":288}
{"timestamp":"2026-09-03T18:58:01.515476Z","level":"INFO","fields":{"message":"Request Success: s3::get_range api call succeeded (request id 01M1MA5665REZKRMZS669X6KYX)."},"filename":"D:\\a\\xet-core\\xet-core\\xet_client\\src\\cas_client\\retry_wrapper.rs","line_number":237}
{"timestamp":"2026-09-03T18:58:07.096832Z","level":"INFO","fields":{"message":"Concurrency control for download: Current concurrency = 1; predicted bandwidth = 761506; success_ratio = 1.000; reference_size = 61.0MB; observed bytes sent so far = 1305615533; completed transmissions = 39"},"filename":"D:\\a\\xet-core\\xet-core\\xet_client\\src\\cas_client\\adaptive_concurrency\\controller.rs","line_number":602}
{"timestamp":"2026-09-03T18:58:17.245432Z","level":"INFO","fields":{"message":"Concurrency control for download: Current concurrency = 1; predicted bandwidth = 756646; success_ratio = 1.000; reference_size = 61.0MB; observed bytes sent so far = 1313758381; completed transmissions = 39"},"filename":"D:\\a\\xet-core\\xet-core\\xet_client\\src\\cas_client\\adaptive_concurrency\\controller.rs","line_number":602}
{"timestamp":"2026-09-03T18:58:27.304996Z","level":"INFO","fields":{"message":"Concurrency control for download: Current concurrency = 1; predicted bandwidth = 737142; success_ratio = 1.000; reference_size = 61.0MB; observed bytes sent so far = 1319984301; completed transmissions = 39"},"filename":"D:\\a\\xet-core\\xet-core\\xet_client\\src\\cas_client\\adaptive_concurrency\\controller.rs","line_number":602}
{"timestamp":"2026-09-03T18:58:37.330897Z","level":"INFO","fields":{"message":"Concurrency control for download: Current concurrency = 1; predicted bandwidth = 704823; success_ratio = 1.000; reference_size = 61.0MB; observed bytes sent so far = 1327619245; completed transmissions = 39"},"filename":"D:\\a\\xet-core\\xet-core\\xet_client\\src\\cas_client\\adaptive_concurrency\\controller.rs","line_number":602}
{"timestamp":"2026-09-03T18:58:47.498099Z","level":"INFO","fields":{"message":"Concurrency control for download: Current concurrency = 1; predicted bandwidth = 674546; success_ratio = 1.000; reference_size = 61.0MB; observed bytes sent so far = 1336761517; completed transmissions = 39"},"filename":"D:\\a\\xet-core\\xet-core\\xet_client\\src\\cas_client\\adaptive_concurrency\\controller.rs","line_number":602}
{"timestamp":"2026-09-03T18:58:57.137246Z","level":"INFO","fields":{"message":"Retry strategy","retry":"RetryWrapper { max_attempts: 5, base_delay: 3s, max_duration: 360s, no_retry_on_429: false, retry_on_403: true, expected_416: false, expected_404: false, log_errors_as_info: false, api_tag: \"s3::get_range\", has_connection_permit: true }"},"filename":"D:\\a\\xet-core\\xet-core\\xet_client\\src\\cas_client\\retry_wrapper.rs","line_number":274}
{"timestamp":"2026-09-03T18:58:57.215099Z","level":"INFO","fields":{"message":"Received CAS response","request_id":"01M1MA6WJGQAW1R04V2NFSAJHE","status_code":206},"filename":"D:\\a\\xet-core\\xet-core\\xet_client\\src\\common\\http_client.rs","line_number":288}
{"timestamp":"2026-09-03T18:58:57.215132Z","level":"INFO","fields":{"message":"Request Success: s3::get_range api call succeeded (request id 01M1MA6WJGQAW1R04V2NFSAJHE)."},"filename":"D:\\a\\xet-core\\xet-core\\xet_client\\src\\cas_client\\retry_wrapper.rs","line_number":237}
{"timestamp":"2026-09-03T18:58:57.732040Z","level":"INFO","fields":{"message":"Concurrency control for download: Current concurrency = 1; predicted bandwidth = 670336; success_ratio = 1.000; reference_size = 61.0MB; observed bytes sent so far = 1346642063; completed transmissions = 40"},"filename":"D:\\a\\xet-core\\xet-core\\xet_client\\src\\cas_client\\adaptive_concurrency\\controller.rs","line_number":602}
{"timestamp":"2026-09-03T18:59:07.767955Z","level":"INFO","fields":{"message":"Concurrency control for download: Current concurrency = 1; predicted bandwidth = 782246; success_ratio = 1.000; reference_size = 61.0MB; observed bytes sent so far = 1356013711; completed transmissions = 40"},"filename":"D:\\a\\xet-core\\xet-core\\xet_client\\src\\cas_client\\adaptive_concurrency\\controller.rs","line_number":602}
{"timestamp":"2026-09-03T18:59:17.958178Z","level":"INFO","fields":{"message":"Concurrency control for download: Current concurrency = 1; predicted bandwidth = 854499; success_ratio = 1.000; reference_size = 61.0MB; observed bytes sent so far = 1365418127; completed transmissions = 40"},"filename":"D:\\a\\xet-core\\xet-core\\xet_client\\src\\cas_client\\adaptive_concurrency\\controller.rs","line_number":602}
{"timestamp":"2026-09-03T18:59:28.164755Z","level":"INFO","fields":{"message":"Concurrency control for download: Current concurrency = 1; predicted bandwidth = 945802; success_ratio = 1.000; reference_size = 61.0MB; observed bytes sent so far = 1375101071; completed transmissions = 40"},"filename":"D:\\a\\xet-core\\xet-core\\xet_client\\src\\cas_client\\adaptive_concurrency\\controller.rs","line_number":602}
{"timestamp":"2026-09-03T18:59:38.204510Z","level":"INFO","fields":{"message":"Concurrency control for download: Current concurrency = 1; predicted bandwidth = 1039481; success_ratio = 1.000; reference_size = 61.0MB; observed bytes sent so far = 1384489103; completed transmissions = 40"},"filename":"D:\\a\\xet-core\\xet-core\\xet_client\\src\\cas_client\\adaptive_concurrency\\controller.rs","line_number":602}
{"timestamp":"2026-09-03T18:59:45.285770Z","level":"INFO","fields":{"message":"Retry strategy","retry":"RetryWrapper { max_attempts: 5, base_delay: 3s, max_duration: 360s, no_retry_on_429: false, retry_on_403: true, expected_416: false, expected_404: false, log_errors_as_info: false, api_tag: \"s3::get_range\", has_connection_permit: true }"},"filename":"D:\\a\\xet-core\\xet-core\\xet_client\\src\\cas_client\\retry_wrapper.rs","line_number":274}
{"timestamp":"2026-09-03T18:59:45.354662Z","level":"INFO","fields":{"message":"Received CAS response","request_id":"01M1MA8BKF4J5JHH4ZKY83GMQF","status_code":206},"filename":"D:\\a\\xet-core\\xet-core\\xet_client\\src\\common\\http_client.rs","line_number":288}
{"timestamp":"2026-09-03T18:59:45.354702Z","level":"INFO","fields":{"message":"Request Success: s3::get_range api call succeeded (request id 01M1MA8BKF4J5JHH4ZKY83GMQF)."},"filename":"D:\\a\\xet-core\\xet-core\\xet_client\\src\\cas_client\\retry_wrapper.rs","line_number":237}
{"timestamp":"2026-09-03T18:59:48.345787Z","level":"INFO","fields":{"message":"Concurrency control for download: Current concurrency = 1; predicted bandwidth = 879774; success_ratio = 1.000; reference_size = 61.0MB; observed bytes sent so far = 1394069780; completed transmissions = 41"},"filename":"D:\\a\\xet-core\\xet-core\\xet_client\\src\\cas_client\\adaptive_concurrency\\controller.rs","line_number":602}
{"timestamp":"2026-09-03T18:59:58.355823Z","level":"INFO","fields":{"message":"Concurrency control for download: Current concurrency = 1; predicted bandwidth = 901130; success_ratio = 1.000; reference_size = 61.0MB; observed bytes sent so far = 1403392276; completed transmissions = 41"},"filename":"D:\\a\\xet-core\\xet-core\\xet_client\\src\\cas_client\\adaptive_concurrency\\controller.rs","line_number":602}
{"timestamp":"2026-09-03T19:00:08.625741Z","level":"INFO","fields":{"message":"Concurrency control for download: Current concurrency = 1; predicted bandwidth = 912811; success_ratio = 1.000; reference_size = 61.0MB; observed bytes sent so far = 1412616468; completed transmissions = 41"},"filename":"D:\\a\\xet-core\\xet-core\\xet_client\\src\\cas_client\\adaptive_concurrency\\controller.rs","line_number":602}
{"timestamp":"2026-09-03T19:00:18.685471Z","level":"INFO","fields":{"message":"Concurrency control for download: Current concurrency = 1; predicted bandwidth = 904446; success_ratio = 1.000; reference_size = 61.0MB; observed bytes sent so far = 1420562708; completed transmissions = 41"},"filename":"D:\\a\\xet-core\\xet-core\\xet_client\\src\\cas_client\\adaptive_concurrency\\controller.rs","line_number":602}
{"timestamp":"2026-09-03T19:00:28.789036Z","level":"INFO","fields":{"message":"Concurrency control for download: Current concurrency = 1; predicted bandwidth = 861191; success_ratio = 1.000; reference_size = 61.0MB; observed bytes sent so far = 1426198804; completed transmissions = 41"},"filename":"D:\\a\\xet-core\\xet-core\\xet_client\\src\\cas_client\\adaptive_concurrency\\controller.rs","line_number":602}
{"timestamp":"2026-09-03T19:00:38.992424Z","level":"INFO","fields":{"message":"Concurrency control for download: Current concurrency = 1; predicted bandwidth = 811334; success_ratio = 1.000; reference_size = 61.0MB; observed bytes sent so far = 1432211732; completed transmissions = 41"},"filename":"D:\\a\\xet-core\\xet-core\\xet_client\\src\\cas_client\\adaptive_concurrency\\controller.rs","line_number":602}
{"timestamp":"2026-09-03T19:00:43.699163Z","level":"INFO","fields":{"message":"Retry strategy","retry":"RetryWrapper { max_attempts: 5, base_delay: 3s, max_duration: 360s, no_retry_on_429: false, retry_on_403: true, expected_416: false, expected_404: false, log_errors_as_info: false, api_tag: \"s3::get_range\", has_connection_permit: true }"},"filename":"D:\\a\\xet-core\\xet-core\\xet_client\\src\\cas_client\\retry_wrapper.rs","line_number":274}
{"timestamp":"2026-09-03T19:00:43.763772Z","level":"INFO","fields":{"message":"Received CAS response","request_id":"01M1MAA4MNEQ6R79A2DTXBS9VP","status_code":206},"filename":"D:\\a\\xet-core\\xet-core\\xet_client\\src\\common\\http_client.rs","line_number":288}
{"timestamp":"2026-09-03T19:00:43.763788Z","level":"INFO","fields":{"message":"Request Success: s3::get_range api call succeeded (request id 01M1MAA4MNEQ6R79A2DTXBS9VP)."},"filename":"D:\\a\\xet-core\\xet-core\\xet_client\\src\\cas_client\\retry_wrapper.rs","line_number":237}
{"timestamp":"2026-09-03T19:00:49.150461Z","level":"INFO","fields":{"message":"Concurrency control for download: Current concurrency = 1; predicted bandwidth = 863086; success_ratio = 1.000; reference_size = 61.0MB; observed bytes sent so far = 1440916646; completed transmissions = 42"},"filename":"D:\\a\\xet-core\\xet-core\\xet_client\\src\\cas_client\\adaptive_concurrency\\controller.rs","line_number":602}
{"timestamp":"2026-09-03T19:00:59.335105Z","level":"INFO","fields":{"message":"Concurrency control for download: Current concurrency = 1; predicted bandwidth = 840468; success_ratio = 1.000; reference_size = 61.0MB; observed bytes sent so far = 1449469094; completed transmissions = 42"},"filename":"D:\\a\\xet-core\\xet-core\\xet_client\\src\\cas_client\\adaptive_concurrency\\controller.rs","line_number":602}
{"timestamp":"2026-09-03T19:01:09.404386Z","level":"INFO","fields":{"message":"Concurrency control for download: Current concurrency = 1; predicted bandwidth = 873018; success_ratio = 1.000; reference_size = 61.0MB; observed bytes sent so far = 1458103462; completed transmissions = 42"},"filename":"D:\\a\\xet-core\\xet-core\\xet_client\\src\\cas_client\\adaptive_concurrency\\controller.rs","line_number":602}
{"timestamp":"2026-09-03T19:01:19.505034Z","level":"INFO","fields":{"message":"Concurrency control for download: Current concurrency = 1; predicted bandwidth = 929427; success_ratio = 1.000; reference_size = 61.0MB; observed bytes sent so far = 1467131046; completed transmissions = 42"},"filename":"D:\\a\\xet-core\\xet-core\\xet_client\\src\\cas_client\\adaptive_concurrency\\controller.rs","line_number":602}
{"timestamp":"2026-09-03T19:01:29.646264Z","level":"INFO","fields":{"message":"Concurrency control for download: Current concurrency = 1; predicted bandwidth = 959001; success_ratio = 1.000; reference_size = 61.0MB; observed bytes sent so far = 1472750758; completed transmissions = 42"},"filename":"D:\\a\\xet-core\\xet-core\\xet_client\\src\\cas_client\\adaptive_concurrency\\controller.rs","line_number":602}
{"timestamp":"2026-09-03T19:01:39.911616Z","level":"INFO","fields":{"message":"Concurrency control for download: Current concurrency = 1; predicted bandwidth = 948432; success_ratio = 1.000; reference_size = 61.0MB; observed bytes sent so far = 1477469350; completed transmissions = 42"},"filename":"D:\\a\\xet-core\\xet-core\\xet_client\\src\\cas_client\\adaptive_concurrency\\controller.rs","line_number":602}
{"timestamp":"2026-09-03T19:01:45.780494Z","level":"INFO","fields":{"message":"Retry strategy","retry":"RetryWrapper { max_attempts: 5, base_delay: 3s, max_duration: 360s, no_retry_on_429: false, retry_on_403: true, expected_416: false, expected_404: false, log_errors_as_info: false, api_tag: \"s3::get_range\", has_connection_permit: true }"},"filename":"D:\\a\\xet-core\\xet-core\\xet_client\\src\\cas_client\\retry_wrapper.rs","line_number":274}
{"timestamp":"2026-09-03T19:01:45.848899Z","level":"INFO","fields":{"message":"Received CAS response","request_id":"01M1MAC18TVZ41XMHW3CVAKJW9","status_code":206},"filename":"D:\\a\\xet-core\\xet-core\\xet_client\\src\\common\\http_client.rs","line_number":288}
{"timestamp":"2026-09-03T19:01:45.848916Z","level":"INFO","fields":{"message":"Request Success: s3::get_range api call succeeded (request id 01M1MAC18TVZ41XMHW3CVAKJW9)."},"filename":"D:\\a\\xet-core\\xet-core\\xet_client\\src\\cas_client\\retry_wrapper.rs","line_number":237}
{"timestamp":"2026-09-03T19:01:49.980121Z","level":"INFO","fields":{"message":"Concurrency control for download: Current concurrency = 1; predicted bandwidth = 885441; success_ratio = 1.000; reference_size = 61.0MB; observed bytes sent so far = 1482654180; completed transmissions = 43"},"filename":"D:\\a\\xet-core\\xet-core\\xet_client\\src\\cas_client\\adaptive_concurrency\\controller.rs","line_number":602}
{"timestamp":"2026-09-03T19:02:00.171118Z","level":"INFO","fields":{"message":"Concurrency control for download: Current concurrency = 1; predicted bandwidth = 724152; success_ratio = 1.000; reference_size = 61.0MB; observed bytes sent so far = 1484177830; completed transmissions = 43"},"filename":"D:\\a\\xet-core\\xet-core\\xet_client\\src\\cas_client\\adaptive_concurrency\\controller.rs","line_number":602}
{"timestamp":"2026-09-03T19:02:10.436982Z","level":"INFO","fields":{"message":"Concurrency control for download: Current concurrency = 1; predicted bandwidth = 539353; success_ratio = 1.000; reference_size = 61.0MB; observed bytes sent so far = 1486340518; completed transmissions = 43"},"filename":"D:\\a\\xet-core\\xet-core\\xet_client\\src\\cas_client\\adaptive_concurrency\\controller.rs","line_number":602}
{"timestamp":"2026-09-03T19:02:20.526422Z","level":"INFO","fields":{"message":"Concurrency control for download: Current concurrency = 1; predicted bandwidth = 387259; success_ratio = 1.000; reference_size = 61.0MB; observed bytes sent so far = 1493156262; completed transmissions = 43"},"filename":"D:\\a\\xet-core\\xet-core\\xet_client\\src\\cas_client\\adaptive_concurrency\\controller.rs","line_number":602}
{"timestamp":"2026-09-03T19:02:30.622891Z","level":"INFO","fields":{"message":"Concurrency control for download: Current concurrency = 1; predicted bandwidth = 346908; success_ratio = 1.000; reference_size = 61.0MB; observed bytes sent so far = 1499349414; completed transmissions = 43"},"filename":"D:\\a\\xet-core\\xet-core\\xet_client\\src\\cas_client\\adaptive_concurrency\\controller.rs","line_number":602}
{"timestamp":"2026-09-03T19:02:40.866286Z","level":"INFO","fields":{"message":"Concurrency control for download: Current concurrency = 1; predicted bandwidth = 320253; success_ratio = 1.000; reference_size = 61.0MB; observed bytes sent so far = 1502921126; completed transmissions = 43"},"filename":"D:\\a\\xet-core\\xet-core\\xet_client\\src\\cas_client\\adaptive_concurrency\\controller.rs","line_number":602}
{"timestamp":"2026-09-03T19:02:51.199478Z","level":"INFO","fields":{"message":"Concurrency control for download: Current concurrency = 1; predicted bandwidth = 311402; success_ratio = 1.000; reference_size = 61.0MB; observed bytes sent so far = 1503510950; completed transmissions = 43"},"filename":"D:\\a\\xet-core\\xet-core\\xet_client\\src\\cas_client\\adaptive_concurrency\\controller.rs","line_number":602}
{"timestamp":"2026-09-03T19:03:01.424482Z","level":"INFO","fields":{"message":"Concurrency control for download: Current concurrency = 1; predicted bandwidth = 276714; success_ratio = 1.000; reference_size = 61.0MB; observed bytes sent so far = 1504985510; completed transmissions = 43"},"filename":"D:\\a\\xet-core\\xet-core\\xet_client\\src\\cas_client\\adaptive_concurrency\\controller.rs","line_number":602}
{"timestamp":"2026-09-03T19:03:11.830595Z","level":"INFO","fields":{"message":"Concurrency control for download: Current concurrency = 1; predicted bandwidth = 221695; success_ratio = 1.000; reference_size = 61.0MB; observed bytes sent so far = 1507590566; completed transmissions = 43"},"filename":"D:\\a\\xet-core\\xet-core\\xet_client\\src\\cas_client\\adaptive_concurrency\\controller.rs","line_number":602}
{"timestamp":"2026-09-03T19:03:15.905224Z","level":"INFO","fields":{"message":"Concurrency control for download: Decreased concurrency from 1 to 1; reason: success ratio below threshold (connection struggling) (success_ratio = 1.000, threshold = 0.500)"},"filename":"D:\\a\\xet-core\\xet-core\\xet_client\\src\\cas_client\\adaptive_concurrency\\controller.rs","line_number":586}
{"timestamp":"2026-09-03T19:03:16.532916Z","level":"INFO","fields":{"message":"Concurrency control for download: Decreased concurrency from 1 to 1; reason: success ratio below threshold (connection struggling) (success_ratio = 1.000, threshold = 0.500)"},"filename":"D:\\a\\xet-core\\xet-core\\xet_client\\src\\cas_client\\adaptive_concurrency\\controller.rs","line_number":586}
{"timestamp":"2026-09-03T19:03:17.287293Z","level":"INFO","fields":{"message":"Concurrency control for download: Decreased concurrency from 1 to 1; reason: success ratio below threshold (connection struggling) (success_ratio = 1.000, threshold = 0.500)"},"filename":"D:\\a\\xet-core\\xet-core\\xet_client\\src\\cas_client\\adaptive_concurrency\\controller.rs","line_number":586}
{"timestamp":"2026-09-03T19:03:18.245031Z","level":"INFO","fields":{"message":"Concurrency control for download: Decreased concurrency from 1 to 1; reason: success ratio below threshold (connection struggling) (success_ratio = 1.000, threshold = 0.500)"},"filename":"D:\\a\\xet-core\\xet-core\\xet_client\\src\\cas_client\\adaptive_concurrency\\controller.rs","line_number":586}
{"timestamp":"2026-09-03T19:03:18.832210Z","level":"INFO","fields":{"message":"Concurrency control for download: Decreased concurrency from 1 to 1; reason: success ratio below threshold (connection struggling) (success_ratio = 1.000, threshold = 0.500)"},"filename":"D:\\a\\xet-core\\xet-core\\xet_client\\src\\cas_client\\adaptive_concurrency\\controller.rs","line_number":586}
{"timestamp":"2026-09-03T19:03:19.564798Z","level":"INFO","fields":{"message":"Concurrency control for download: Decreased concurrency from 1 to 1; reason: success ratio below threshold (connection struggling) (success_ratio = 1.000, threshold = 0.500)"},"filename":"D:\\a\\xet-core\\xet-core\\xet_client\\src\\cas_client\\adaptive_concurrency\\controller.rs","line_number":586}
{"timestamp":"2026-09-03T19:03:20.241379Z","level":"INFO","fields":{"message":"Concurrency control for download: Decreased concurrency from 1 to 1; reason: success ratio below threshold (connection struggling) (success_ratio = 1.000, threshold = 0.500)"},"filename":"D:\\a\\xet-core\\xet-core\\xet_client\\src\\cas_client\\adaptive_concurrency\\controller.rs","line_number":586}
{"timestamp":"2026-09-03T19:03:21.009897Z","level":"INFO","fields":{"message":"Concurrency control for download: Decreased concurrency from 1 to 1; reason: success ratio below threshold (connection struggling) (success_ratio = 1.000, threshold = 0.500)"},"filename":"D:\\a\\xet-core\\xet-core\\xet_client\\src\\cas_client\\adaptive_concurrency\\controller.rs","line_number":586}
{"timestamp":"2026-09-03T19:03:21.719566Z","level":"INFO","fields":{"message":"Concurrency control for download: Decreased concurrency from 1 to 1; reason: success ratio below threshold (connection struggling) (success_ratio = 1.000, threshold = 0.500)"},"filename":"D:\\a\\xet-core\\xet-core\\xet_client\\src\\cas_client\\adaptive_concurrency\\controller.rs","line_number":586}
{"timestamp":"2026-09-03T19:03:21.943844Z","level":"INFO","fields":{"message":"Concurrency control for download: Current concurrency = 1; predicted bandwidth = 189038; success_ratio = 1.000; reference_size = 61.0MB; observed bytes sent so far = 1509474726; completed transmissions = 43"},"filename":"D:\\a\\xet-core\\xet-core\\xet_client\\src\\cas_client\\adaptive_concurrency\\controller.rs","line_number":602}
{"timestamp":"2026-09-03T19:03:22.362401Z","level":"INFO","fields":{"message":"Concurrency control for download: Decreased concurrency from 1 to 1; reason: success ratio below threshold (connection struggling) (success_ratio = 1.000, threshold = 0.500)"},"filename":"D:\\a\\xet-core\\xet-core\\xet_client\\src\\cas_client\\adaptive_concurrency\\controller.rs","line_number":586}
{"timestamp":"2026-09-03T19:03:23.012747Z","level":"INFO","fields":{"message":"Concurrency control for download: Decreased concurrency from 1 to 1; reason: success ratio below threshold (connection struggling) (success_ratio = 1.000, threshold = 0.500)"},"filename":"D:\\a\\xet-core\\xet-core\\xet_client\\src\\cas_client\\adaptive_concurrency\\controller.rs","line_number":586}
{"timestamp":"2026-09-03T19:03:23.526992Z","level":"INFO","fields":{"message":"Concurrency control for download: Decreased concurrency from 1 to 1; reason: success ratio below threshold (connection struggling) (success_ratio = 1.000, threshold = 0.500)"},"filename":"D:\\a\\xet-core\\xet-core\\xet_client\\src\\cas_client\\adaptive_concurrency\\controller.rs","line_number":586}
{"timestamp":"2026-09-03T19:03:24.168025Z","level":"INFO","fields":{"message":"Concurrency control for download: Decreased concurrency from 1 to 1; reason: success ratio below threshold (connection struggling) (success_ratio = 1.000, threshold = 0.500)"},"filename":"D:\\a\\xet-core\\xet-core\\xet_client\\src\\cas_client\\adaptive_concurrency\\controller.rs","line_number":586}
{"timestamp":"2026-09-03T19:03:24.838413Z","level":"INFO","fields":{"message":"Concurrency control for download: Decreased concurrency from 1 to 1; reason: success ratio below threshold (connection struggling) (success_ratio = 1.000, threshold = 0.500)"},"filename":"D:\\a\\xet-core\\xet-core\\xet_client\\src\\cas_client\\adaptive_concurrency\\controller.rs","line_number":586}
{"timestamp":"2026-09-03T19:03:25.392780Z","level":"INFO","fields":{"message":"Concurrency control for download: Decreased concurrency from 1 to 1; reason: success ratio below threshold (connection struggling) (success_ratio = 1.000, threshold = 0.500)"},"filename":"D:\\a\\xet-core\\xet-core\\xet_client\\src\\cas_client\\adaptive_concurrency\\controller.rs","line_number":586}
{"timestamp":"2026-09-03T19:03:25.896270Z","level":"INFO","fields":{"message":"Concurrency control for download: Decreased concurrency from 1 to 1; reason: success ratio below threshold (connection struggling) (success_ratio = 1.000, threshold = 0.500)"},"filename":"D:\\a\\xet-core\\xet-core\\xet_client\\src\\cas_client\\adaptive_concurrency\\controller.rs","line_number":586}
{"timestamp":"2026-09-03T19:03:26.566387Z","level":"INFO","fields":{"message":"Concurrency control for download: Decreased concurrency from 1 to 1; reason: success ratio below threshold (connection struggling) (success_ratio = 1.000, threshold = 0.500)"},"filename":"D:\\a\\xet-core\\xet-core\\xet_client\\src\\cas_client\\adaptive_concurrency\\controller.rs","line_number":586}
{"timestamp":"2026-09-03T19:03:27.273372Z","level":"INFO","fields":{"message":"Concurrency control for download: Decreased concurrency from 1 to 1; reason: success ratio below threshold (connection struggling) (success_ratio = 1.000, threshold = 0.500)"},"filename":"D:\\a\\xet-core\\xet-core\\xet_client\\src\\cas_client\\adaptive_concurrency\\controller.rs","line_number":586}
{"timestamp":"2026-09-03T19:03:27.784742Z","level":"INFO","fields":{"message":"Concurrency control for download: Decreased concurrency from 1 to 1; reason: success ratio below threshold (connection struggling) (success_ratio = 1.000, threshold = 0.500)"},"filename":"D:\\a\\xet-core\\xet-core\\xet_client\\src\\cas_client\\adaptive_concurrency\\controller.rs","line_number":586}
{"timestamp":"2026-09-03T19:03:28.406631Z","level":"INFO","fields":{"message":"Concurrency control for download: Decreased concurrency from 1 to 1; reason: success ratio below threshold (connection struggling) (success_ratio = 1.000, threshold = 0.500)"},"filename":"D:\\a\\xet-core\\xet-core\\xet_client\\src\\cas_client\\adaptive_concurrency\\controller.rs","line_number":586}
{"timestamp":"2026-09-03T19:03:28.935954Z","level":"INFO","fields":{"message":"Concurrency control for download: Decreased concurrency from 1 to 1; reason: success ratio below threshold (connection struggling) (success_ratio = 1.000, threshold = 0.500)"},"filename":"D:\\a\\xet-core\\xet-core\\xet_client\\src\\cas_client\\adaptive_concurrency\\controller.rs","line_number":586}
{"timestamp":"2026-09-03T19:03:29.713938Z","level":"INFO","fields":{"message":"Concurrency control for download: Decreased concurrency from 1 to 1; reason: success ratio below threshold (connection struggling) (success_ratio = 1.000, threshold = 0.500)"},"filename":"D:\\a\\xet-core\\xet-core\\xet_client\\src\\cas_client\\adaptive_concurrency\\controller.rs","line_number":586}
{"timestamp":"2026-09-03T19:03:30.235960Z","level":"INFO","fields":{"message":"Concurrency control for download: Decreased concurrency from 1 to 1; reason: success ratio below threshold (connection struggling) (success_ratio = 1.000, threshold = 0.500)"},"filename":"D:\\a\\xet-core\\xet-core\\xet_client\\src\\cas_client\\adaptive_concurrency\\controller.rs","line_number":586}
{"timestamp":"2026-09-03T19:03:30.974827Z","level":"INFO","fields":{"message":"Concurrency control for download: Decreased concurrency from 1 to 1; reason: success ratio below threshold (connection struggling) (success_ratio = 1.000, threshold = 0.500)"},"filename":"D:\\a\\xet-core\\xet-core\\xet_client\\src\\cas_client\\adaptive_concurrency\\controller.rs","line_number":586}
{"timestamp":"2026-09-03T19:03:31.723778Z","level":"INFO","fields":{"message":"Concurrency control for download: Decreased concurrency from 1 to 1; reason: success ratio below threshold (connection struggling) (success_ratio = 1.000, threshold = 0.500)"},"filename":"D:\\a\\xet-core\\xet-core\\xet_client\\src\\cas_client\\adaptive_concurrency\\controller.rs","line_number":586}
{"timestamp":"2026-09-03T19:03:31.987234Z","level":"INFO","fields":{"message":"Concurrency control for download: Current concurrency = 1; predicted bandwidth = 150110; success_ratio = 1.000; reference_size = 61.0MB; observed bytes sent so far = 1516814758; completed transmissions = 43"},"filename":"D:\\a\\xet-core\\xet-core\\xet_client\\src\\cas_client\\adaptive_concurrency\\controller.rs","line_number":602}
{"timestamp":"2026-09-03T19:03:32.410015Z","level":"INFO","fields":{"message":"Concurrency control for download: Decreased concurrency from 1 to 1; reason: success ratio below threshold (connection struggling) (success_ratio = 1.000, threshold = 0.500)"},"filename":"D:\\a\\xet-core\\xet-core\\xet_client\\src\\cas_client\\adaptive_concurrency\\controller.rs","line_number":586}
{"timestamp":"2026-09-03T19:03:33.274095Z","level":"INFO","fields":{"message":"Concurrency control for download: Decreased concurrency from 1 to 1; reason: success ratio below threshold (connection struggling) (success_ratio = 1.000, threshold = 0.500)"},"filename":"D:\\a\\xet-core\\xet-core\\xet_client\\src\\cas_client\\adaptive_concurrency\\controller.rs","line_number":586}
{"timestamp":"2026-09-03T19:03:33.809032Z","level":"INFO","fields":{"message":"Concurrency control for download: Decreased concurrency from 1 to 1; reason: success ratio below threshold (connection struggling) (success_ratio = 1.000, threshold = 0.500)"},"filename":"D:\\a\\xet-core\\xet-core\\xet_client\\src\\cas_client\\adaptive_concurrency\\controller.rs","line_number":586}
{"timestamp":"2026-09-03T19:03:34.523293Z","level":"INFO","fields":{"message":"Concurrency control for download: Decreased concurrency from 1 to 1; reason: success ratio below threshold (connection struggling) (success_ratio = 1.000, threshold = 0.500)"},"filename":"D:\\a\\xet-core\\xet-core\\xet_client\\src\\cas_client\\adaptive_concurrency\\controller.rs","line_number":586}
{"timestamp":"2026-09-03T19:03:35.216416Z","level":"INFO","fields":{"message":"Concurrency control for download: Decreased concurrency from 1 to 1; reason: success ratio below threshold (connection struggling) (success_ratio = 1.000, threshold = 0.500)"},"filename":"D:\\a\\xet-core\\xet-core\\xet_client\\src\\cas_client\\adaptive_concurrency\\controller.rs","line_number":586}
{"timestamp":"2026-09-03T19:03:35.903455Z","level":"INFO","fields":{"message":"Concurrency control for download: Decreased concurrency from 1 to 1; reason: success ratio below threshold (connection struggling) (success_ratio = 1.000, threshold = 0.500)"},"filename":"D:\\a\\xet-core\\xet-core\\xet_client\\src\\cas_client\\adaptive_concurrency\\controller.rs","line_number":586}
{"timestamp":"2026-09-03T19:03:36.528493Z","level":"INFO","fields":{"message":"Concurrency control for download: Decreased concurrency from 1 to 1; reason: success ratio below threshold (connection struggling) (success_ratio = 1.000, threshold = 0.500)"},"filename":"D:\\a\\xet-core\\xet-core\\xet_client\\src\\cas_client\\adaptive_concurrency\\controller.rs","line_number":586}
{"timestamp":"2026-09-03T19:03:36.634670Z","level":"INFO","fields":{"message":"File reconstruction completed successfully","file_hash":"61c2417ef33baa8496de69bd4394784d9b887a9027830afeac7e2ab8b4e1a6f1","block_count":4,"total_terms_processed":37,"total_bytes_scheduled":2271145830},"filename":"D:\\a\\xet-core\\xet-core\\xet_data\\src\\file_reconstruction\\run_state.rs","line_number":150}
{"timestamp":"2026-09-03T19:03:38.107745Z","level":"INFO","fields":{"message":"CAS auth disabled","caller":"D:\\a\\xet-core\\xet-core\\xet_client\\src\\common\\http_client.rs:166"},"filename":"D:\\a\\xet-core\\xet-core\\xet_runtime\\src\\error_printer\\mod.rs","line_number":198}
{"timestamp":"2026-09-03T19:03:38.107834Z","level":"INFO","fields":{"message":"HTTP client configured","idle_timeout":"60s","max_idle_connections":16,"custom_headers":"Some({\"user-agent\": \"unknown/None; hf_hub/1.28.0; python/3.14.4; torch/2.13.0; transformers/5.15.1; session_id/a510478dc13440e4a5ecd9ff7f8ee20d; file_type/model; framework/pytorch; from_auto_class/True\"})"},"filename":"D:\\a\\xet-core\\xet-core\\xet_client\\src\\common\\http_client.rs","line_number":187}
{"timestamp":"2026-09-03T19:03:38.107845Z","level":"INFO","fields":{"message":"Retry strategy","retry":"RetryWrapper { max_attempts: 5, base_delay: 3s, max_duration: 360s, no_retry_on_429: false, retry_on_403: false, expected_416: false, expected_404: false, log_errors_as_info: false, api_tag: \"xet-token\", has_connection_permit: false }"},"filename":"D:\\a\\xet-core\\xet-core\\xet_client\\src\\cas_client\\retry_wrapper.rs","line_number":274}
{"timestamp":"2026-09-03T19:03:38.420575Z","level":"INFO","fields":{"message":"Received CAS response","request_id":"Root=1-6a99c48a-0ffb40bc111cd6826dbabd1d","status_code":200},"filename":"D:\\a\\xet-core\\xet-core\\xet_client\\src\\common\\http_client.rs","line_number":288}
{"timestamp":"2026-09-03T19:03:38.420608Z","level":"INFO","fields":{"message":"Request Success: xet-token api call succeeded (request id Root=1-6a99c48a-0ffb40bc111cd6826dbabd1d)."},"filename":"D:\\a\\xet-core\\xet-core\\xet_client\\src\\cas_client\\retry_wrapper.rs","line_number":237}
{"timestamp":"2026-09-03T19:03:38.421240Z","level":"INFO","fields":{"message":"TranslatorConfig initialized","endpoint":"https://cas-server.xethub.hf.co","session_id":"Some(\"01a068a7-bcb4-78e0-8e64-46355b8fb09a\")","shard_cache":"C:\\Users\\pc\\Desktop\\telnet-support-bot\\models_cache\\xet\\https___cas_serv-tGqkUaZf_CBPHQ6h\\shard-cache","shard_session":"C:\\Users\\pc\\Desktop\\telnet-support-bot\\models_cache\\xet\\https___cas_serv-tGqkUaZf_CBPHQ6h\\staging\\shard-session"},"filename":"D:\\a\\xet-core\\xet-core\\xet_data\\src\\processing\\configurations.rs","line_number":127}
{"timestamp":"2026-09-03T19:03:38.421407Z","level":"INFO","fields":{"message":"HTTP client configured","idle_timeout":"60s","max_idle_connections":16,"custom_headers":"Some({\"user-agent\": \"unknown/None; hf_hub/1.28.0; python/3.14.4; torch/2.13.0; transformers/5.15.1; session_id/a510478dc13440e4a5ecd9ff7f8ee20d; file_type/model; framework/pytorch; from_auto_class/True; hf_xet/1.6.0\"})"},"filename":"D:\\a\\xet-core\\xet-core\\xet_client\\src\\common\\http_client.rs","line_number":187}
{"timestamp":"2026-09-03T19:03:38.421426Z","level":"INFO","fields":{"message":"CAS auth disabled","caller":"D:\\a\\xet-core\\xet-core\\xet_client\\src\\common\\http_client.rs:166"},"filename":"D:\\a\\xet-core\\xet-core\\xet_runtime\\src\\error_printer\\mod.rs","line_number":198}
{"timestamp":"2026-09-03T19:03:38.421433Z","level":"INFO","fields":{"message":"HTTP client configured","idle_timeout":"60s","max_idle_connections":16,"custom_headers":"Some({\"user-agent\": \"unknown/None; hf_hub/1.28.0; python/3.14.4; torch/2.13.0; transformers/5.15.1; session_id/a510478dc13440e4a5ecd9ff7f8ee20d; file_type/model; framework/pytorch; from_auto_class/True; hf_xet/1.6.0\"})"},"filename":"D:\\a\\xet-core\\xet-core\\xet_client\\src\\common\\http_client.rs","line_number":187}
{"timestamp":"2026-09-03T19:03:38.421477Z","level":"INFO","fields":{"message":"No-read-timeout HTTP client configured (for shard uploads)","connect_timeout":"60s"},"filename":"D:\\a\\xet-core\\xet-core\\xet_client\\src\\common\\http_client.rs","line_number":136}
{"timestamp":"2026-09-03T19:03:38.421522Z","level":"INFO","fields":{"message":"New file download group, session_id=01a06885-c2ec-7523-915a-82a265a22d87, group_id=7"},"filename":"D:\\a\\xet-core\\xet-core\\xet_pkg\\src\\xet_session\\file_download_group.rs","line_number":61}
{"timestamp":"2026-09-03T19:03:38.421735Z","level":"INFO","fields":{"message":"Download file to path","group_id":"7","dest_path":"\"C:\\\\Users\\\\pc\\\\Desktop\\\\telnet-support-bot\\\\models_cache\\\\models--BAAI--bge-m3\\\\blobs\\\\993b2248881724788dcab8c644a91dfd63584b6e5604ff2037cb5541e1e38e7e.1744a6bb.incomplete\"","hash":"668d1dbd1c38b39126b615cb826f7ff27ed48ad80734a07d82902f3ffccef4bf"},"filename":"D:\\a\\xet-core\\xet-core\\xet_pkg\\src\\xet_session\\file_download_group.rs","line_number":287}
{"timestamp":"2026-09-03T19:03:38.421837Z","level":"INFO","fields":{"message":"Reconstructing file to disk","file_hash":"668d1dbd1c38b39126b615cb826f7ff27ed48ad80734a07d82902f3ffccef4bf","byte_range":"None","path":"C:\\Users\\pc\\Desktop\\telnet-support-bot\\models_cache\\models--BAAI--bge-m3\\blobs\\993b2248881724788dcab8c644a91dfd63584b6e5604ff2037cb5541e1e38e7e.1744a6bb.incomplete","write_offset":"None"},"filename":"D:\\a\\xet-core\\xet-core\\xet_data\\src\\file_reconstruction\\file_reconstructor.rs","line_number":126}
{"timestamp":"2026-09-03T19:03:38.422431Z","level":"INFO","fields":{"message":"Download group finish","group_id":"7"},"filename":"D:\\a\\xet-core\\xet-core\\xet_pkg\\src\\xet_session\\file_download_group.rs","line_number":306}
{"timestamp":"2026-09-03T19:03:38.422515Z","level":"INFO","fields":{"message":"Scheduling prefetch block","file_hash":"668d1dbd1c38b39126b615cb826f7ff27ed48ad80734a07d82902f3ffccef4bf","prefetch_range":"(0, 256000000)","requested_block_size":256000000,"actual_block_size":256000000,"queue_depth":1},"filename":"D:\\a\\xet-core\\xet-core\\xet_data\\src\\file_reconstruction\\reconstruction_terms\\manager.rs","line_number":277}
{"timestamp":"2026-09-03T19:03:38.422531Z","level":"INFO","fields":{"message":"Scheduling prefetch block","file_hash":"668d1dbd1c38b39126b615cb826f7ff27ed48ad80734a07d82902f3ffccef4bf","prefetch_range":"(256000000, 768000000)","requested_block_size":512000000,"actual_block_size":512000000,"queue_depth":2},"filename":"D:\\a\\xet-core\\xet-core\\xet_data\\src\\file_reconstruction\\reconstruction_terms\\manager.rs","line_number":277}
{"timestamp":"2026-09-03T19:03:38.422538Z","level":"INFO","fields":{"message":"Scheduling prefetch block","file_hash":"668d1dbd1c38b39126b615cb826f7ff27ed48ad80734a07d82902f3ffccef4bf","prefetch_range":"(768000000, 1024000000)","requested_block_size":256000000,"actual_block_size":256000000,"queue_depth":3},"filename":"D:\\a\\xet-core\\xet-core\\xet_data\\src\\file_reconstruction\\reconstruction_terms\\manager.rs","line_number":277}
{"timestamp":"2026-09-03T19:03:38.422556Z","level":"INFO","fields":{"message":"Starting get_reconstruction API call","call_id":7,"file_id":"668d1dbd1c38b39126b615cb826f7ff27ed48ad80734a07d82902f3ffccef4bf","bytes_range":"Some(Range { start: 768000000, end: 1024000000 })","api_version":"v2"},"filename":"D:\\a\\xet-core\\xet-core\\xet_client\\src\\cas_client\\remote_client.rs","line_number":214}
{"timestamp":"2026-09-03T19:03:38.422564Z","level":"INFO","fields":{"message":"Retry strategy","retry":"RetryWrapper { max_attempts: 5, base_delay: 3s, max_duration: 360s, no_retry_on_429: false, retry_on_403: false, expected_416: true, expected_404: false, log_errors_as_info: false, api_tag: \"cas::get_reconstruction_v2\", has_connection_permit: false }"},"filename":"D:\\a\\xet-core\\xet-core\\xet_client\\src\\cas_client\\retry_wrapper.rs","line_number":274}
{"timestamp":"2026-09-03T19:03:38.422579Z","level":"INFO","fields":{"message":"Starting get_reconstruction API call","call_id":8,"file_id":"668d1dbd1c38b39126b615cb826f7ff27ed48ad80734a07d82902f3ffccef4bf","bytes_range":"Some(Range { start: 0, end: 256000000 })","api_version":"v2"},"filename":"D:\\a\\xet-core\\xet-core\\xet_client\\src\\cas_client\\remote_client.rs","line_number":214}
{"timestamp":"2026-09-03T19:03:38.422598Z","level":"INFO","fields":{"message":"Retry strategy","retry":"RetryWrapper { max_attempts: 5, base_delay: 3s, max_duration: 360s, no_retry_on_429: false, retry_on_403: false, expected_416: true, expected_404: false, log_errors_as_info: false, api_tag: \"cas::get_reconstruction_v2\", has_connection_permit: false }"},"filename":"D:\\a\\xet-core\\xet-core\\xet_client\\src\\cas_client\\retry_wrapper.rs","line_number":274}
{"timestamp":"2026-09-03T19:03:38.422611Z","level":"INFO","fields":{"message":"Starting get_reconstruction API call","call_id":9,"file_id":"668d1dbd1c38b39126b615cb826f7ff27ed48ad80734a07d82902f3ffccef4bf","bytes_range":"Some(Range { start: 256000000, end: 768000000 })","api_version":"v2"},"filename":"D:\\a\\xet-core\\xet-core\\xet_client\\src\\cas_client\\remote_client.rs","line_number":214}
{"timestamp":"2026-09-03T19:03:38.422619Z","level":"INFO","fields":{"message":"Retry strategy","retry":"RetryWrapper { max_attempts: 5, base_delay: 3s, max_duration: 360s, no_retry_on_429: false, retry_on_403: false, expected_416: true, expected_404: false, log_errors_as_info: false, api_tag: \"cas::get_reconstruction_v2\", has_connection_permit: false }"},"filename":"D:\\a\\xet-core\\xet-core\\xet_client\\src\\cas_client\\retry_wrapper.rs","line_number":274}
{"timestamp":"2026-09-03T19:03:39.272089Z","level":"INFO","fields":{"message":"Received CAS response","request_id":"01M1MAFFVGSXC3QPANMGJ0CWZ2","status_code":200},"filename":"D:\\a\\xet-core\\xet-core\\xet_client\\src\\common\\http_client.rs","line_number":288}
{"timestamp":"2026-09-03T19:03:39.272131Z","level":"INFO","fields":{"message":"Request Success: cas::get_reconstruction_v2 api call succeeded (request id 01M1MAFFVGSXC3QPANMGJ0CWZ2)."},"filename":"D:\\a\\xet-core\\xet-core\\xet_client\\src\\cas_client\\retry_wrapper.rs","line_number":237}
{"timestamp":"2026-09-03T19:03:39.272295Z","level":"INFO","fields":{"message":"Completed get_reconstruction API call","call_id":9,"file_id":"668d1dbd1c38b39126b615cb826f7ff27ed48ad80734a07d82902f3ffccef4bf","bytes_range":"Some(Range { start: 256000000, end: 768000000 })","api_version":"v2"},"filename":"D:\\a\\xet-core\\xet-core\\xet_client\\src\\cas_client\\remote_client.rs","line_number":238}
{"timestamp":"2026-09-03T19:03:39.273170Z","level":"INFO","fields":{"message":"Received CAS response","request_id":"01M1MAFFVY36V095J3GG0GRGPG","status_code":200},"filename":"D:\\a\\xet-core\\xet-core\\xet_client\\src\\common\\http_client.rs","line_number":288}
{"timestamp":"2026-09-03T19:03:39.273193Z","level":"INFO","fields":{"message":"Request Success: cas::get_reconstruction_v2 api call succeeded (request id 01M1MAFFVY36V095J3GG0GRGPG)."},"filename":"D:\\a\\xet-core\\xet-core\\xet_client\\src\\cas_client\\retry_wrapper.rs","line_number":237}
{"timestamp":"2026-09-03T19:03:39.273233Z","level":"INFO","fields":{"message":"Completed get_reconstruction API call","call_id":8,"file_id":"668d1dbd1c38b39126b615cb826f7ff27ed48ad80734a07d82902f3ffccef4bf","bytes_range":"Some(Range { start: 0, end: 256000000 })","api_version":"v2"},"filename":"D:\\a\\xet-core\\xet-core\\xet_client\\src\\cas_client\\remote_client.rs","line_number":238}
{"timestamp":"2026-09-03T19:03:39.273301Z","level":"INFO","fields":{"message":"Received block of file terms from prefetch queue","file_hash":"668d1dbd1c38b39126b615cb826f7ff27ed48ad80734a07d82902f3ffccef4bf","domain":"us.aws.cdn.hf.co","block_start":0,"block_end":256000000,"block_size":4},"filename":"D:\\a\\xet-core\\xet-core\\xet_data\\src\\file_reconstruction\\reconstruction_terms\\manager.rs","line_number":156}
{"timestamp":"2026-09-03T19:03:39.273337Z","level":"INFO","fields":{"message":"Updated completion rate estimate based on previous block completion time (seconds).","file_hash":"668d1dbd1c38b39126b615cb826f7ff27ed48ad80734a07d82902f3ffccef4bf","block_start":0,"block_end":256000000,"block_size":256000000,"completion_time":0.000035},"filename":"D:\\a\\xet-core\\xet-core\\xet_data\\src\\file_reconstruction\\reconstruction_terms\\manager.rs","line_number":109}
{"timestamp":"2026-09-03T19:03:39.273347Z","level":"INFO","fields":{"message":"Scheduling prefetch block","file_hash":"668d1dbd1c38b39126b615cb826f7ff27ed48ad80734a07d82902f3ffccef4bf","prefetch_range":"(1024000000, 9024000000)","requested_block_size":8000000000,"actual_block_size":8000000000,"queue_depth":3},"filename":"D:\\a\\xet-core\\xet-core\\xet_data\\src\\file_reconstruction\\reconstruction_terms\\manager.rs","line_number":277}
{"timestamp":"2026-09-03T19:03:39.273365Z","level":"INFO","fields":{"message":"Received block of file terms from prefetch queue","file_hash":"668d1dbd1c38b39126b615cb826f7ff27ed48ad80734a07d82902f3ffccef4bf","domain":"us.aws.cdn.hf.co","block_start":256000000,"block_end":768000000,"block_size":9},"filename":"D:\\a\\xet-core\\xet-core\\xet_data\\src\\file_reconstruction\\reconstruction_terms\\manager.rs","line_number":156}
{"timestamp":"2026-09-03T19:03:39.273399Z","level":"INFO","fields":{"message":"Updated completion rate estimate based on previous block completion time (seconds).","file_hash":"668d1dbd1c38b39126b615cb826f7ff27ed48ad80734a07d82902f3ffccef4bf","block_start":256000000,"block_end":768000000,"block_size":512000000,"completion_time":0.0000343},"filename":"D:\\a\\xet-core\\xet-core\\xet_data\\src\\file_reconstruction\\reconstruction_terms\\manager.rs","line_number":109}
{"timestamp":"2026-09-03T19:03:39.273406Z","level":"INFO","fields":{"message":"Scheduling prefetch block","file_hash":"668d1dbd1c38b39126b615cb826f7ff27ed48ad80734a07d82902f3ffccef4bf","prefetch_range":"(9024000000, 17024000000)","requested_block_size":8000000000,"actual_block_size":8000000000,"queue_depth":3},"filename":"D:\\a\\xet-core\\xet-core\\xet_data\\src\\file_reconstruction\\reconstruction_terms\\manager.rs","line_number":277}
{"timestamp":"2026-09-03T19:03:39.273422Z","level":"INFO","fields":{"message":"Starting get_reconstruction API call","call_id":11,"file_id":"668d1dbd1c38b39126b615cb826f7ff27ed48ad80734a07d82902f3ffccef4bf","bytes_range":"Some(Range { start: 9024000000, end: 17024000000 })","api_version":"v2"},"filename":"D:\\a\\xet-core\\xet-core\\xet_client\\src\\cas_client\\remote_client.rs","line_number":214}
{"timestamp":"2026-09-03T19:03:39.273431Z","level":"INFO","fields":{"message":"Retry strategy","retry":"RetryWrapper { max_attempts: 5, base_delay: 3s, max_duration: 360s, no_retry_on_429: false, retry_on_403: false, expected_416: true, expected_404: false, log_errors_as_info: false, api_tag: \"cas::get_reconstruction_v2\", has_connection_permit: false }"},"filename":"D:\\a\\xet-core\\xet-core\\xet_client\\src\\cas_client\\retry_wrapper.rs","line_number":274}
{"timestamp":"2026-09-03T19:03:39.273426Z","level":"INFO","fields":{"message":"Starting get_reconstruction API call","call_id":10,"file_id":"668d1dbd1c38b39126b615cb826f7ff27ed48ad80734a07d82902f3ffccef4bf","bytes_range":"Some(Range { start: 1024000000, end: 9024000000 })","api_version":"v2"},"filename":"D:\\a\\xet-core\\xet-core\\xet_client\\src\\cas_client\\remote_client.rs","line_number":214}
{"timestamp":"2026-09-03T19:03:39.273451Z","level":"INFO","fields":{"message":"Retry strategy","retry":"RetryWrapper { max_attempts: 5, base_delay: 3s, max_duration: 360s, no_retry_on_429: false, retry_on_403: false, expected_416: true, expected_404: false, log_errors_as_info: false, api_tag: \"cas::get_reconstruction_v2\", has_connection_permit: false }"},"filename":"D:\\a\\xet-core\\xet-core\\xet_client\\src\\cas_client\\retry_wrapper.rs","line_number":274}
{"timestamp":"2026-09-03T19:03:39.273513Z","level":"INFO","fields":{"message":"Retry strategy","retry":"RetryWrapper { max_attempts: 5, base_delay: 3s, max_duration: 360s, no_retry_on_429: false, retry_on_403: true, expected_416: false, expected_404: false, log_errors_as_info: false, api_tag: \"s3::get_range\", has_connection_permit: true }"},"filename":"D:\\a\\xet-core\\xet-core\\xet_client\\src\\cas_client\\retry_wrapper.rs","line_number":274}
{"timestamp":"2026-09-03T19:03:39.278272Z","level":"INFO","fields":{"message":"Received CAS response","request_id":"01M1MAFFVYNHY6H5ED759G7V47","status_code":200},"filename":"D:\\a\\xet-core\\xet-core\\xet_client\\src\\common\\http_client.rs","line_number":288}
{"timestamp":"2026-09-03T19:03:39.278293Z","level":"INFO","fields":{"message":"Request Success: cas::get_reconstruction_v2 api call succeeded (request id 01M1MAFFVYNHY6H5ED759G7V47)."},"filename":"D:\\a\\xet-core\\xet-core\\xet_client\\src\\cas_client\\retry_wrapper.rs","line_number":237}
{"timestamp":"2026-09-03T19:03:39.278337Z","level":"INFO","fields":{"message":"Completed get_reconstruction API call","call_id":7,"file_id":"668d1dbd1c38b39126b615cb826f7ff27ed48ad80734a07d82902f3ffccef4bf","bytes_range":"Some(Range { start: 768000000, end: 1024000000 })","api_version":"v2"},"filename":"D:\\a\\xet-core\\xet-core\\xet_client\\src\\cas_client\\remote_client.rs","line_number":238}
{"timestamp":"2026-09-03T19:03:39.278374Z","level":"INFO","fields":{"message":"Received block of file terms from prefetch queue","file_hash":"668d1dbd1c38b39126b615cb826f7ff27ed48ad80734a07d82902f3ffccef4bf","domain":"us.aws.cdn.hf.co","block_start":768000000,"block_end":1024000000,"block_size":5},"filename":"D:\\a\\xet-core\\xet-core\\xet_data\\src\\file_reconstruction\\reconstruction_terms\\manager.rs","line_number":156}
{"timestamp":"2026-09-03T19:03:39.278408Z","level":"INFO","fields":{"message":"Updated completion rate estimate based on previous block completion time (seconds).","file_hash":"668d1dbd1c38b39126b615cb826f7ff27ed48ad80734a07d82902f3ffccef4bf","block_start":768000000,"block_end":1024000000,"block_size":256000000,"completion_time":0.0000333},"filename":"D:\\a\\xet-core\\xet-core\\xet_data\\src\\file_reconstruction\\reconstruction_terms\\manager.rs","line_number":109}
{"timestamp":"2026-09-03T19:03:39.278415Z","level":"INFO","fields":{"message":"Scheduling prefetch block","file_hash":"668d1dbd1c38b39126b615cb826f7ff27ed48ad80734a07d82902f3ffccef4bf","prefetch_range":"(17024000000, 25024000000)","requested_block_size":8000000000,"actual_block_size":8000000000,"queue_depth":3},"filename":"D:\\a\\xet-core\\xet-core\\xet_data\\src\\file_reconstruction\\reconstruction_terms\\manager.rs","line_number":277}
{"timestamp":"2026-09-03T19:03:39.278427Z","level":"INFO","fields":{"message":"Starting get_reconstruction API call","call_id":12,"file_id":"668d1dbd1c38b39126b615cb826f7ff27ed48ad80734a07d82902f3ffccef4bf","bytes_range":"Some(Range { start: 17024000000, end: 25024000000 })","api_version":"v2"},"filename":"D:\\a\\xet-core\\xet-core\\xet_client\\src\\cas_client\\remote_client.rs","line_number":214}
{"timestamp":"2026-09-03T19:03:39.278434Z","level":"INFO","fields":{"message":"Retry strategy","retry":"RetryWrapper { max_attempts: 5, base_delay: 3s, max_duration: 360s, no_retry_on_429: false, retry_on_403: false, expected_416: true, expected_404: false, log_errors_as_info: false, api_tag: \"cas::get_reconstruction_v2\", has_connection_permit: false }"},"filename":"D:\\a\\xet-core\\xet-core\\xet_client\\src\\cas_client\\retry_wrapper.rs","line_number":274}
{"timestamp":"2026-09-03T19:03:39.453092Z","level":"INFO","fields":{"message":"Received CAS response","request_id":"01M1MAFG55R7Y3P4BYAJ0N9GB8","status_code":416},"filename":"D:\\a\\xet-core\\xet-core\\xet_client\\src\\common\\http_client.rs","line_number":288}
{"timestamp":"2026-09-03T19:03:39.453141Z","level":"INFO","fields":{"message":"Reached end of reconstruction 416 (Range Not Satisfiable): \"cas::get_reconstruction_v2\" api call failed (request id 01M1MAFG55R7Y3P4BYAJ0N9GB8): HTTP status client error (416 Range Not Satisfiable) for url (https://cas-server.xethub.hf.co/v2/reconstructions/668d1dbd1c38b39126b615cb826f7ff27ed48ad80734a07d82902f3ffccef4bf)"},"filename":"D:\\a\\xet-core\\xet-core\\xet_client\\src\\cas_client\\retry_wrapper.rs","line_number":189}
{"timestamp":"2026-09-03T19:03:39.463618Z","level":"INFO","fields":{"message":"Received CAS response","request_id":"01M1MAFG5AHNCYMWZ5GXDKQDYR","status_code":416},"filename":"D:\\a\\xet-core\\xet-core\\xet_client\\src\\common\\http_client.rs","line_number":288}
{"timestamp":"2026-09-03T19:03:39.463637Z","level":"INFO","fields":{"message":"Reached end of reconstruction 416 (Range Not Satisfiable): \"cas::get_reconstruction_v2\" api call failed (request id 01M1MAFG5AHNCYMWZ5GXDKQDYR): HTTP status client error (416 Range Not Satisfiable) for url (https://cas-server.xethub.hf.co/v2/reconstructions/668d1dbd1c38b39126b615cb826f7ff27ed48ad80734a07d82902f3ffccef4bf)"},"filename":"D:\\a\\xet-core\\xet-core\\xet_client\\src\\cas_client\\retry_wrapper.rs","line_number":189}
{"timestamp":"2026-09-03T19:03:39.527931Z","level":"INFO","fields":{"message":"CAS auth disabled","caller":"D:\\a\\xet-core\\xet-core\\xet_client\\src\\common\\http_client.rs:166"},"filename":"D:\\a\\xet-core\\xet-core\\xet_runtime\\src\\error_printer\\mod.rs","line_number":198}
{"timestamp":"2026-09-03T19:03:39.528002Z","level":"INFO","fields":{"message":"HTTP client configured","idle_timeout":"60s","max_idle_connections":16,"custom_headers":"Some({\"user-agent\": \"unknown/None; hf_hub/1.28.0; python/3.14.4; torch/2.13.0; transformers/5.15.1; session_id/a510478dc13440e4a5ecd9ff7f8ee20d; file_type/tokenizer; from_auto_class/True\"})"},"filename":"D:\\a\\xet-core\\xet-core\\xet_client\\src\\common\\http_client.rs","line_number":187}
{"timestamp":"2026-09-03T19:03:39.528015Z","level":"INFO","fields":{"message":"Retry strategy","retry":"RetryWrapper { max_attempts: 5, base_delay: 3s, max_duration: 360s, no_retry_on_429: false, retry_on_403: false, expected_416: false, expected_404: false, log_errors_as_info: false, api_tag: \"xet-token\", has_connection_permit: false }"},"filename":"D:\\a\\xet-core\\xet-core\\xet_client\\src\\cas_client\\retry_wrapper.rs","line_number":274}
{"timestamp":"2026-09-03T19:03:39.572464Z","level":"INFO","fields":{"message":"Received CAS response","request_id":"01M1MAFGAN1A1E341YHF85NHS2","status_code":206},"filename":"D:\\a\\xet-core\\xet-core\\xet_client\\src\\common\\http_client.rs","line_number":288}
{"timestamp":"2026-09-03T19:03:39.572493Z","level":"INFO","fields":{"message":"Request Success: s3::get_range api call succeeded (request id 01M1MAFGAN1A1E341YHF85NHS2)."},"filename":"D:\\a\\xet-core\\xet-core\\xet_client\\src\\cas_client\\retry_wrapper.rs","line_number":237}
{"timestamp":"2026-09-03T19:03:39.586547Z","level":"INFO","fields":{"message":"Received CAS response","request_id":"01M1MAFG513Q4387J09KZZVMJ4","status_code":200},"filename":"D:\\a\\xet-core\\xet-core\\xet_client\\src\\common\\http_client.rs","line_number":288}
{"timestamp":"2026-09-03T19:03:39.586586Z","level":"INFO","fields":{"message":"Request Success: cas::get_reconstruction_v2 api call succeeded (request id 01M1MAFG513Q4387J09KZZVMJ4)."},"filename":"D:\\a\\xet-core\\xet-core\\xet_client\\src\\cas_client\\retry_wrapper.rs","line_number":237}
{"timestamp":"2026-09-03T19:03:39.586850Z","level":"INFO","fields":{"message":"Completed get_reconstruction API call","call_id":10,"file_id":"668d1dbd1c38b39126b615cb826f7ff27ed48ad80734a07d82902f3ffccef4bf","bytes_range":"Some(Range { start: 1024000000, end: 9024000000 })","api_version":"v2"},"filename":"D:\\a\\xet-core\\xet-core\\xet_client\\src\\cas_client\\remote_client.rs","line_number":238}
{"timestamp":"2026-09-03T19:03:39.586969Z","level":"INFO","fields":{"message":"Received block of file terms from prefetch queue","file_hash":"668d1dbd1c38b39126b615cb826f7ff27ed48ad80734a07d82902f3ffccef4bf","domain":"us.aws.cdn.hf.co","block_start":1024000000,"block_end":2271064456,"block_size":19},"filename":"D:\\a\\xet-core\\xet-core\\xet_data\\src\\file_reconstruction\\reconstruction_terms\\manager.rs","line_number":156}
{"timestamp":"2026-09-03T19:03:39.587085Z","level":"INFO","fields":{"message":"Updated completion rate estimate based on previous block completion time (seconds).","file_hash":"668d1dbd1c38b39126b615cb826f7ff27ed48ad80734a07d82902f3ffccef4bf","block_start":1024000000,"block_end":2271064456,"block_size":1247064456,"completion_time":0.0001156},"filename":"D:\\a\\xet-core\\xet-core\\xet_data\\src\\file_reconstruction\\reconstruction_terms\\manager.rs","line_number":109}
{"timestamp":"2026-09-03T19:03:39.587106Z","level":"INFO","fields":{"message":"Completed prefetch queue; end of file reached.","file_hash":"668d1dbd1c38b39126b615cb826f7ff27ed48ad80734a07d82902f3ffccef4bf","prefetched_byte_position":25024000000},"filename":"D:\\a\\xet-core\\xet-core\\xet_data\\src\\file_reconstruction\\reconstruction_terms\\manager.rs","line_number":183}
{"timestamp":"2026-09-03T19:03:39.587116Z","level":"INFO","fields":{"message":"All term blocks received and scheduled for writing","file_hash":"668d1dbd1c38b39126b615cb826f7ff27ed48ad80734a07d82902f3ffccef4bf","block_count":4,"total_terms_processed":37,"total_bytes_scheduled":2271064456},"filename":"D:\\a\\xet-core\\xet-core\\xet_data\\src\\file_reconstruction\\run_state.rs","line_number":150}
{"timestamp":"2026-09-03T19:03:39.847264Z","level":"INFO","fields":{"message":"Received CAS response","request_id":"Root=1-6a99c48b-73e4648f0a906c4b7f9b8f89","status_code":200},"filename":"D:\\a\\xet-core\\xet-core\\xet_client\\src\\common\\http_client.rs","line_number":288}
{"timestamp":"2026-09-03T19:03:39.847291Z","level":"INFO","fields":{"message":"Request Success: xet-token api call succeeded (request id Root=1-6a99c48b-73e4648f0a906c4b7f9b8f89)."},"filename":"D:\\a\\xet-core\\xet-core\\xet_client\\src\\cas_client\\retry_wrapper.rs","line_number":237}
{"timestamp":"2026-09-03T19:03:39.847940Z","level":"INFO","fields":{"message":"TranslatorConfig initialized","endpoint":"https://cas-server.xethub.hf.co","session_id":"Some(\"01a068a7-c247-78a1-862d-ce59b45adf29\")","shard_cache":"C:\\Users\\pc\\Desktop\\telnet-support-bot\\models_cache\\xet\\https___cas_serv-tGqkUaZf_CBPHQ6h\\shard-cache","shard_session":"C:\\Users\\pc\\Desktop\\telnet-support-bot\\models_cache\\xet\\https___cas_serv-tGqkUaZf_CBPHQ6h\\staging\\shard-session"},"filename":"D:\\a\\xet-core\\xet-core\\xet_data\\src\\processing\\configurations.rs","line_number":127}
{"timestamp":"2026-09-03T19:03:39.848066Z","level":"INFO","fields":{"message":"HTTP client configured","idle_timeout":"60s","max_idle_connections":16,"custom_headers":"Some({\"user-agent\": \"unknown/None; hf_hub/1.28.0; python/3.14.4; torch/2.13.0; transformers/5.15.1; session_id/a510478dc13440e4a5ecd9ff7f8ee20d; file_type/tokenizer; from_auto_class/True; hf_xet/1.6.0\"})"},"filename":"D:\\a\\xet-core\\xet-core\\xet_client\\src\\common\\http_client.rs","line_number":187}
{"timestamp":"2026-09-03T19:03:39.848085Z","level":"INFO","fields":{"message":"CAS auth disabled","caller":"D:\\a\\xet-core\\xet-core\\xet_client\\src\\common\\http_client.rs:166"},"filename":"D:\\a\\xet-core\\xet-core\\xet_runtime\\src\\error_printer\\mod.rs","line_number":198}
{"timestamp":"2026-09-03T19:03:39.848091Z","level":"INFO","fields":{"message":"HTTP client configured","idle_timeout":"60s","max_idle_connections":16,"custom_headers":"Some({\"user-agent\": \"unknown/None; hf_hub/1.28.0; python/3.14.4; torch/2.13.0; transformers/5.15.1; session_id/a510478dc13440e4a5ecd9ff7f8ee20d; file_type/tokenizer; from_auto_class/True; hf_xet/1.6.0\"})"},"filename":"D:\\a\\xet-core\\xet-core\\xet_client\\src\\common\\http_client.rs","line_number":187}
{"timestamp":"2026-09-03T19:03:39.848139Z","level":"INFO","fields":{"message":"No-read-timeout HTTP client configured (for shard uploads)","connect_timeout":"60s"},"filename":"D:\\a\\xet-core\\xet-core\\xet_client\\src\\common\\http_client.rs","line_number":136}
{"timestamp":"2026-09-03T19:03:39.848177Z","level":"INFO","fields":{"message":"New file download group, session_id=01a06885-c2ec-7523-915a-82a265a22d87, group_id=12"},"filename":"D:\\a\\xet-core\\xet-core\\xet_pkg\\src\\xet_session\\file_download_group.rs","line_number":61}
{"timestamp":"2026-09-03T19:03:39.848338Z","level":"INFO","fields":{"message":"Download file to path","group_id":"12","dest_path":"\"C:\\\\Users\\\\pc\\\\Desktop\\\\telnet-support-bot\\\\models_cache\\\\models--BAAI--bge-m3\\\\blobs\\\\cfc8146abe2a0488e9e2a0c56de7952f7c11ab059eca145a0a727afce0db2865.00b64b18.incomplete\"","hash":"8b03b9e079abc849bdd27d0942fa6a77f9e7836db188512be97e4b3d52f415a8"},"filename":"D:\\a\\xet-core\\xet-core\\xet_pkg\\src\\xet_session\\file_download_group.rs","line_number":287}
{"timestamp":"2026-09-03T19:03:39.848391Z","level":"INFO","fields":{"message":"Reconstructing file to disk","file_hash":"8b03b9e079abc849bdd27d0942fa6a77f9e7836db188512be97e4b3d52f415a8","byte_range":"None","path":"C:\\Users\\pc\\Desktop\\telnet-support-bot\\models_cache\\models--BAAI--bge-m3\\blobs\\cfc8146abe2a0488e9e2a0c56de7952f7c11ab059eca145a0a727afce0db2865.00b64b18.incomplete","write_offset":"None"},"filename":"D:\\a\\xet-core\\xet-core\\xet_data\\src\\file_reconstruction\\file_reconstructor.rs","line_number":126}
{"timestamp":"2026-09-03T19:03:39.848763Z","level":"INFO","fields":{"message":"Scheduling prefetch block","file_hash":"8b03b9e079abc849bdd27d0942fa6a77f9e7836db188512be97e4b3d52f415a8","prefetch_range":"(0, 256000000)","requested_block_size":256000000,"actual_block_size":256000000,"queue_depth":1},"filename":"D:\\a\\xet-core\\xet-core\\xet_data\\src\\file_reconstruction\\reconstruction_terms\\manager.rs","line_number":277}
{"timestamp":"2026-09-03T19:03:39.848775Z","level":"INFO","fields":{"message":"Scheduling prefetch block","file_hash":"8b03b9e079abc849bdd27d0942fa6a77f9e7836db188512be97e4b3d52f415a8","prefetch_range":"(256000000, 768000000)","requested_block_size":512000000,"actual_block_size":512000000,"queue_depth":2},"filename":"D:\\a\\xet-core\\xet-core\\xet_data\\src\\file_reconstruction\\reconstruction_terms\\manager.rs","line_number":277}
{"timestamp":"2026-09-03T19:03:39.848783Z","level":"INFO","fields":{"message":"Scheduling prefetch block","file_hash":"8b03b9e079abc849bdd27d0942fa6a77f9e7836db188512be97e4b3d52f415a8","prefetch_range":"(768000000, 1024000000)","requested_block_size":256000000,"actual_block_size":256000000,"queue_depth":3},"filename":"D:\\a\\xet-core\\xet-core\\xet_data\\src\\file_reconstruction\\reconstruction_terms\\manager.rs","line_number":277}
{"timestamp":"2026-09-03T19:03:39.848795Z","level":"INFO","fields":{"message":"Starting get_reconstruction API call","call_id":13,"file_id":"8b03b9e079abc849bdd27d0942fa6a77f9e7836db188512be97e4b3d52f415a8","bytes_range":"Some(Range { start: 768000000, end: 1024000000 })","api_version":"v2"},"filename":"D:\\a\\xet-core\\xet-core\\xet_client\\src\\cas_client\\remote_client.rs","line_number":214}
{"timestamp":"2026-09-03T19:03:39.848800Z","level":"INFO","fields":{"message":"Retry strategy","retry":"RetryWrapper { max_attempts: 5, base_delay: 3s, max_duration: 360s, no_retry_on_429: false, retry_on_403: false, expected_416: true, expected_404: false, log_errors_as_info: false, api_tag: \"cas::get_reconstruction_v2\", has_connection_permit: false }"},"filename":"D:\\a\\xet-core\\xet-core\\xet_client\\src\\cas_client\\retry_wrapper.rs","line_number":274}
{"timestamp":"2026-09-03T19:03:39.848815Z","level":"INFO","fields":{"message":"Starting get_reconstruction API call","call_id":14,"file_id":"8b03b9e079abc849bdd27d0942fa6a77f9e7836db188512be97e4b3d52f415a8","bytes_range":"Some(Range { start: 0, end: 256000000 })","api_version":"v2"},"filename":"D:\\a\\xet-core\\xet-core\\xet_client\\src\\cas_client\\remote_client.rs","line_number":214}
{"timestamp":"2026-09-03T19:03:39.848826Z","level":"INFO","fields":{"message":"Retry strategy","retry":"RetryWrapper { max_attempts: 5, base_delay: 3s, max_duration: 360s, no_retry_on_429: false, retry_on_403: false, expected_416: true, expected_404: false, log_errors_as_info: false, api_tag: \"cas::get_reconstruction_v2\", has_connection_permit: false }"},"filename":"D:\\a\\xet-core\\xet-core\\xet_client\\src\\cas_client\\retry_wrapper.rs","line_number":274}
{"timestamp":"2026-09-03T19:03:39.848832Z","level":"INFO","fields":{"message":"Starting get_reconstruction API call","call_id":15,"file_id":"8b03b9e079abc849bdd27d0942fa6a77f9e7836db188512be97e4b3d52f415a8","bytes_range":"Some(Range { start: 256000000, end: 768000000 })","api_version":"v2"},"filename":"D:\\a\\xet-core\\xet-core\\xet_client\\src\\cas_client\\remote_client.rs","line_number":214}
{"timestamp":"2026-09-03T19:03:39.848842Z","level":"INFO","fields":{"message":"Retry strategy","retry":"RetryWrapper { max_attempts: 5, base_delay: 3s, max_duration: 360s, no_retry_on_429: false, retry_on_403: false, expected_416: true, expected_404: false, log_errors_as_info: false, api_tag: \"cas::get_reconstruction_v2\", has_connection_permit: false }"},"filename":"D:\\a\\xet-core\\xet-core\\xet_client\\src\\cas_client\\retry_wrapper.rs","line_number":274}
{"timestamp":"2026-09-03T19:03:39.849088Z","level":"INFO","fields":{"message":"Download group finish","group_id":"12"},"filename":"D:\\a\\xet-core\\xet-core\\xet_pkg\\src\\xet_session\\file_download_group.rs","line_number":306}
{"timestamp":"2026-09-03T19:03:41.451351Z","level":"INFO","fields":{"message":"Received CAS response","request_id":"01M1MAFJ3ZS938TC56QXQPVG5G","status_code":416},"filename":"D:\\a\\xet-core\\xet-core\\xet_client\\src\\common\\http_client.rs","line_number":288}
{"timestamp":"2026-09-03T19:03:41.451401Z","level":"INFO","fields":{"message":"Reached end of reconstruction 416 (Range Not Satisfiable): \"cas::get_reconstruction_v2\" api call failed (request id 01M1MAFJ3ZS938TC56QXQPVG5G): HTTP status client error (416 Range Not Satisfiable) for url (https://cas-server.xethub.hf.co/v2/reconstructions/8b03b9e079abc849bdd27d0942fa6a77f9e7836db188512be97e4b3d52f415a8)"},"filename":"D:\\a\\xet-core\\xet-core\\xet_client\\src\\cas_client\\retry_wrapper.rs","line_number":189}
{"timestamp":"2026-09-03T19:03:41.604607Z","level":"INFO","fields":{"message":"Received CAS response","request_id":"01M1MAFJ8TVHZRBTQPYD0B9X8M","status_code":416},"filename":"D:\\a\\xet-core\\xet-core\\xet_client\\src\\common\\http_client.rs","line_number":288}
{"timestamp":"2026-09-03T19:03:41.604646Z","level":"INFO","fields":{"message":"Reached end of reconstruction 416 (Range Not Satisfiable): \"cas::get_reconstruction_v2\" api call failed (request id 01M1MAFJ8TVHZRBTQPYD0B9X8M): HTTP status client error (416 Range Not Satisfiable) for url (https://cas-server.xethub.hf.co/v2/reconstructions/8b03b9e079abc849bdd27d0942fa6a77f9e7836db188512be97e4b3d52f415a8)"},"filename":"D:\\a\\xet-core\\xet-core\\xet_client\\src\\cas_client\\retry_wrapper.rs","line_number":189}
{"timestamp":"2026-09-03T19:03:41.902333Z","level":"INFO","fields":{"message":"Received CAS response","request_id":"01M1MAFHKHV96TPJ1Q5559SAVD","status_code":200},"filename":"D:\\a\\xet-core\\xet-core\\xet_client\\src\\common\\http_client.rs","line_number":288}
{"timestamp":"2026-09-03T19:03:41.902360Z","level":"INFO","fields":{"message":"Request Success: cas::get_reconstruction_v2 api call succeeded (request id 01M1MAFHKHV96TPJ1Q5559SAVD)."},"filename":"D:\\a\\xet-core\\xet-core\\xet_client\\src\\cas_client\\retry_wrapper.rs","line_number":237}
{"timestamp":"2026-09-03T19:03:41.902393Z","level":"INFO","fields":{"message":"Completed get_reconstruction API call","call_id":14,"file_id":"8b03b9e079abc849bdd27d0942fa6a77f9e7836db188512be97e4b3d52f415a8","bytes_range":"Some(Range { start: 0, end: 256000000 })","api_version":"v2"},"filename":"D:\\a\\xet-core\\xet-core\\xet_client\\src\\cas_client\\remote_client.rs","line_number":238}
{"timestamp":"2026-09-03T19:03:41.902426Z","level":"INFO","fields":{"message":"Received block of file terms from prefetch queue","file_hash":"8b03b9e079abc849bdd27d0942fa6a77f9e7836db188512be97e4b3d52f415a8","domain":"us.aws.cdn.hf.co","block_start":0,"block_end":5069051,"block_size":1},"filename":"D:\\a\\xet-core\\xet-core\\xet_data\\src\\file_reconstruction\\reconstruction_terms\\manager.rs","line_number":156}
{"timestamp":"2026-09-03T19:03:41.902445Z","level":"INFO","fields":{"message":"Updated completion rate estimate based on previous block completion time (seconds).","file_hash":"8b03b9e079abc849bdd27d0942fa6a77f9e7836db188512be97e4b3d52f415a8","block_start":0,"block_end":5069051,"block_size":5069051,"completion_time":0.0000183},"filename":"D:\\a\\xet-core\\xet-core\\xet_data\\src\\file_reconstruction\\reconstruction_terms\\manager.rs","line_number":109}
{"timestamp":"2026-09-03T19:03:41.902451Z","level":"INFO","fields":{"message":"Completed prefetch queue; end of file reached.","file_hash":"8b03b9e079abc849bdd27d0942fa6a77f9e7836db188512be97e4b3d52f415a8","prefetched_byte_position":1024000000},"filename":"D:\\a\\xet-core\\xet-core\\xet_data\\src\\file_reconstruction\\reconstruction_terms\\manager.rs","line_number":183}
{"timestamp":"2026-09-03T19:03:41.902455Z","level":"INFO","fields":{"message":"All term blocks received and scheduled for writing","file_hash":"8b03b9e079abc849bdd27d0942fa6a77f9e7836db188512be97e4b3d52f415a8","block_count":1,"total_terms_processed":1,"total_bytes_scheduled":5069051},"filename":"D:\\a\\xet-core\\xet-core\\xet_data\\src\\file_reconstruction\\run_state.rs","line_number":150}
{"timestamp":"2026-09-03T19:03:42.081704Z","level":"INFO","fields":{"message":"Concurrency control for download: Current concurrency = 1; predicted bandwidth = 340171; success_ratio = 1.000; reference_size = 61.0MB; observed bytes sent so far = 1522165972; completed transmissions = 44"},"filename":"D:\\a\\xet-core\\xet-core\\xet_client\\src\\cas_client\\adaptive_concurrency\\controller.rs","line_number":602}
{"timestamp":"2026-09-03T19:03:52.128896Z","level":"INFO","fields":{"message":"Concurrency control for download: Current concurrency = 1; predicted bandwidth = 407243; success_ratio = 1.000; reference_size = 61.0MB; observed bytes sent so far = 1527954182; completed transmissions = 44"},"filename":"D:\\a\\xet-core\\xet-core\\xet_client\\src\\cas_client\\adaptive_concurrency\\controller.rs","line_number":602}
{"timestamp":"2026-09-03T19:03:52.704062Z","level":"INFO","fields":{"message":"Retry strategy","retry":"RetryWrapper { max_attempts: 5, base_delay: 3s, max_duration: 360s, no_retry_on_429: false, retry_on_403: true, expected_416: false, expected_404: false, log_errors_as_info: false, api_tag: \"s3::get_range\", has_connection_permit: true }"},"filename":"D:\\a\\xet-core\\xet-core\\xet_client\\src\\cas_client\\retry_wrapper.rs","line_number":274}
{"timestamp":"2026-09-03T19:03:52.774055Z","level":"INFO","fields":{"message":"Received CAS response","request_id":"01M1MAFX76DBC594182FKATDAD","status_code":206},"filename":"D:\\a\\xet-core\\xet-core\\xet_client\\src\\common\\http_client.rs","line_number":288}
{"timestamp":"2026-09-03T19:03:52.774100Z","level":"INFO","fields":{"message":"Request Success: s3::get_range api call succeeded (request id 01M1MAFX76DBC594182FKATDAD)."},"filename":"D:\\a\\xet-core\\xet-core\\xet_client\\src\\cas_client\\retry_wrapper.rs","line_number":237}
{"timestamp":"2026-09-03T19:04:02.368942Z","level":"INFO","fields":{"message":"Concurrency control for download: Current concurrency = 1; predicted bandwidth = 477131; success_ratio = 1.000; reference_size = 61.0MB; observed bytes sent so far = 1534187696; completed transmissions = 45"},"filename":"D:\\a\\xet-core\\xet-core\\xet_client\\src\\cas_client\\adaptive_concurrency\\controller.rs","line_number":602}
{"timestamp":"2026-09-03T19:04:12.372251Z","level":"INFO","fields":{"message":"Concurrency control for download: Current concurrency = 1; predicted bandwidth = 482796; success_ratio = 1.000; reference_size = 61.0MB; observed bytes sent so far = 1541298352; completed transmissions = 45"},"filename":"D:\\a\\xet-core\\xet-core\\xet_client\\src\\cas_client\\adaptive_concurrency\\controller.rs","line_number":602}
{"timestamp":"2026-09-03T19:04:22.412385Z","level":"INFO","fields":{"message":"Concurrency control for download: Current concurrency = 1; predicted bandwidth = 511543; success_ratio = 1.000; reference_size = 61.0MB; observed bytes sent so far = 1549097136; completed transmissions = 45"},"filename":"D:\\a\\xet-core\\xet-core\\xet_client\\src\\cas_client\\adaptive_concurrency\\controller.rs","line_number":602}
{"timestamp":"2026-09-03T19:04:32.462091Z","level":"INFO","fields":{"message":"Concurrency control for download: Current concurrency = 1; predicted bandwidth = 555009; success_ratio = 1.000; reference_size = 61.0MB; observed bytes sent so far = 1555241136; completed transmissions = 45"},"filename":"D:\\a\\xet-core\\xet-core\\xet_client\\src\\cas_client\\adaptive_concurrency\\controller.rs","line_number":602}
{"timestamp":"2026-09-03T19:04:42.704847Z","level":"INFO","fields":{"message":"Concurrency control for download: Current concurrency = 1; predicted bandwidth = 581537; success_ratio = 1.000; reference_size = 61.0MB; observed bytes sent so far = 1558370480; completed transmissions = 45"},"filename":"D:\\a\\xet-core\\xet-core\\xet_client\\src\\cas_client\\adaptive_concurrency\\controller.rs","line_number":602}
{"timestamp":"2026-09-03T19:04:52.822259Z","level":"INFO","fields":{"message":"Concurrency control for download: Current concurrency = 1; predicted bandwidth = 592827; success_ratio = 1.000; reference_size = 61.0MB; observed bytes sent so far = 1559746736; completed transmissions = 45"},"filename":"D:\\a\\xet-core\\xet-core\\xet_client\\src\\cas_client\\adaptive_concurrency\\controller.rs","line_number":602}
{"timestamp":"2026-09-03T19:05:02.852911Z","level":"INFO","fields":{"message":"Concurrency control for download: Current concurrency = 1; predicted bandwidth = 603978; success_ratio = 1.000; reference_size = 61.0MB; observed bytes sent so far = 1561680048; completed transmissions = 45"},"filename":"D:\\a\\xet-core\\xet-core\\xet_client\\src\\cas_client\\adaptive_concurrency\\controller.rs","line_number":602}
{"timestamp":"2026-09-03T19:05:13.123466Z","level":"INFO","fields":{"message":"Concurrency control for download: Current concurrency = 1; predicted bandwidth = 604467; success_ratio = 1.000; reference_size = 61.0MB; observed bytes sent so far = 1570183344; completed transmissions = 45"},"filename":"D:\\a\\xet-core\\xet-core\\xet_client\\src\\cas_client\\adaptive_concurrency\\controller.rs","line_number":602}
{"timestamp":"2026-09-03T19:05:16.219249Z","level":"INFO","fields":{"message":"Retry strategy","retry":"RetryWrapper { max_attempts: 5, base_delay: 3s, max_duration: 360s, no_retry_on_429: false, retry_on_403: true, expected_416: false, expected_404: false, log_errors_as_info: false, api_tag: \"s3::get_range\", has_connection_permit: true }"},"filename":"D:\\a\\xet-core\\xet-core\\xet_client\\src\\cas_client\\retry_wrapper.rs","line_number":274}
{"timestamp":"2026-09-03T19:05:16.289335Z","level":"INFO","fields":{"message":"Received CAS response","request_id":"01M1MAJERWSS6N73GAZDXEBB82","status_code":206},"filename":"D:\\a\\xet-core\\xet-core\\xet_client\\src\\common\\http_client.rs","line_number":288}
{"timestamp":"2026-09-03T19:05:16.289355Z","level":"INFO","fields":{"message":"Request Success: s3::get_range api call succeeded (request id 01M1MAJERWSS6N73GAZDXEBB82)."},"filename":"D:\\a\\xet-core\\xet-core\\xet_client\\src\\cas_client\\retry_wrapper.rs","line_number":237}
{"timestamp":"2026-09-03T19:05:23.180197Z","level":"INFO","fields":{"message":"Concurrency control for download: Current concurrency = 1; predicted bandwidth = 557349; success_ratio = 1.000; reference_size = 61.0MB; observed bytes sent so far = 1578838424; completed transmissions = 46"},"filename":"D:\\a\\xet-core\\xet-core\\xet_client\\src\\cas_client\\adaptive_concurrency\\controller.rs","line_number":602}
{"timestamp":"2026-09-03T19:05:33.334658Z","level":"INFO","fields":{"message":"Concurrency control for download: Current concurrency = 1; predicted bandwidth = 657228; success_ratio = 1.000; reference_size = 61.0MB; observed bytes sent so far = 1587440024; completed transmissions = 46"},"filename":"D:\\a\\xet-core\\xet-core\\xet_client\\src\\cas_client\\adaptive_concurrency\\controller.rs","line_number":602}
{"timestamp":"2026-09-03T19:05:43.474132Z","level":"INFO","fields":{"message":"Concurrency control for download: Current concurrency = 1; predicted bandwidth = 888657; success_ratio = 1.000; reference_size = 61.0MB; observed bytes sent so far = 1596500376; completed transmissions = 46"},"filename":"D:\\a\\xet-core\\xet-core\\xet_client\\src\\cas_client\\adaptive_concurrency\\controller.rs","line_number":602}
{"timestamp":"2026-09-03T19:05:53.738661Z","level":"INFO","fields":{"message":"Concurrency control for download: Current concurrency = 1; predicted bandwidth = 1395729; success_ratio = 1.000; reference_size = 61.0MB; observed bytes sent so far = 1604364696; completed transmissions = 46"},"filename":"D:\\a\\xet-core\\xet-core\\xet_client\\src\\cas_client\\adaptive_concurrency\\controller.rs","line_number":602}
{"timestamp":"2026-09-03T19:06:03.749361Z","level":"INFO","fields":{"message":"Concurrency control for download: Current concurrency = 1; predicted bandwidth = 1912447; success_ratio = 1.000; reference_size = 61.0MB; observed bytes sent so far = 1609017752; completed transmissions = 46"},"filename":"D:\\a\\xet-core\\xet-core\\xet_client\\src\\cas_client\\adaptive_concurrency\\controller.rs","line_number":602}
{"timestamp":"2026-09-03T19:06:05.700827Z","level":"INFO","fields":{"message":"Retry strategy","retry":"RetryWrapper { max_attempts: 5, base_delay: 3s, max_duration: 360s, no_retry_on_429: false, retry_on_403: true, expected_416: false, expected_404: false, log_errors_as_info: false, api_tag: \"s3::get_range\", has_connection_permit: true }"},"filename":"D:\\a\\xet-core\\xet-core\\xet_client\\src\\cas_client\\retry_wrapper.rs","line_number":274}
{"timestamp":"2026-09-03T19:06:05.782917Z","level":"INFO","fields":{"message":"Received CAS response","request_id":"01M1MAKZ3SZSH4V15YM0W16Y5Z","status_code":206},"filename":"D:\\a\\xet-core\\xet-core\\xet_client\\src\\common\\http_client.rs","line_number":288}
{"timestamp":"2026-09-03T19:06:05.782960Z","level":"INFO","fields":{"message":"Request Success: s3::get_range api call succeeded (request id 01M1MAKZ3SZSH4V15YM0W16Y5Z)."},"filename":"D:\\a\\xet-core\\xet-core\\xet_client\\src\\cas_client\\retry_wrapper.rs","line_number":237}
{"timestamp":"2026-09-03T19:06:14.023810Z","level":"INFO","fields":{"message":"Concurrency control for download: Current concurrency = 1; predicted bandwidth = 1619550; success_ratio = 1.000; reference_size = 61.0MB; observed bytes sent so far = 1613840535; completed transmissions = 47"},"filename":"D:\\a\\xet-core\\xet-core\\xet_client\\src\\cas_client\\adaptive_concurrency\\controller.rs","line_number":602}
{"timestamp":"2026-09-03T19:06:24.170383Z","level":"INFO","fields":{"message":"Concurrency control for download: Current concurrency = 1; predicted bandwidth = 997781; success_ratio = 1.000; reference_size = 61.0MB; observed bytes sent so far = 1617789079; completed transmissions = 47"},"filename":"D:\\a\\xet-core\\xet-core\\xet_client\\src\\cas_client\\adaptive_concurrency\\controller.rs","line_number":602}
{"timestamp":"2026-09-03T19:06:34.357184Z","level":"INFO","fields":{"message":"Concurrency control for download: Current concurrency = 1; predicted bandwidth = 693667; success_ratio = 1.000; reference_size = 61.0MB; observed bytes sent so far = 1621868695; completed transmissions = 47"},"filename":"D:\\a\\xet-core\\xet-core\\xet_client\\src\\cas_client\\adaptive_concurrency\\controller.rs","line_number":602}
{"timestamp":"2026-09-03T19:06:44.836711Z","level":"INFO","fields":{"message":"Concurrency control for download: Current concurrency = 1; predicted bandwidth = 548849; success_ratio = 1.000; reference_size = 61.0MB; observed bytes sent so far = 1626734743; completed transmissions = 47"},"filename":"D:\\a\\xet-core\\xet-core\\xet_client\\src\\cas_client\\adaptive_concurrency\\controller.rs","line_number":602}
{"timestamp":"2026-09-03T19:06:54.949988Z","level":"INFO","fields":{"message":"Concurrency control for download: Current concurrency = 1; predicted bandwidth = 446777; success_ratio = 1.000; reference_size = 61.0MB; observed bytes sent so far = 1631469719; completed transmissions = 47"},"filename":"D:\\a\\xet-core\\xet-core\\xet_client\\src\\cas_client\\adaptive_concurrency\\controller.rs","line_number":602}
{"timestamp":"2026-09-03T19:07:05.182390Z","level":"INFO","fields":{"message":"Concurrency control for download: Current concurrency = 1; predicted bandwidth = 370665; success_ratio = 1.000; reference_size = 61.0MB; observed bytes sent so far = 1640300695; completed transmissions = 47"},"filename":"D:\\a\\xet-core\\xet-core\\xet_client\\src\\cas_client\\adaptive_concurrency\\controller.rs","line_number":602}
{"timestamp":"2026-09-03T19:07:15.334348Z","level":"INFO","fields":{"message":"Concurrency control for download: Current concurrency = 1; predicted bandwidth = 370388; success_ratio = 1.000; reference_size = 61.0MB; observed bytes sent so far = 1648197783; completed transmissions = 47"},"filename":"D:\\a\\xet-core\\xet-core\\xet_client\\src\\cas_client\\adaptive_concurrency\\controller.rs","line_number":602}
{"timestamp":"2026-09-03T19:07:22.678319Z","level":"INFO","fields":{"message":"Retry strategy","retry":"RetryWrapper { max_attempts: 5, base_delay: 3s, max_duration: 360s, no_retry_on_429: false, retry_on_403: true, expected_416: false, expected_404: false, log_errors_as_info: false, api_tag: \"s3::get_range\", has_connection_permit: true }"},"filename":"D:\\a\\xet-core\\xet-core\\xet_client\\src\\cas_client\\retry_wrapper.rs","line_number":274}
{"timestamp":"2026-09-03T19:07:22.755547Z","level":"INFO","fields":{"message":"Received CAS response","request_id":"01M1MAPA8Z9KH0CAKK8A1VV9HD","status_code":206},"filename":"D:\\a\\xet-core\\xet-core\\xet_client\\src\\common\\http_client.rs","line_number":288}
{"timestamp":"2026-09-03T19:07:22.755563Z","level":"INFO","fields":{"message":"Request Success: s3::get_range api call succeeded (request id 01M1MAPA8Z9KH0CAKK8A1VV9HD)."},"filename":"D:\\a\\xet-core\\xet-core\\xet_client\\src\\cas_client\\retry_wrapper.rs","line_number":237}
{"timestamp":"2026-09-03T19:07:25.346697Z","level":"INFO","fields":{"message":"Concurrency control for download: Current concurrency = 1; predicted bandwidth = 513408; success_ratio = 1.000; reference_size = 61.0MB; observed bytes sent so far = 1655628931; completed transmissions = 48"},"filename":"D:\\a\\xet-core\\xet-core\\xet_client\\src\\cas_client\\adaptive_concurrency\\controller.rs","line_number":602}
{"timestamp":"2026-09-03T19:07:35.471626Z","level":"INFO","fields":{"message":"Concurrency control for download: Current concurrency = 1; predicted bandwidth = 549316; success_ratio = 1.000; reference_size = 61.0MB; observed bytes sent so far = 1661029605; completed transmissions = 48"},"filename":"D:\\a\\xet-core\\xet-core\\xet_client\\src\\cas_client\\adaptive_concurrency\\controller.rs","line_number":602}
{"timestamp":"2026-09-03T19:07:45.747817Z","level":"INFO","fields":{"message":"Concurrency control for download: Current concurrency = 1; predicted bandwidth = 536247; success_ratio = 1.000; reference_size = 61.0MB; observed bytes sent so far = 1664552165; completed transmissions = 48"},"filename":"D:\\a\\xet-core\\xet-core\\xet_client\\src\\cas_client\\adaptive_concurrency\\controller.rs","line_number":602}
{"timestamp":"2026-09-03T19:07:57.815454Z","level":"INFO","fields":{"message":"Concurrency control for download: Current concurrency = 1; predicted bandwidth = 533066; success_ratio = 1.000; reference_size = 61.0MB; observed bytes sent so far = 1664748773; completed transmissions = 48"},"filename":"D:\\a\\xet-core\\xet-core\\xet_client\\src\\cas_client\\adaptive_concurrency\\controller.rs","line_number":602}
{"timestamp":"2026-09-03T19:08:07.951041Z","level":"INFO","fields":{"message":"Concurrency control for download: Current concurrency = 1; predicted bandwidth = 408273; success_ratio = 1.000; reference_size = 61.0MB; observed bytes sent so far = 1668812005; completed transmissions = 48"},"filename":"D:\\a\\xet-core\\xet-core\\xet_client\\src\\cas_client\\adaptive_concurrency\\controller.rs","line_number":602}
{"timestamp":"2026-09-03T19:08:17.995988Z","level":"INFO","fields":{"message":"Concurrency control for download: Current concurrency = 1; predicted bandwidth = 355793; success_ratio = 1.000; reference_size = 61.0MB; observed bytes sent so far = 1671711973; completed transmissions = 48"},"filename":"D:\\a\\xet-core\\xet-core\\xet_client\\src\\cas_client\\adaptive_concurrency\\controller.rs","line_number":602}
{"timestamp":"2026-09-03T19:08:28.323650Z","level":"INFO","fields":{"message":"Concurrency control for download: Current concurrency = 1; predicted bandwidth = 293692; success_ratio = 1.000; reference_size = 61.0MB; observed bytes sent so far = 1675087077; completed transmissions = 48"},"filename":"D:\\a\\xet-core\\xet-core\\xet_client\\src\\cas_client\\adaptive_concurrency\\controller.rs","line_number":602}
{"timestamp":"2026-09-03T19:08:38.488692Z","level":"INFO","fields":{"message":"Concurrency control for download: Current concurrency = 1; predicted bandwidth = 243957; success_ratio = 1.000; reference_size = 61.0MB; observed bytes sent so far = 1679346917; completed transmissions = 48"},"filename":"D:\\a\\xet-core\\xet-core\\xet_client\\src\\cas_client\\adaptive_concurrency\\controller.rs","line_number":602}
{"timestamp":"2026-09-03T19:08:48.737404Z","level":"INFO","fields":{"message":"Concurrency control for download: Current concurrency = 1; predicted bandwidth = 213698; success_ratio = 1.000; reference_size = 61.0MB; observed bytes sent so far = 1682853093; completed transmissions = 48"},"filename":"D:\\a\\xet-core\\xet-core\\xet_client\\src\\cas_client\\adaptive_concurrency\\controller.rs","line_number":602}
{"timestamp":"2026-09-03T19:08:52.792839Z","level":"INFO","fields":{"message":"Concurrency control for download: Decreased concurrency from 1 to 1; reason: success ratio below threshold (connection struggling) (success_ratio = 1.000, threshold = 0.500)"},"filename":"D:\\a\\xet-core\\xet-core\\xet_client\\src\\cas_client\\adaptive_concurrency\\controller.rs","line_number":586}
{"timestamp":"2026-09-03T19:08:53.652326Z","level":"INFO","fields":{"message":"Concurrency control for download: Decreased concurrency from 1 to 1; reason: success ratio below threshold (connection struggling) (success_ratio = 1.000, threshold = 0.500)"},"filename":"D:\\a\\xet-core\\xet-core\\xet_client\\src\\cas_client\\adaptive_concurrency\\controller.rs","line_number":586}
{"timestamp":"2026-09-03T19:08:54.391323Z","level":"INFO","fields":{"message":"Concurrency control for download: Decreased concurrency from 1 to 1; reason: success ratio below threshold (connection struggling) (success_ratio = 1.000, threshold = 0.500)"},"filename":"D:\\a\\xet-core\\xet-core\\xet_client\\src\\cas_client\\adaptive_concurrency\\controller.rs","line_number":586}
{"timestamp":"2026-09-03T19:08:57.048575Z","level":"INFO","fields":{"message":"Concurrency control for download: Decreased concurrency from 1 to 1; reason: success ratio below threshold (connection struggling) (success_ratio = 1.000, threshold = 0.500)"},"filename":"D:\\a\\xet-core\\xet-core\\xet_client\\src\\cas_client\\adaptive_concurrency\\controller.rs","line_number":586}
{"timestamp":"2026-09-03T19:08:57.811589Z","level":"INFO","fields":{"message":"Concurrency control for download: Decreased concurrency from 1 to 1; reason: success ratio below threshold (connection struggling) (success_ratio = 1.000, threshold = 0.500)"},"filename":"D:\\a\\xet-core\\xet-core\\xet_client\\src\\cas_client\\adaptive_concurrency\\controller.rs","line_number":586}
{"timestamp":"2026-09-03T19:08:58.471768Z","level":"INFO","fields":{"message":"Concurrency control for download: Decreased concurrency from 1 to 1; reason: success ratio below threshold (connection struggling) (success_ratio = 1.000, threshold = 0.500)"},"filename":"D:\\a\\xet-core\\xet-core\\xet_client\\src\\cas_client\\adaptive_concurrency\\controller.rs","line_number":586}
{"timestamp":"2026-09-03T19:08:58.807008Z","level":"INFO","fields":{"message":"Concurrency control for download: Current concurrency = 1; predicted bandwidth = 205298; success_ratio = 1.000; reference_size = 61.0MB; observed bytes sent so far = 1683819749; completed transmissions = 48"},"filename":"D:\\a\\xet-core\\xet-core\\xet_client\\src\\cas_client\\adaptive_concurrency\\controller.rs","line_number":602}
{"timestamp":"2026-09-03T19:08:59.024172Z","level":"INFO","fields":{"message":"Concurrency control for download: Decreased concurrency from 1 to 1; reason: success ratio below threshold (connection struggling) (success_ratio = 1.000, threshold = 0.500)"},"filename":"D:\\a\\xet-core\\xet-core\\xet_client\\src\\cas_client\\adaptive_concurrency\\controller.rs","line_number":586}
{"timestamp":"2026-09-03T19:08:59.957828Z","level":"INFO","fields":{"message":"Concurrency control for download: Decreased concurrency from 1 to 1; reason: success ratio below threshold (connection struggling) (success_ratio = 1.000, threshold = 0.500)"},"filename":"D:\\a\\xet-core\\xet-core\\xet_client\\src\\cas_client\\adaptive_concurrency\\controller.rs","line_number":586}
{"timestamp":"2026-09-03T19:09:00.782628Z","level":"INFO","fields":{"message":"Concurrency control for download: Decreased concurrency from 1 to 1; reason: success ratio below threshold (connection struggling) (success_ratio = 1.000, threshold = 0.500)"},"filename":"D:\\a\\xet-core\\xet-core\\xet_client\\src\\cas_client\\adaptive_concurrency\\controller.rs","line_number":586}
{"timestamp":"2026-09-03T19:09:01.476683Z","level":"INFO","fields":{"message":"Concurrency control for download: Decreased concurrency from 1 to 1; reason: success ratio below threshold (connection struggling) (success_ratio = 1.000, threshold = 0.500)"},"filename":"D:\\a\\xet-core\\xet-core\\xet_client\\src\\cas_client\\adaptive_concurrency\\controller.rs","line_number":586}
{"timestamp":"2026-09-03T19:09:02.198021Z","level":"INFO","fields":{"message":"Concurrency control for download: Decreased concurrency from 1 to 1; reason: success ratio below threshold (connection struggling) (success_ratio = 1.000, threshold = 0.500)"},"filename":"D:\\a\\xet-core\\xet-core\\xet_client\\src\\cas_client\\adaptive_concurrency\\controller.rs","line_number":586}
{"timestamp":"2026-09-03T19:09:02.733180Z","level":"INFO","fields":{"message":"Concurrency control for download: Decreased concurrency from 1 to 1; reason: success ratio below threshold (connection struggling) (success_ratio = 1.000, threshold = 0.500)"},"filename":"D:\\a\\xet-core\\xet-core\\xet_client\\src\\cas_client\\adaptive_concurrency\\controller.rs","line_number":586}
{"timestamp":"2026-09-03T19:09:03.317814Z","level":"INFO","fields":{"message":"Concurrency control for download: Decreased concurrency from 1 to 1; reason: success ratio below threshold (connection struggling) (success_ratio = 1.000, threshold = 0.500)"},"filename":"D:\\a\\xet-core\\xet-core\\xet_client\\src\\cas_client\\adaptive_concurrency\\controller.rs","line_number":586}
{"timestamp":"2026-09-03T19:09:04.186546Z","level":"INFO","fields":{"message":"Concurrency control for download: Decreased concurrency from 1 to 1; reason: success ratio below threshold (connection struggling) (success_ratio = 1.000, threshold = 0.500)"},"filename":"D:\\a\\xet-core\\xet-core\\xet_client\\src\\cas_client\\adaptive_concurrency\\controller.rs","line_number":586}
{"timestamp":"2026-09-03T19:09:04.841193Z","level":"INFO","fields":{"message":"Concurrency control for download: Decreased concurrency from 1 to 1; reason: success ratio below threshold (connection struggling) (success_ratio = 1.000, threshold = 0.500)"},"filename":"D:\\a\\xet-core\\xet-core\\xet_client\\src\\cas_client\\adaptive_concurrency\\controller.rs","line_number":586}
{"timestamp":"2026-09-03T19:09:05.560558Z","level":"INFO","fields":{"message":"Concurrency control for download: Decreased concurrency from 1 to 1; reason: success ratio below threshold (connection struggling) (success_ratio = 1.000, threshold = 0.500)"},"filename":"D:\\a\\xet-core\\xet-core\\xet_client\\src\\cas_client\\adaptive_concurrency\\controller.rs","line_number":586}
{"timestamp":"2026-09-03T19:09:06.097973Z","level":"INFO","fields":{"message":"Concurrency control for download: Decreased concurrency from 1 to 1; reason: success ratio below threshold (connection struggling) (success_ratio = 1.000, threshold = 0.500)"},"filename":"D:\\a\\xet-core\\xet-core\\xet_client\\src\\cas_client\\adaptive_concurrency\\controller.rs","line_number":586}
{"timestamp":"2026-09-03T19:09:06.770779Z","level":"INFO","fields":{"message":"Concurrency control for download: Decreased concurrency from 1 to 1; reason: success ratio below threshold (connection struggling) (success_ratio = 1.000, threshold = 0.500)"},"filename":"D:\\a\\xet-core\\xet-core\\xet_client\\src\\cas_client\\adaptive_concurrency\\controller.rs","line_number":586}
{"timestamp":"2026-09-03T19:09:07.476827Z","level":"INFO","fields":{"message":"Concurrency control for download: Decreased concurrency from 1 to 1; reason: success ratio below threshold (connection struggling) (success_ratio = 1.000, threshold = 0.500)"},"filename":"D:\\a\\xet-core\\xet-core\\xet_client\\src\\cas_client\\adaptive_concurrency\\controller.rs","line_number":586}
{"timestamp":"2026-09-03T19:09:08.214853Z","level":"INFO","fields":{"message":"Concurrency control for download: Decreased concurrency from 1 to 1; reason: success ratio below threshold (connection struggling) (success_ratio = 1.000, threshold = 0.500)"},"filename":"D:\\a\\xet-core\\xet-core\\xet_client\\src\\cas_client\\adaptive_concurrency\\controller.rs","line_number":586}
{"timestamp":"2026-09-03T19:09:08.862143Z","level":"INFO","fields":{"message":"Concurrency control for download: Decreased concurrency from 1 to 1; reason: success ratio below threshold (connection struggling) (success_ratio = 1.000, threshold = 0.500)"},"filename":"D:\\a\\xet-core\\xet-core\\xet_client\\src\\cas_client\\adaptive_concurrency\\controller.rs","line_number":586}
{"timestamp":"2026-09-03T19:09:08.862189Z","level":"INFO","fields":{"message":"Concurrency control for download: Current concurrency = 1; predicted bandwidth = 188710; success_ratio = 1.000; reference_size = 61.0MB; observed bytes sent so far = 1685081317; completed transmissions = 48"},"filename":"D:\\a\\xet-core\\xet-core\\xet_client\\src\\cas_client\\adaptive_concurrency\\controller.rs","line_number":602}
{"timestamp":"2026-09-03T19:09:09.654334Z","level":"INFO","fields":{"message":"Concurrency control for download: Decreased concurrency from 1 to 1; reason: success ratio below threshold (connection struggling) (success_ratio = 1.000, threshold = 0.500)"},"filename":"D:\\a\\xet-core\\xet-core\\xet_client\\src\\cas_client\\adaptive_concurrency\\controller.rs","line_number":586}
{"timestamp":"2026-09-03T19:09:10.164459Z","level":"INFO","fields":{"message":"Concurrency control for download: Decreased concurrency from 1 to 1; reason: success ratio below threshold (connection struggling) (success_ratio = 1.000, threshold = 0.500)"},"filename":"D:\\a\\xet-core\\xet-core\\xet_client\\src\\cas_client\\adaptive_concurrency\\controller.rs","line_number":586}
{"timestamp":"2026-09-03T19:09:10.820617Z","level":"INFO","fields":{"message":"Concurrency control for download: Decreased concurrency from 1 to 1; reason: success ratio below threshold (connection struggling) (success_ratio = 1.000, threshold = 0.500)"},"filename":"D:\\a\\xet-core\\xet-core\\xet_client\\src\\cas_client\\adaptive_concurrency\\controller.rs","line_number":586}
{"timestamp":"2026-09-03T19:09:11.328530Z","level":"INFO","fields":{"message":"Concurrency control for download: Decreased concurrency from 1 to 1; reason: success ratio below threshold (connection struggling) (success_ratio = 1.000, threshold = 0.500)"},"filename":"D:\\a\\xet-core\\xet-core\\xet_client\\src\\cas_client\\adaptive_concurrency\\controller.rs","line_number":586}
{"timestamp":"2026-09-03T19:09:12.013599Z","level":"INFO","fields":{"message":"Concurrency control for download: Decreased concurrency from 1 to 1; reason: success ratio below threshold (connection struggling) (success_ratio = 1.000, threshold = 0.500)"},"filename":"D:\\a\\xet-core\\xet-core\\xet_client\\src\\cas_client\\adaptive_concurrency\\controller.rs","line_number":586}
{"timestamp":"2026-09-03T19:09:12.586532Z","level":"INFO","fields":{"message":"Concurrency control for download: Decreased concurrency from 1 to 1; reason: success ratio below threshold (connection struggling) (success_ratio = 1.000, threshold = 0.500)"},"filename":"D:\\a\\xet-core\\xet-core\\xet_client\\src\\cas_client\\adaptive_concurrency\\controller.rs","line_number":586}
{"timestamp":"2026-09-03T19:09:13.189080Z","level":"INFO","fields":{"message":"Concurrency control for download: Decreased concurrency from 1 to 1; reason: success ratio below threshold (connection struggling) (success_ratio = 1.000, threshold = 0.500)"},"filename":"D:\\a\\xet-core\\xet-core\\xet_client\\src\\cas_client\\adaptive_concurrency\\controller.rs","line_number":586}
{"timestamp":"2026-09-03T19:09:13.716359Z","level":"INFO","fields":{"message":"Concurrency control for download: Decreased concurrency from 1 to 1; reason: success ratio below threshold (connection struggling) (success_ratio = 1.000, threshold = 0.500)"},"filename":"D:\\a\\xet-core\\xet-core\\xet_client\\src\\cas_client\\adaptive_concurrency\\controller.rs","line_number":586}
{"timestamp":"2026-09-03T19:09:14.445857Z","level":"INFO","fields":{"message":"Concurrency control for download: Decreased concurrency from 1 to 1; reason: success ratio below threshold (connection struggling) (success_ratio = 1.000, threshold = 0.500)"},"filename":"D:\\a\\xet-core\\xet-core\\xet_client\\src\\cas_client\\adaptive_concurrency\\controller.rs","line_number":586}
{"timestamp":"2026-09-03T19:09:15.005204Z","level":"INFO","fields":{"message":"Concurrency control for download: Decreased concurrency from 1 to 1; reason: success ratio below threshold (connection struggling) (success_ratio = 1.000, threshold = 0.500)"},"filename":"D:\\a\\xet-core\\xet-core\\xet_client\\src\\cas_client\\adaptive_concurrency\\controller.rs","line_number":586}
{"timestamp":"2026-09-03T19:09:15.607205Z","level":"INFO","fields":{"message":"Concurrency control for download: Decreased concurrency from 1 to 1; reason: success ratio below threshold (connection struggling) (success_ratio = 1.000, threshold = 0.500)"},"filename":"D:\\a\\xet-core\\xet-core\\xet_client\\src\\cas_client\\adaptive_concurrency\\controller.rs","line_number":586}
{"timestamp":"2026-09-03T19:09:16.168201Z","level":"INFO","fields":{"message":"Concurrency control for download: Decreased concurrency from 1 to 1; reason: success ratio below threshold (connection struggling) (success_ratio = 1.000, threshold = 0.500)"},"filename":"D:\\a\\xet-core\\xet-core\\xet_client\\src\\cas_client\\adaptive_concurrency\\controller.rs","line_number":586}
{"timestamp":"2026-09-03T19:09:16.683037Z","level":"INFO","fields":{"message":"Concurrency control for download: Decreased concurrency from 1 to 1; reason: success ratio below threshold (connection struggling) (success_ratio = 1.000, threshold = 0.500)"},"filename":"D:\\a\\xet-core\\xet-core\\xet_client\\src\\cas_client\\adaptive_concurrency\\controller.rs","line_number":586}
{"timestamp":"2026-09-03T19:09:17.270543Z","level":"INFO","fields":{"message":"Concurrency control for download: Decreased concurrency from 1 to 1; reason: success ratio below threshold (connection struggling) (success_ratio = 1.000, threshold = 0.500)"},"filename":"D:\\a\\xet-core\\xet-core\\xet_client\\src\\cas_client\\adaptive_concurrency\\controller.rs","line_number":586}
{"timestamp":"2026-09-03T19:09:17.971039Z","level":"INFO","fields":{"message":"Concurrency control for download: Decreased concurrency from 1 to 1; reason: success ratio below threshold (connection struggling) (success_ratio = 1.000, threshold = 0.500)"},"filename":"D:\\a\\xet-core\\xet-core\\xet_client\\src\\cas_client\\adaptive_concurrency\\controller.rs","line_number":586}
{"timestamp":"2026-09-03T19:09:18.613036Z","level":"INFO","fields":{"message":"Concurrency control for download: Decreased concurrency from 1 to 1; reason: success ratio below threshold (connection struggling) (success_ratio = 1.000, threshold = 0.500)"},"filename":"D:\\a\\xet-core\\xet-core\\xet_client\\src\\cas_client\\adaptive_concurrency\\controller.rs","line_number":586}
{"timestamp":"2026-09-03T19:09:18.908671Z","level":"INFO","fields":{"message":"Concurrency control for download: Current concurrency = 1; predicted bandwidth = 164886; success_ratio = 1.000; reference_size = 61.0MB; observed bytes sent so far = 1687702757; completed transmissions = 48"},"filename":"D:\\a\\xet-core\\xet-core\\xet_client\\src\\cas_client\\adaptive_concurrency\\controller.rs","line_number":602}
{"timestamp":"2026-09-03T19:09:19.113742Z","level":"INFO","fields":{"message":"Concurrency control for download: Decreased concurrency from 1 to 1; reason: success ratio below threshold (connection struggling) (success_ratio = 1.000, threshold = 0.500)"},"filename":"D:\\a\\xet-core\\xet-core\\xet_client\\src\\cas_client\\adaptive_concurrency\\controller.rs","line_number":586}
{"timestamp":"2026-09-03T19:09:19.723256Z","level":"INFO","fields":{"message":"Concurrency control for download: Decreased concurrency from 1 to 1; reason: success ratio below threshold (connection struggling) (success_ratio = 1.000, threshold = 0.500)"},"filename":"D:\\a\\xet-core\\xet-core\\xet_client\\src\\cas_client\\adaptive_concurrency\\controller.rs","line_number":586}
{"timestamp":"2026-09-03T19:09:20.454643Z","level":"INFO","fields":{"message":"Concurrency control for download: Decreased concurrency from 1 to 1; reason: success ratio below threshold (connection struggling) (success_ratio = 1.000, threshold = 0.500)"},"filename":"D:\\a\\xet-core\\xet-core\\xet_client\\src\\cas_client\\adaptive_concurrency\\controller.rs","line_number":586}
{"timestamp":"2026-09-03T19:09:21.124061Z","level":"INFO","fields":{"message":"Concurrency control for download: Decreased concurrency from 1 to 1; reason: success ratio below threshold (connection struggling) (success_ratio = 1.000, threshold = 0.500)"},"filename":"D:\\a\\xet-core\\xet-core\\xet_client\\src\\cas_client\\adaptive_concurrency\\controller.rs","line_number":586}
{"timestamp":"2026-09-03T19:09:21.711470Z","level":"INFO","fields":{"message":"Concurrency control for download: Decreased concurrency from 1 to 1; reason: success ratio below threshold (connection struggling) (success_ratio = 1.000, threshold = 0.500)"},"filename":"D:\\a\\xet-core\\xet-core\\xet_client\\src\\cas_client\\adaptive_concurrency\\controller.rs","line_number":586}
{"timestamp":"2026-09-03T19:09:22.215984Z","level":"INFO","fields":{"message":"Concurrency control for download: Decreased concurrency from 1 to 1; reason: success ratio below threshold (connection struggling) (success_ratio = 1.000, threshold = 0.500)"},"filename":"D:\\a\\xet-core\\xet-core\\xet_client\\src\\cas_client\\adaptive_concurrency\\controller.rs","line_number":586}
{"timestamp":"2026-09-03T19:09:22.896072Z","level":"INFO","fields":{"message":"Concurrency control for download: Decreased concurrency from 1 to 1; reason: success ratio below threshold (connection struggling) (success_ratio = 1.000, threshold = 0.500)"},"filename":"D:\\a\\xet-core\\xet-core\\xet_client\\src\\cas_client\\adaptive_concurrency\\controller.rs","line_number":586}
{"timestamp":"2026-09-03T19:09:23.807150Z","level":"INFO","fields":{"message":"Concurrency control for download: Decreased concurrency from 1 to 1; reason: success ratio below threshold (connection struggling) (success_ratio = 1.000, threshold = 0.500)"},"filename":"D:\\a\\xet-core\\xet-core\\xet_client\\src\\cas_client\\adaptive_concurrency\\controller.rs","line_number":586}
{"timestamp":"2026-09-03T19:09:24.509292Z","level":"INFO","fields":{"message":"Concurrency control for download: Decreased concurrency from 1 to 1; reason: success ratio below threshold (connection struggling) (success_ratio = 1.000, threshold = 0.500)"},"filename":"D:\\a\\xet-core\\xet-core\\xet_client\\src\\cas_client\\adaptive_concurrency\\controller.rs","line_number":586}
{"timestamp":"2026-09-03T19:09:25.238273Z","level":"INFO","fields":{"message":"Concurrency control for download: Decreased concurrency from 1 to 1; reason: success ratio below threshold (connection struggling) (success_ratio = 1.000, threshold = 0.500)"},"filename":"D:\\a\\xet-core\\xet-core\\xet_client\\src\\cas_client\\adaptive_concurrency\\controller.rs","line_number":586}
{"timestamp":"2026-09-03T19:09:25.906041Z","level":"INFO","fields":{"message":"Concurrency control for download: Decreased concurrency from 1 to 1; reason: success ratio below threshold (connection struggling) (success_ratio = 1.000, threshold = 0.500)"},"filename":"D:\\a\\xet-core\\xet-core\\xet_client\\src\\cas_client\\adaptive_concurrency\\controller.rs","line_number":586}
{"timestamp":"2026-09-03T19:09:26.462307Z","level":"INFO","fields":{"message":"Concurrency control for download: Decreased concurrency from 1 to 1; reason: success ratio below threshold (connection struggling) (success_ratio = 1.000, threshold = 0.500)"},"filename":"D:\\a\\xet-core\\xet-core\\xet_client\\src\\cas_client\\adaptive_concurrency\\controller.rs","line_number":586}
{"timestamp":"2026-09-03T19:09:27.225390Z","level":"INFO","fields":{"message":"Concurrency control for download: Decreased concurrency from 1 to 1; reason: success ratio below threshold (connection struggling) (success_ratio = 1.000, threshold = 0.500)"},"filename":"D:\\a\\xet-core\\xet-core\\xet_client\\src\\cas_client\\adaptive_concurrency\\controller.rs","line_number":586}
{"timestamp":"2026-09-03T19:09:27.760648Z","level":"INFO","fields":{"message":"Concurrency control for download: Decreased concurrency from 1 to 1; reason: success ratio below threshold (connection struggling) (success_ratio = 1.000, threshold = 0.500)"},"filename":"D:\\a\\xet-core\\xet-core\\xet_client\\src\\cas_client\\adaptive_concurrency\\controller.rs","line_number":586}
{"timestamp":"2026-09-03T19:09:28.272137Z","level":"INFO","fields":{"message":"Concurrency control for download: Decreased concurrency from 1 to 1; reason: success ratio below threshold (connection struggling) (success_ratio = 1.000, threshold = 0.500)"},"filename":"D:\\a\\xet-core\\xet-core\\xet_client\\src\\cas_client\\adaptive_concurrency\\controller.rs","line_number":586}
{"timestamp":"2026-09-03T19:09:28.922249Z","level":"INFO","fields":{"message":"Concurrency control for download: Decreased concurrency from 1 to 1; reason: success ratio below threshold (connection struggling) (success_ratio = 1.000, threshold = 0.500)"},"filename":"D:\\a\\xet-core\\xet-core\\xet_client\\src\\cas_client\\adaptive_concurrency\\controller.rs","line_number":586}
{"timestamp":"2026-09-03T19:09:28.922311Z","level":"INFO","fields":{"message":"Concurrency control for download: Current concurrency = 1; predicted bandwidth = 164617; success_ratio = 1.000; reference_size = 61.0MB; observed bytes sent so far = 1692716261; completed transmissions = 48"},"filename":"D:\\a\\xet-core\\xet-core\\xet_client\\src\\cas_client\\adaptive_concurrency\\controller.rs","line_number":602}
{"timestamp":"2026-09-03T19:09:29.622711Z","level":"INFO","fields":{"message":"Concurrency control for download: Decreased concurrency from 1 to 1; reason: success ratio below threshold (connection struggling) (success_ratio = 1.000, threshold = 0.500)"},"filename":"D:\\a\\xet-core\\xet-core\\xet_client\\src\\cas_client\\adaptive_concurrency\\controller.rs","line_number":586}
{"timestamp":"2026-09-03T19:09:30.300752Z","level":"INFO","fields":{"message":"Concurrency control for download: Decreased concurrency from 1 to 1; reason: success ratio below threshold (connection struggling) (success_ratio = 1.000, threshold = 0.500)"},"filename":"D:\\a\\xet-core\\xet-core\\xet_client\\src\\cas_client\\adaptive_concurrency\\controller.rs","line_number":586}
{"timestamp":"2026-09-03T19:09:30.943834Z","level":"INFO","fields":{"message":"Concurrency control for download: Decreased concurrency from 1 to 1; reason: success ratio below threshold (connection struggling) (success_ratio = 1.000, threshold = 0.500)"},"filename":"D:\\a\\xet-core\\xet-core\\xet_client\\src\\cas_client\\adaptive_concurrency\\controller.rs","line_number":586}
{"timestamp":"2026-09-03T19:09:31.600577Z","level":"INFO","fields":{"message":"Concurrency control for download: Decreased concurrency from 1 to 1; reason: success ratio below threshold (connection struggling) (success_ratio = 1.000, threshold = 0.500)"},"filename":"D:\\a\\xet-core\\xet-core\\xet_client\\src\\cas_client\\adaptive_concurrency\\controller.rs","line_number":586}
{"timestamp":"2026-09-03T19:09:32.368547Z","level":"INFO","fields":{"message":"Concurrency control for download: Decreased concurrency from 1 to 1; reason: success ratio below threshold (connection struggling) (success_ratio = 1.000, threshold = 0.500)"},"filename":"D:\\a\\xet-core\\xet-core\\xet_client\\src\\cas_client\\adaptive_concurrency\\controller.rs","line_number":586}
{"timestamp":"2026-09-03T19:09:32.924893Z","level":"INFO","fields":{"message":"Concurrency control for download: Decreased concurrency from 1 to 1; reason: success ratio below threshold (connection struggling) (success_ratio = 1.000, threshold = 0.500)"},"filename":"D:\\a\\xet-core\\xet-core\\xet_client\\src\\cas_client\\adaptive_concurrency\\controller.rs","line_number":586}
{"timestamp":"2026-09-03T19:09:33.655681Z","level":"INFO","fields":{"message":"Concurrency control for download: Decreased concurrency from 1 to 1; reason: success ratio below threshold (connection struggling) (success_ratio = 1.000, threshold = 0.500)"},"filename":"D:\\a\\xet-core\\xet-core\\xet_client\\src\\cas_client\\adaptive_concurrency\\controller.rs","line_number":586}
{"timestamp":"2026-09-03T19:09:34.361173Z","level":"INFO","fields":{"message":"Concurrency control for download: Decreased concurrency from 1 to 1; reason: success ratio below threshold (connection struggling) (success_ratio = 1.000, threshold = 0.500)"},"filename":"D:\\a\\xet-core\\xet-core\\xet_client\\src\\cas_client\\adaptive_concurrency\\controller.rs","line_number":586}
{"timestamp":"2026-09-03T19:09:35.101709Z","level":"INFO","fields":{"message":"Concurrency control for download: Decreased concurrency from 1 to 1; reason: success ratio below threshold (connection struggling) (success_ratio = 1.000, threshold = 0.500)"},"filename":"D:\\a\\xet-core\\xet-core\\xet_client\\src\\cas_client\\adaptive_concurrency\\controller.rs","line_number":586}
{"timestamp":"2026-09-03T19:09:35.625671Z","level":"INFO","fields":{"message":"Concurrency control for download: Decreased concurrency from 1 to 1; reason: success ratio below threshold (connection struggling) (success_ratio = 1.000, threshold = 0.500)"},"filename":"D:\\a\\xet-core\\xet-core\\xet_client\\src\\cas_client\\adaptive_concurrency\\controller.rs","line_number":586}
{"timestamp":"2026-09-03T19:09:36.350281Z","level":"INFO","fields":{"message":"Concurrency control for download: Decreased concurrency from 1 to 1; reason: success ratio below threshold (connection struggling) (success_ratio = 1.000, threshold = 0.500)"},"filename":"D:\\a\\xet-core\\xet-core\\xet_client\\src\\cas_client\\adaptive_concurrency\\controller.rs","line_number":586}
{"timestamp":"2026-09-03T19:09:37.008368Z","level":"INFO","fields":{"message":"Concurrency control for download: Decreased concurrency from 1 to 1; reason: success ratio below threshold (connection struggling) (success_ratio = 1.000, threshold = 0.500)"},"filename":"D:\\a\\xet-core\\xet-core\\xet_client\\src\\cas_client\\adaptive_concurrency\\controller.rs","line_number":586}
{"timestamp":"2026-09-03T19:09:37.643806Z","level":"INFO","fields":{"message":"Concurrency control for download: Decreased concurrency from 1 to 1; reason: success ratio below threshold (connection struggling) (success_ratio = 1.000, threshold = 0.500)"},"filename":"D:\\a\\xet-core\\xet-core\\xet_client\\src\\cas_client\\adaptive_concurrency\\controller.rs","line_number":586}
{"timestamp":"2026-09-03T19:09:38.332575Z","level":"INFO","fields":{"message":"Concurrency control for download: Decreased concurrency from 1 to 1; reason: success ratio below threshold (connection struggling) (success_ratio = 1.000, threshold = 0.500)"},"filename":"D:\\a\\xet-core\\xet-core\\xet_client\\src\\cas_client\\adaptive_concurrency\\controller.rs","line_number":586}
{"timestamp":"2026-09-03T19:09:38.997256Z","level":"INFO","fields":{"message":"Concurrency control for download: Decreased concurrency from 1 to 1; reason: success ratio below threshold (connection struggling) (success_ratio = 1.000, threshold = 0.500)"},"filename":"D:\\a\\xet-core\\xet-core\\xet_client\\src\\cas_client\\adaptive_concurrency\\controller.rs","line_number":586}
{"timestamp":"2026-09-03T19:09:38.997278Z","level":"INFO","fields":{"message":"Concurrency control for download: Current concurrency = 1; predicted bandwidth = 201377; success_ratio = 1.000; reference_size = 61.0MB; observed bytes sent so far = 1698270437; completed transmissions = 48"},"filename":"D:\\a\\xet-core\\xet-core\\xet_client\\src\\cas_client\\adaptive_concurrency\\controller.rs","line_number":602}
{"timestamp":"2026-09-03T19:09:39.772436Z","level":"INFO","fields":{"message":"Concurrency control for download: Decreased concurrency from 1 to 1; reason: success ratio below threshold (connection struggling) (success_ratio = 1.000, threshold = 0.500)"},"filename":"D:\\a\\xet-core\\xet-core\\xet_client\\src\\cas_client\\adaptive_concurrency\\controller.rs","line_number":586}
{"timestamp":"2026-09-03T19:09:40.256608Z","level":"INFO","fields":{"message":"Retry strategy","retry":"RetryWrapper { max_attempts: 5, base_delay: 3s, max_duration: 360s, no_retry_on_429: false, retry_on_403: true, expected_416: false, expected_404: false, log_errors_as_info: false, api_tag: \"s3::get_range\", has_connection_permit: true }"},"filename":"D:\\a\\xet-core\\xet-core\\xet_client\\src\\cas_client\\retry_wrapper.rs","line_number":274}
{"timestamp":"2026-09-03T19:09:40.342872Z","level":"INFO","fields":{"message":"Received CAS response","request_id":"01M1MATGMAYXBG263JE6ZG6XVB","status_code":206},"filename":"D:\\a\\xet-core\\xet-core\\xet_client\\src\\common\\http_client.rs","line_number":288}
{"timestamp":"2026-09-03T19:09:40.342914Z","level":"INFO","fields":{"message":"Request Success: s3::get_range api call succeeded (request id 01M1MATGMAYXBG263JE6ZG6XVB)."},"filename":"D:\\a\\xet-core\\xet-core\\xet_client\\src\\cas_client\\retry_wrapper.rs","line_number":237}
{"timestamp":"2026-09-03T19:09:49.157534Z","level":"INFO","fields":{"message":"Concurrency control for download: Current concurrency = 1; predicted bandwidth = 319946; success_ratio = 1.000; reference_size = 61.0MB; observed bytes sent so far = 1702299986; completed transmissions = 49"},"filename":"D:\\a\\xet-core\\xet-core\\xet_client\\src\\cas_client\\adaptive_concurrency\\controller.rs","line_number":602}
{"timestamp":"2026-09-03T19:09:59.450289Z","level":"INFO","fields":{"message":"Concurrency control for download: Current concurrency = 1; predicted bandwidth = 336856; success_ratio = 1.000; reference_size = 61.0MB; observed bytes sent so far = 1706772818; completed transmissions = 49"},"filename":"D:\\a\\xet-core\\xet-core\\xet_client\\src\\cas_client\\adaptive_concurrency\\controller.rs","line_number":602}
{"timestamp":"2026-09-03T19:10:09.611934Z","level":"INFO","fields":{"message":"Concurrency control for download: Current concurrency = 1; predicted bandwidth = 407316; success_ratio = 1.000; reference_size = 61.0MB; observed bytes sent so far = 1713998162; completed transmissions = 49"},"filename":"D:\\a\\xet-core\\xet-core\\xet_client\\src\\cas_client\\adaptive_concurrency\\controller.rs","line_number":602}
{"timestamp":"2026-09-03T19:10:19.734581Z","level":"INFO","fields":{"message":"Concurrency control for download: Current concurrency = 1; predicted bandwidth = 554042; success_ratio = 1.000; reference_size = 61.0MB; observed bytes sent so far = 1720306002; completed transmissions = 49"},"filename":"D:\\a\\xet-core\\xet-core\\xet_client\\src\\cas_client\\adaptive_concurrency\\controller.rs","line_number":602}
{"timestamp":"2026-09-03T19:10:29.858417Z","level":"INFO","fields":{"message":"Concurrency control for download: Current concurrency = 1; predicted bandwidth = 856576; success_ratio = 1.000; reference_size = 61.0MB; observed bytes sent so far = 1725483346; completed transmissions = 49"},"filename":"D:\\a\\xet-core\\xet-core\\xet_client\\src\\cas_client\\adaptive_concurrency\\controller.rs","line_number":602}
{"timestamp":"2026-09-03T19:10:39.971240Z","level":"INFO","fields":{"message":"Concurrency control for download: Current concurrency = 1; predicted bandwidth = 2062786; success_ratio = 1.000; reference_size = 61.0MB; observed bytes sent so far = 1730726226; completed transmissions = 49"},"filename":"D:\\a\\xet-core\\xet-core\\xet_client\\src\\cas_client\\adaptive_concurrency\\controller.rs","line_number":602}
{"timestamp":"2026-09-03T19:10:50.113354Z","level":"INFO","fields":{"message":"Concurrency control for download: Current concurrency = 1; predicted bandwidth = 309843454; success_ratio = 1.000; reference_size = 61.0MB; observed bytes sent so far = 1735592274; completed transmissions = 49"},"filename":"D:\\a\\xet-core\\xet-core\\xet_client\\src\\cas_client\\adaptive_concurrency\\controller.rs","line_number":602}
{"timestamp":"2026-09-03T19:11:00.135010Z","level":"INFO","fields":{"message":"Concurrency control for download: Current concurrency = 1; predicted bandwidth = 2951882; success_ratio = 1.000; reference_size = 61.0MB; observed bytes sent so far = 1743210834; completed transmissions = 49"},"filename":"D:\\a\\xet-core\\xet-core\\xet_client\\src\\cas_client\\adaptive_concurrency\\controller.rs","line_number":602}
{"timestamp":"2026-09-03T19:11:00.779093Z","level":"INFO","fields":{"message":"Retry strategy","retry":"RetryWrapper { max_attempts: 5, base_delay: 3s, max_duration: 360s, no_retry_on_429: false, retry_on_403: true, expected_416: false, expected_404: false, log_errors_as_info: false, api_tag: \"s3::get_range\", has_connection_permit: true }"},"filename":"D:\\a\\xet-core\\xet-core\\xet_client\\src\\cas_client\\retry_wrapper.rs","line_number":274}
{"timestamp":"2026-09-03T19:11:00.850715Z","level":"INFO","fields":{"message":"Received CAS response","request_id":"01M1MAWZ8WK48HHFJ4B4G6TDEN","status_code":206},"filename":"D:\\a\\xet-core\\xet-core\\xet_client\\src\\common\\http_client.rs","line_number":288}
{"timestamp":"2026-09-03T19:11:00.850752Z","level":"INFO","fields":{"message":"Request Success: s3::get_range api call succeeded (request id 01M1MAWZ8WK48HHFJ4B4G6TDEN)."},"filename":"D:\\a\\xet-core\\xet-core\\xet_client\\src\\cas_client\\retry_wrapper.rs","line_number":237}
{"timestamp":"2026-09-03T19:11:10.430545Z","level":"INFO","fields":{"message":"Concurrency control for download: Current concurrency = 1; predicted bandwidth = 562859; success_ratio = 1.000; reference_size = 61.0MB; observed bytes sent so far = 1751143678; completed transmissions = 50"},"filename":"D:\\a\\xet-core\\xet-core\\xet_client\\src\\cas_client\\adaptive_concurrency\\controller.rs","line_number":602}
{"timestamp":"2026-09-03T19:11:20.599784Z","level":"INFO","fields":{"message":"Concurrency control for download: Current concurrency = 1; predicted bandwidth = 633559; success_ratio = 1.000; reference_size = 61.0MB; observed bytes sent so far = 1758188798; completed transmissions = 50"},"filename":"D:\\a\\xet-core\\xet-core\\xet_client\\src\\cas_client\\adaptive_concurrency\\controller.rs","line_number":602}
{"timestamp":"2026-09-03T19:11:30.643275Z","level":"INFO","fields":{"message":"Concurrency control for download: Current concurrency = 1; predicted bandwidth = 730332; success_ratio = 1.000; reference_size = 61.0MB; observed bytes sent so far = 1765168382; completed transmissions = 50"},"filename":"D:\\a\\xet-core\\xet-core\\xet_client\\src\\cas_client\\adaptive_concurrency\\controller.rs","line_number":602}
{"timestamp":"2026-09-03T19:11:40.969814Z","level":"INFO","fields":{"message":"Concurrency control for download: Current concurrency = 1; predicted bandwidth = 932914; success_ratio = 1.000; reference_size = 61.0MB; observed bytes sent so far = 1772803326; completed transmissions = 50"},"filename":"D:\\a\\xet-core\\xet-core\\xet_client\\src\\cas_client\\adaptive_concurrency\\controller.rs","line_number":602}
{"timestamp":"2026-09-03T19:11:51.105403Z","level":"INFO","fields":{"message":"Concurrency control for download: Current concurrency = 1; predicted bandwidth = 1295167; success_ratio = 1.000; reference_size = 61.0MB; observed bytes sent so far = 1780618494; completed transmissions = 50"},"filename":"D:\\a\\xet-core\\xet-core\\xet_client\\src\\cas_client\\adaptive_concurrency\\controller.rs","line_number":602}
{"timestamp":"2026-09-03T19:12:01.273762Z","level":"INFO","fields":{"message":"Concurrency control for download: Current concurrency = 1; predicted bandwidth = 1369529; success_ratio = 1.000; reference_size = 61.0MB; observed bytes sent so far = 1787352318; completed transmissions = 50"},"filename":"D:\\a\\xet-core\\xet-core\\xet_client\\src\\cas_client\\adaptive_concurrency\\controller.rs","line_number":602}
{"timestamp":"2026-09-03T19:12:03.329073Z","level":"INFO","fields":{"message":"Retry strategy","retry":"RetryWrapper { max_attempts: 5, base_delay: 3s, max_duration: 360s, no_retry_on_429: false, retry_on_403: true, expected_416: false, expected_404: false, log_errors_as_info: false, api_tag: \"s3::get_range\", has_connection_permit: true }"},"filename":"D:\\a\\xet-core\\xet-core\\xet_client\\src\\cas_client\\retry_wrapper.rs","line_number":274}
{"timestamp":"2026-09-03T19:12:03.411809Z","level":"INFO","fields":{"message":"Received CAS response","request_id":"01M1MAYWB7E4CQ968RAB3AS3XQ","status_code":206},"filename":"D:\\a\\xet-core\\xet-core\\xet_client\\src\\common\\http_client.rs","line_number":288}
{"timestamp":"2026-09-03T19:12:03.411843Z","level":"INFO","fields":{"message":"Request Success: s3::get_range api call succeeded (request id 01M1MAYWB7E4CQ968RAB3AS3XQ)."},"filename":"D:\\a\\xet-core\\xet-core\\xet_client\\src\\cas_client\\retry_wrapper.rs","line_number":237}
{"timestamp":"2026-09-03T19:12:11.370431Z","level":"INFO","fields":{"message":"Concurrency control for download: Current concurrency = 1; predicted bandwidth = 711732; success_ratio = 1.000; reference_size = 61.0MB; observed bytes sent so far = 1794607636; completed transmissions = 51"},"filename":"D:\\a\\xet-core\\xet-core\\xet_client\\src\\cas_client\\adaptive_concurrency\\controller.rs","line_number":602}
{"timestamp":"2026-09-03T19:12:21.395468Z","level":"INFO","fields":{"message":"Concurrency control for download: Current concurrency = 1; predicted bandwidth = 708284; success_ratio = 1.000; reference_size = 61.0MB; observed bytes sent so far = 1800964628; completed transmissions = 51"},"filename":"D:\\a\\xet-core\\xet-core\\xet_client\\src\\cas_client\\adaptive_concurrency\\controller.rs","line_number":602}
{"timestamp":"2026-09-03T19:12:31.660716Z","level":"INFO","fields":{"message":"Concurrency control for download: Current concurrency = 1; predicted bandwidth = 674306; success_ratio = 1.000; reference_size = 61.0MB; observed bytes sent so far = 1806404116; completed transmissions = 51"},"filename":"D:\\a\\xet-core\\xet-core\\xet_client\\src\\cas_client\\adaptive_concurrency\\controller.rs","line_number":602}
{"timestamp":"2026-09-03T19:12:41.854689Z","level":"INFO","fields":{"message":"Concurrency control for download: Current concurrency = 1; predicted bandwidth = 621730; success_ratio = 1.000; reference_size = 61.0MB; observed bytes sent so far = 1809811988; completed transmissions = 51"},"filename":"D:\\a\\xet-core\\xet-core\\xet_client\\src\\cas_client\\adaptive_concurrency\\controller.rs","line_number":602}
{"timestamp":"2026-09-03T19:12:51.859743Z","level":"INFO","fields":{"message":"Concurrency control for download: Current concurrency = 1; predicted bandwidth = 535034; success_ratio = 1.000; reference_size = 61.0MB; observed bytes sent so far = 1813072404; completed transmissions = 51"},"filename":"D:\\a\\xet-core\\xet-core\\xet_client\\src\\cas_client\\adaptive_concurrency\\controller.rs","line_number":602}
{"timestamp":"2026-09-03T19:13:02.051191Z","level":"INFO","fields":{"message":"Concurrency control for download: Current concurrency = 1; predicted bandwidth = 413749; success_ratio = 1.000; reference_size = 61.0MB; observed bytes sent so far = 1821280788; completed transmissions = 51"},"filename":"D:\\a\\xet-core\\xet-core\\xet_client\\src\\cas_client\\adaptive_concurrency\\controller.rs","line_number":602}
{"timestamp":"2026-09-03T19:13:12.252575Z","level":"INFO","fields":{"message":"Concurrency control for download: Current concurrency = 1; predicted bandwidth = 391243; success_ratio = 1.000; reference_size = 61.0MB; observed bytes sent so far = 1827949076; completed transmissions = 51"},"filename":"D:\\a\\xet-core\\xet-core\\xet_client\\src\\cas_client\\adaptive_concurrency\\controller.rs","line_number":602}
{"timestamp":"2026-09-03T19:13:22.460675Z","level":"INFO","fields":{"message":"Concurrency control for download: Current concurrency = 1; predicted bandwidth = 404105; success_ratio = 1.000; reference_size = 61.0MB; observed bytes sent so far = 1832045076; completed transmissions = 51"},"filename":"D:\\a\\xet-core\\xet-core\\xet_client\\src\\cas_client\\adaptive_concurrency\\controller.rs","line_number":602}
{"timestamp":"2026-09-03T19:13:30.105588Z","level":"INFO","fields":{"message":"Retry strategy","retry":"RetryWrapper { max_attempts: 5, base_delay: 3s, max_duration: 360s, no_retry_on_429: false, retry_on_403: true, expected_416: false, expected_404: false, log_errors_as_info: false, api_tag: \"s3::get_range\", has_connection_permit: true }"},"filename":"D:\\a\\xet-core\\xet-core\\xet_client\\src\\cas_client\\retry_wrapper.rs","line_number":274}
{"timestamp":"2026-09-03T19:13:30.175311Z","level":"INFO","fields":{"message":"Received CAS response","request_id":"01M1MB1H2ZX9YYHZ777WKHP7NS","status_code":206},"filename":"D:\\a\\xet-core\\xet-core\\xet_client\\src\\common\\http_client.rs","line_number":288}
{"timestamp":"2026-09-03T19:13:30.175353Z","level":"INFO","fields":{"message":"Request Success: s3::get_range api call succeeded (request id 01M1MB1H2ZX9YYHZ777WKHP7NS)."},"filename":"D:\\a\\xet-core\\xet-core\\xet_client\\src\\cas_client\\retry_wrapper.rs","line_number":237}
{"timestamp":"2026-09-03T19:13:32.661071Z","level":"INFO","fields":{"message":"Concurrency control for download: Current concurrency = 1; predicted bandwidth = 605984; success_ratio = 1.000; reference_size = 61.0MB; observed bytes sent so far = 1834698876; completed transmissions = 52"},"filename":"D:\\a\\xet-core\\xet-core\\xet_client\\src\\cas_client\\adaptive_concurrency\\controller.rs","line_number":602}
{"timestamp":"2026-09-03T19:13:42.826908Z","level":"INFO","fields":{"message":"Concurrency control for download: Current concurrency = 1; predicted bandwidth = 514743; success_ratio = 1.000; reference_size = 61.0MB; observed bytes sent so far = 1839089850; completed transmissions = 52"},"filename":"D:\\a\\xet-core\\xet-core\\xet_client\\src\\cas_client\\adaptive_concurrency\\controller.rs","line_number":602}
{"timestamp":"2026-09-03T19:13:53.003345Z","level":"INFO","fields":{"message":"Concurrency control for download: Current concurrency = 1; predicted bandwidth = 491097; success_ratio = 1.000; reference_size = 61.0MB; observed bytes sent so far = 1844725946; completed transmissions = 52"},"filename":"D:\\a\\xet-core\\xet-core\\xet_client\\src\\cas_client\\adaptive_concurrency\\controller.rs","line_number":602}
{"timestamp":"2026-09-03T19:14:03.044065Z","level":"INFO","fields":{"message":"Concurrency control for download: Current concurrency = 1; predicted bandwidth = 489197; success_ratio = 1.000; reference_size = 61.0MB; observed bytes sent so far = 1850312890; completed transmissions = 52"},"filename":"D:\\a\\xet-core\\xet-core\\xet_client\\src\\cas_client\\adaptive_concurrency\\controller.rs","line_number":602}
{"timestamp":"2026-09-03T19:14:13.075892Z","level":"INFO","fields":{"message":"Concurrency control for download: Current concurrency = 1; predicted bandwidth = 484380; success_ratio = 1.000; reference_size = 61.0MB; observed bytes sent so far = 1855473850; completed transmissions = 52"},"filename":"D:\\a\\xet-core\\xet-core\\xet_client\\src\\cas_client\\adaptive_concurrency\\controller.rs","line_number":602}
{"timestamp":"2026-09-03T19:14:23.239524Z","level":"INFO","fields":{"message":"Concurrency control for download: Current concurrency = 1; predicted bandwidth = 484675; success_ratio = 1.000; reference_size = 61.0MB; observed bytes sent so far = 1860962490; completed transmissions = 52"},"filename":"D:\\a\\xet-core\\xet-core\\xet_client\\src\\cas_client\\adaptive_concurrency\\controller.rs","line_number":602}
{"timestamp":"2026-09-03T19:14:33.359453Z","level":"INFO","fields":{"message":"Concurrency control for download: Current concurrency = 1; predicted bandwidth = 493223; success_ratio = 1.000; reference_size = 61.0MB; observed bytes sent so far = 1867909306; completed transmissions = 52"},"filename":"D:\\a\\xet-core\\xet-core\\xet_client\\src\\cas_client\\adaptive_concurrency\\controller.rs","line_number":602}
{"timestamp":"2026-09-03T19:14:43.426124Z","level":"INFO","fields":{"message":"Concurrency control for download: Current concurrency = 1; predicted bandwidth = 499287; success_ratio = 1.000; reference_size = 61.0MB; observed bytes sent so far = 1874430138; completed transmissions = 52"},"filename":"D:\\a\\xet-core\\xet-core\\xet_client\\src\\cas_client\\adaptive_concurrency\\controller.rs","line_number":602}
{"timestamp":"2026-09-03T19:14:49.278002Z","level":"INFO","fields":{"message":"Retry strategy","retry":"RetryWrapper { max_attempts: 5, base_delay: 3s, max_duration: 360s, no_retry_on_429: false, retry_on_403: true, expected_416: false, expected_404: false, log_errors_as_info: false, api_tag: \"s3::get_range\", has_connection_permit: true }"},"filename":"D:\\a\\xet-core\\xet-core\\xet_client\\src\\cas_client\\retry_wrapper.rs","line_number":274}
{"timestamp":"2026-09-03T19:14:49.345691Z","level":"INFO","fields":{"message":"Received CAS response","request_id":"01M1MB3YDBTNPF4TV81NH4RWGT","status_code":206},"filename":"D:\\a\\xet-core\\xet-core\\xet_client\\src\\common\\http_client.rs","line_number":288}
{"timestamp":"2026-09-03T19:14:49.345727Z","level":"INFO","fields":{"message":"Request Success: s3::get_range api call succeeded (request id 01M1MB3YDBTNPF4TV81NH4RWGT)."},"filename":"D:\\a\\xet-core\\xet-core\\xet_client\\src\\cas_client\\retry_wrapper.rs","line_number":237}
{"timestamp":"2026-09-03T19:14:53.464562Z","level":"INFO","fields":{"message":"Concurrency control for download: Current concurrency = 1; predicted bandwidth = 508875; success_ratio = 1.000; reference_size = 61.0MB; observed bytes sent so far = 1881408189; completed transmissions = 53"},"filename":"D:\\a\\xet-core\\xet-core\\xet_client\\src\\cas_client\\adaptive_concurrency\\controller.rs","line_number":602}
{"timestamp":"2026-09-03T19:15:03.527833Z","level":"INFO","fields":{"message":"Concurrency control for download: Current concurrency = 1; predicted bandwidth = 561249; success_ratio = 1.000; reference_size = 61.0MB; observed bytes sent so far = 1887748797; completed transmissions = 53"},"filename":"D:\\a\\xet-core\\xet-core\\xet_client\\src\\cas_client\\adaptive_concurrency\\controller.rs","line_number":602}
{"timestamp":"2026-09-03T19:15:13.719600Z","level":"INFO","fields":{"message":"Concurrency control for download: Current concurrency = 1; predicted bandwidth = 591851; success_ratio = 1.000; reference_size = 61.0MB; observed bytes sent so far = 1893253821; completed transmissions = 53"},"filename":"D:\\a\\xet-core\\xet-core\\xet_client\\src\\cas_client\\adaptive_concurrency\\controller.rs","line_number":602}
{"timestamp":"2026-09-03T19:15:23.939034Z","level":"INFO","fields":{"message":"Concurrency control for download: Current concurrency = 1; predicted bandwidth = 592747; success_ratio = 1.000; reference_size = 61.0MB; observed bytes sent so far = 1898840765; completed transmissions = 53"},"filename":"D:\\a\\xet-core\\xet-core\\xet_client\\src\\cas_client\\adaptive_concurrency\\controller.rs","line_number":602}
{"timestamp":"2026-09-03T19:15:33.986887Z","level":"INFO","fields":{"message":"Concurrency control for download: Current concurrency = 1; predicted bandwidth = 582424; success_ratio = 1.000; reference_size = 61.0MB; observed bytes sent so far = 1903510205; completed transmissions = 53"},"filename":"D:\\a\\xet-core\\xet-core\\xet_client\\src\\cas_client\\adaptive_concurrency\\controller.rs","line_number":602}
{"timestamp":"2026-09-03T19:15:44.033371Z","level":"INFO","fields":{"message":"Concurrency control for download: Current concurrency = 1; predicted bandwidth = 591075; success_ratio = 1.000; reference_size = 61.0MB; observed bytes sent so far = 1911079613; completed transmissions = 53"},"filename":"D:\\a\\xet-core\\xet-core\\xet_client\\src\\cas_client\\adaptive_concurrency\\controller.rs","line_number":602}
{"timestamp":"2026-09-03T19:15:54.204350Z","level":"INFO","fields":{"message":"Concurrency control for download: Current concurrency = 1; predicted bandwidth = 612205; success_ratio = 1.000; reference_size = 61.0MB; observed bytes sent so far = 1918911165; completed transmissions = 53"},"filename":"D:\\a\\xet-core\\xet-core\\xet_client\\src\\cas_client\\adaptive_concurrency\\controller.rs","line_number":602}
{"timestamp":"2026-09-03T19:16:00.159078Z","level":"INFO","fields":{"message":"Retry strategy","retry":"RetryWrapper { max_attempts: 5, base_delay: 3s, max_duration: 360s, no_retry_on_429: false, retry_on_403: true, expected_416: false, expected_404: false, log_errors_as_info: false, api_tag: \"s3::get_range\", has_connection_permit: true }"},"filename":"D:\\a\\xet-core\\xet-core\\xet_client\\src\\cas_client\\retry_wrapper.rs","line_number":274}
{"timestamp":"2026-09-03T19:16:00.228225Z","level":"INFO","fields":{"message":"Received CAS response","request_id":"01M1MB63M6P60EX319N3B7S75W","status_code":206},"filename":"D:\\a\\xet-core\\xet-core\\xet_client\\src\\common\\http_client.rs","line_number":288}
{"timestamp":"2026-09-03T19:16:00.228265Z","level":"INFO","fields":{"message":"Request Success: s3::get_range api call succeeded (request id 01M1MB63M6P60EX319N3B7S75W)."},"filename":"D:\\a\\xet-core\\xet-core\\xet_client\\src\\cas_client\\retry_wrapper.rs","line_number":237}
{"timestamp":"2026-09-03T19:16:04.210064Z","level":"INFO","fields":{"message":"Concurrency control for download: Current concurrency = 1; predicted bandwidth = 568200; success_ratio = 1.000; reference_size = 61.0MB; observed bytes sent so far = 1926393266; completed transmissions = 54"},"filename":"D:\\a\\xet-core\\xet-core\\xet_client\\src\\cas_client\\adaptive_concurrency\\controller.rs","line_number":602}
{"timestamp":"2026-09-03T19:16:14.220641Z","level":"INFO","fields":{"message":"Concurrency control for download: Current concurrency = 1; predicted bandwidth = 621842; success_ratio = 1.000; reference_size = 61.0MB; observed bytes sent so far = 1933258162; completed transmissions = 54"},"filename":"D:\\a\\xet-core\\xet-core\\xet_client\\src\\cas_client\\adaptive_concurrency\\controller.rs","line_number":602}
{"timestamp":"2026-09-03T19:16:24.412089Z","level":"INFO","fields":{"message":"Concurrency control for download: Current concurrency = 1; predicted bandwidth = 665918; success_ratio = 1.000; reference_size = 61.0MB; observed bytes sent so far = 1940352434; completed transmissions = 54"},"filename":"D:\\a\\xet-core\\xet-core\\xet_client\\src\\cas_client\\adaptive_concurrency\\controller.rs","line_number":602}
{"timestamp":"2026-09-03T19:16:34.618124Z","level":"INFO","fields":{"message":"Concurrency control for download: Current concurrency = 1; predicted bandwidth = 682851; success_ratio = 1.000; reference_size = 61.0MB; observed bytes sent so far = 1946791346; completed transmissions = 54"},"filename":"D:\\a\\xet-core\\xet-core\\xet_client\\src\\cas_client\\adaptive_concurrency\\controller.rs","line_number":602}
{"timestamp":"2026-09-03T19:16:44.815606Z","level":"INFO","fields":{"message":"Concurrency control for download: Current concurrency = 1; predicted bandwidth = 736860; success_ratio = 1.000; reference_size = 61.0MB; observed bytes sent so far = 1954934194; completed transmissions = 54"},"filename":"D:\\a\\xet-core\\xet-core\\xet_client\\src\\cas_client\\adaptive_concurrency\\controller.rs","line_number":602}
{"timestamp":"2026-09-03T19:16:54.901186Z","level":"INFO","fields":{"message":"Concurrency control for download: Current concurrency = 1; predicted bandwidth = 798389; success_ratio = 1.000; reference_size = 61.0MB; observed bytes sent so far = 1962945970; completed transmissions = 54"},"filename":"D:\\a\\xet-core\\xet-core\\xet_client\\src\\cas_client\\adaptive_concurrency\\controller.rs","line_number":602}
{"timestamp":"2026-09-03T19:17:05.142170Z","level":"INFO","fields":{"message":"Concurrency control for download: Current concurrency = 1; predicted bandwidth = 800016; success_ratio = 1.000; reference_size = 61.0MB; observed bytes sent so far = 1966075314; completed transmissions = 54"},"filename":"D:\\a\\xet-core\\xet-core\\xet_client\\src\\cas_client\\adaptive_concurrency\\controller.rs","line_number":602}
{"timestamp":"2026-09-03T19:17:10.807396Z","level":"INFO","fields":{"message":"Retry strategy","retry":"RetryWrapper { max_attempts: 5, base_delay: 3s, max_duration: 360s, no_retry_on_429: false, retry_on_403: true, expected_416: false, expected_404: false, log_errors_as_info: false, api_tag: \"s3::get_range\", has_connection_permit: true }"},"filename":"D:\\a\\xet-core\\xet-core\\xet_client\\src\\cas_client\\retry_wrapper.rs","line_number":274}
{"timestamp":"2026-09-03T19:17:10.897195Z","level":"INFO","fields":{"message":"Received CAS response","request_id":"01M1MB88MA06WGWB6FJ2VQ99CZ","status_code":206},"filename":"D:\\a\\xet-core\\xet-core\\xet_client\\src\\common\\http_client.rs","line_number":288}
{"timestamp":"2026-09-03T19:17:10.897212Z","level":"INFO","fields":{"message":"Request Success: s3::get_range api call succeeded (request id 01M1MB88MA06WGWB6FJ2VQ99CZ)."},"filename":"D:\\a\\xet-core\\xet-core\\xet_client\\src\\cas_client\\retry_wrapper.rs","line_number":237}
{"timestamp":"2026-09-03T19:17:15.162667Z","level":"INFO","fields":{"message":"Concurrency control for download: Current concurrency = 1; predicted bandwidth = 700434; success_ratio = 1.000; reference_size = 61.0MB; observed bytes sent so far = 1971678209; completed transmissions = 55"},"filename":"D:\\a\\xet-core\\xet-core\\xet_client\\src\\cas_client\\adaptive_concurrency\\controller.rs","line_number":602}
{"timestamp":"2026-09-03T19:17:25.356903Z","level":"INFO","fields":{"message":"Concurrency control for download: Current concurrency = 1; predicted bandwidth = 715501; success_ratio = 1.000; reference_size = 61.0MB; observed bytes sent so far = 1980050433; completed transmissions = 55"},"filename":"D:\\a\\xet-core\\xet-core\\xet_client\\src\\cas_client\\adaptive_concurrency\\controller.rs","line_number":602}
{"timestamp":"2026-09-03T19:17:35.466587Z","level":"INFO","fields":{"message":"Concurrency control for download: Current concurrency = 1; predicted bandwidth = 803522; success_ratio = 1.000; reference_size = 61.0MB; observed bytes sent so far = 1988226049; completed transmissions = 55"},"filename":"D:\\a\\xet-core\\xet-core\\xet_client\\src\\cas_client\\adaptive_concurrency\\controller.rs","line_number":602}
{"timestamp":"2026-09-03T19:17:45.511839Z","level":"INFO","fields":{"message":"Concurrency control for download: Current concurrency = 1; predicted bandwidth = 930703; success_ratio = 1.000; reference_size = 61.0MB; observed bytes sent so far = 1995189249; completed transmissions = 55"},"filename":"D:\\a\\xet-core\\xet-core\\xet_client\\src\\cas_client\\adaptive_concurrency\\controller.rs","line_number":602}
{"timestamp":"2026-09-03T19:17:55.597872Z","level":"INFO","fields":{"message":"Concurrency control for download: Current concurrency = 1; predicted bandwidth = 942718; success_ratio = 1.000; reference_size = 61.0MB; observed bytes sent so far = 1997171713; completed transmissions = 55"},"filename":"D:\\a\\xet-core\\xet-core\\xet_client\\src\\cas_client\\adaptive_concurrency\\controller.rs","line_number":602}
{"timestamp":"2026-09-03T19:18:06.139672Z","level":"INFO","fields":{"message":"Concurrency control for download: Current concurrency = 1; predicted bandwidth = 898249; success_ratio = 1.000; reference_size = 61.0MB; observed bytes sent so far = 1998547969; completed transmissions = 55"},"filename":"D:\\a\\xet-core\\xet-core\\xet_client\\src\\cas_client\\adaptive_concurrency\\controller.rs","line_number":602}
{"timestamp":"2026-09-03T19:18:16.327659Z","level":"INFO","fields":{"message":"Concurrency control for download: Current concurrency = 1; predicted bandwidth = 754934; success_ratio = 1.000; reference_size = 61.0MB; observed bytes sent so far = 2000694273; completed transmissions = 55"},"filename":"D:\\a\\xet-core\\xet-core\\xet_client\\src\\cas_client\\adaptive_concurrency\\controller.rs","line_number":602}
{"timestamp":"2026-09-03T19:18:26.398202Z","level":"INFO","fields":{"message":"Concurrency control for download: Current concurrency = 1; predicted bandwidth = 643115; success_ratio = 1.000; reference_size = 61.0MB; observed bytes sent so far = 2002430977; completed transmissions = 55"},"filename":"D:\\a\\xet-core\\xet-core\\xet_client\\src\\cas_client\\adaptive_concurrency\\controller.rs","line_number":602}
{"timestamp":"2026-09-03T19:18:36.459384Z","level":"INFO","fields":{"message":"Concurrency control for download: Current concurrency = 1; predicted bandwidth = 575187; success_ratio = 1.000; reference_size = 61.0MB; observed bytes sent so far = 2003282945; completed transmissions = 55"},"filename":"D:\\a\\xet-core\\xet-core\\xet_client\\src\\cas_client\\adaptive_concurrency\\controller.rs","line_number":602}
{"timestamp":"2026-09-03T19:18:40.813738Z","level":"INFO","fields":{"message":"Concurrency control for download: Decreased concurrency from 1 to 1; reason: success ratio below threshold (connection struggling) (success_ratio = 1.000, threshold = 0.500)"},"filename":"D:\\a\\xet-core\\xet-core\\xet_client\\src\\cas_client\\adaptive_concurrency\\controller.rs","line_number":586}
{"timestamp":"2026-09-03T19:18:41.433944Z","level":"INFO","fields":{"message":"Concurrency control for download: Decreased concurrency from 1 to 1; reason: success ratio below threshold (connection struggling) (success_ratio = 1.000, threshold = 0.500)"},"filename":"D:\\a\\xet-core\\xet-core\\xet_client\\src\\cas_client\\adaptive_concurrency\\controller.rs","line_number":586}
{"timestamp":"2026-09-03T19:18:42.120815Z","level":"INFO","fields":{"message":"Concurrency control for download: Decreased concurrency from 1 to 1; reason: success ratio below threshold (connection struggling) (success_ratio = 1.000, threshold = 0.500)"},"filename":"D:\\a\\xet-core\\xet-core\\xet_client\\src\\cas_client\\adaptive_concurrency\\controller.rs","line_number":586}
{"timestamp":"2026-09-03T19:18:42.795181Z","level":"INFO","fields":{"message":"Concurrency control for download: Decreased concurrency from 1 to 1; reason: success ratio below threshold (connection struggling) (success_ratio = 1.000, threshold = 0.500)"},"filename":"D:\\a\\xet-core\\xet-core\\xet_client\\src\\cas_client\\adaptive_concurrency\\controller.rs","line_number":586}
{"timestamp":"2026-09-03T19:18:43.466166Z","level":"INFO","fields":{"message":"Concurrency control for download: Decreased concurrency from 1 to 1; reason: success ratio below threshold (connection struggling) (success_ratio = 1.000, threshold = 0.500)"},"filename":"D:\\a\\xet-core\\xet-core\\xet_client\\src\\cas_client\\adaptive_concurrency\\controller.rs","line_number":586}
{"timestamp":"2026-09-03T19:18:44.112333Z","level":"INFO","fields":{"message":"Concurrency control for download: Decreased concurrency from 1 to 1; reason: success ratio below threshold (connection struggling) (success_ratio = 1.000, threshold = 0.500)"},"filename":"D:\\a\\xet-core\\xet-core\\xet_client\\src\\cas_client\\adaptive_concurrency\\controller.rs","line_number":586}
{"timestamp":"2026-09-03T19:18:44.671924Z","level":"INFO","fields":{"message":"Concurrency control for download: Decreased concurrency from 1 to 1; reason: success ratio below threshold (connection struggling) (success_ratio = 1.000, threshold = 0.500)"},"filename":"D:\\a\\xet-core\\xet-core\\xet_client\\src\\cas_client\\adaptive_concurrency\\controller.rs","line_number":586}
{"timestamp":"2026-09-03T19:18:45.299377Z","level":"INFO","fields":{"message":"Concurrency control for download: Decreased concurrency from 1 to 1; reason: success ratio below threshold (connection struggling) (success_ratio = 1.000, threshold = 0.500)"},"filename":"D:\\a\\xet-core\\xet-core\\xet_client\\src\\cas_client\\adaptive_concurrency\\controller.rs","line_number":586}
{"timestamp":"2026-09-03T19:18:45.956880Z","level":"INFO","fields":{"message":"Concurrency control for download: Decreased concurrency from 1 to 1; reason: success ratio below threshold (connection struggling) (success_ratio = 1.000, threshold = 0.500)"},"filename":"D:\\a\\xet-core\\xet-core\\xet_client\\src\\cas_client\\adaptive_concurrency\\controller.rs","line_number":586}
{"timestamp":"2026-09-03T19:18:46.703946Z","level":"INFO","fields":{"message":"Concurrency control for download: Decreased concurrency from 1 to 1; reason: success ratio below threshold (connection struggling) (success_ratio = 1.000, threshold = 0.500)"},"filename":"D:\\a\\xet-core\\xet-core\\xet_client\\src\\cas_client\\adaptive_concurrency\\controller.rs","line_number":586}
{"timestamp":"2026-09-03T19:18:46.703988Z","level":"INFO","fields":{"message":"Concurrency control for download: Current concurrency = 1; predicted bandwidth = 417695; success_ratio = 1.000; reference_size = 61.0MB; observed bytes sent so far = 2008574977; completed transmissions = 55"},"filename":"D:\\a\\xet-core\\xet-core\\xet_client\\src\\cas_client\\adaptive_concurrency\\controller.rs","line_number":602}
{"timestamp":"2026-09-03T19:18:47.330335Z","level":"INFO","fields":{"message":"Concurrency control for download: Decreased concurrency from 1 to 1; reason: success ratio below threshold (connection struggling) (success_ratio = 1.000, threshold = 0.500)"},"filename":"D:\\a\\xet-core\\xet-core\\xet_client\\src\\cas_client\\adaptive_concurrency\\controller.rs","line_number":586}
{"timestamp":"2026-09-03T19:18:47.996386Z","level":"INFO","fields":{"message":"Concurrency control for download: Decreased concurrency from 1 to 1; reason: success ratio below threshold (connection struggling) (success_ratio = 1.000, threshold = 0.500)"},"filename":"D:\\a\\xet-core\\xet-core\\xet_client\\src\\cas_client\\adaptive_concurrency\\controller.rs","line_number":586}
{"timestamp":"2026-09-03T19:18:48.629939Z","level":"INFO","fields":{"message":"Concurrency control for download: Decreased concurrency from 1 to 1; reason: success ratio below threshold (connection struggling) (success_ratio = 1.000, threshold = 0.500)"},"filename":"D:\\a\\xet-core\\xet-core\\xet_client\\src\\cas_client\\adaptive_concurrency\\controller.rs","line_number":586}
{"timestamp":"2026-09-03T19:18:49.306213Z","level":"INFO","fields":{"message":"Concurrency control for download: Decreased concurrency from 1 to 1; reason: success ratio below threshold (connection struggling) (success_ratio = 1.000, threshold = 0.500)"},"filename":"D:\\a\\xet-core\\xet-core\\xet_client\\src\\cas_client\\adaptive_concurrency\\controller.rs","line_number":586}
{"timestamp":"2026-09-03T19:18:50.011539Z","level":"INFO","fields":{"message":"Concurrency control for download: Decreased concurrency from 1 to 1; reason: success ratio below threshold (connection struggling) (success_ratio = 1.000, threshold = 0.500)"},"filename":"D:\\a\\xet-core\\xet-core\\xet_client\\src\\cas_client\\adaptive_concurrency\\controller.rs","line_number":586}
{"timestamp":"2026-09-03T19:18:50.724933Z","level":"INFO","fields":{"message":"Concurrency control for download: Decreased concurrency from 1 to 1; reason: success ratio below threshold (connection struggling) (success_ratio = 1.000, threshold = 0.500)"},"filename":"D:\\a\\xet-core\\xet-core\\xet_client\\src\\cas_client\\adaptive_concurrency\\controller.rs","line_number":586}
{"timestamp":"2026-09-03T19:18:51.443124Z","level":"INFO","fields":{"message":"Concurrency control for download: Decreased concurrency from 1 to 1; reason: success ratio below threshold (connection struggling) (success_ratio = 1.000, threshold = 0.500)"},"filename":"D:\\a\\xet-core\\xet-core\\xet_client\\src\\cas_client\\adaptive_concurrency\\controller.rs","line_number":586}
{"timestamp":"2026-09-03T19:18:52.088017Z","level":"INFO","fields":{"message":"Concurrency control for download: Decreased concurrency from 1 to 1; reason: success ratio below threshold (connection struggling) (success_ratio = 1.000, threshold = 0.500)"},"filename":"D:\\a\\xet-core\\xet-core\\xet_client\\src\\cas_client\\adaptive_concurrency\\controller.rs","line_number":586}
{"timestamp":"2026-09-03T19:18:52.689170Z","level":"INFO","fields":{"message":"Concurrency control for download: Decreased concurrency from 1 to 1; reason: success ratio below threshold (connection struggling) (success_ratio = 1.000, threshold = 0.500)"},"filename":"D:\\a\\xet-core\\xet-core\\xet_client\\src\\cas_client\\adaptive_concurrency\\controller.rs","line_number":586}
{"timestamp":"2026-09-03T19:18:52.970241Z","level":"INFO","fields":{"message":"Retry strategy","retry":"RetryWrapper { max_attempts: 5, base_delay: 3s, max_duration: 360s, no_retry_on_429: false, retry_on_403: true, expected_416: false, expected_404: false, log_errors_as_info: false, api_tag: \"s3::get_range\", has_connection_permit: true }"},"filename":"D:\\a\\xet-core\\xet-core\\xet_client\\src\\cas_client\\retry_wrapper.rs","line_number":274}
{"timestamp":"2026-09-03T19:18:53.048222Z","level":"INFO","fields":{"message":"Received CAS response","request_id":"01M1MBBCCVFRRTYC9YFEBMRR8E","status_code":206},"filename":"D:\\a\\xet-core\\xet-core\\xet_client\\src\\common\\http_client.rs","line_number":288}
{"timestamp":"2026-09-03T19:18:53.048257Z","level":"INFO","fields":{"message":"Request Success: s3::get_range api call succeeded (request id 01M1MBBCCVFRRTYC9YFEBMRR8E)."},"filename":"D:\\a\\xet-core\\xet-core\\xet_client\\src\\cas_client\\retry_wrapper.rs","line_number":237}
{"timestamp":"2026-09-03T19:18:56.790161Z","level":"INFO","fields":{"message":"Concurrency control for download: Current concurrency = 1; predicted bandwidth = 482086; success_ratio = 1.000; reference_size = 61.0MB; observed bytes sent so far = 2016076422; completed transmissions = 56"},"filename":"D:\\a\\xet-core\\xet-core\\xet_client\\src\\cas_client\\adaptive_concurrency\\controller.rs","line_number":602}
{"timestamp":"2026-09-03T19:19:06.801626Z","level":"INFO","fields":{"message":"Concurrency control for download: Current concurrency = 1; predicted bandwidth = 558398; success_ratio = 1.000; reference_size = 61.0MB; observed bytes sent so far = 2023989894; completed transmissions = 56"},"filename":"D:\\a\\xet-core\\xet-core\\xet_client\\src\\cas_client\\adaptive_concurrency\\controller.rs","line_number":602}
{"timestamp":"2026-09-03T19:19:16.868097Z","level":"INFO","fields":{"message":"Concurrency control for download: Current concurrency = 1; predicted bandwidth = 658743; success_ratio = 1.000; reference_size = 61.0MB; observed bytes sent so far = 2029740678; completed transmissions = 56"},"filename":"D:\\a\\xet-core\\xet-core\\xet_client\\src\\cas_client\\adaptive_concurrency\\controller.rs","line_number":602}
{"timestamp":"2026-09-03T19:19:21.435798Z","level":"INFO","fields":{"message":"Retry strategy","retry":"RetryWrapper { max_attempts: 5, base_delay: 3s, max_duration: 360s, no_retry_on_429: false, retry_on_403: true, expected_416: false, expected_404: false, log_errors_as_info: false, api_tag: \"s3::get_range\", has_connection_permit: true }"},"filename":"D:\\a\\xet-core\\xet-core\\xet_client\\src\\cas_client\\retry_wrapper.rs","line_number":274}
{"timestamp":"2026-09-03T19:19:21.500969Z","level":"INFO","fields":{"message":"Received CAS response","request_id":"01M1MBC867W6E4GKPDKTJ4TEAH","status_code":206},"filename":"D:\\a\\xet-core\\xet-core\\xet_client\\src\\common\\http_client.rs","line_number":288}
{"timestamp":"2026-09-03T19:19:21.500987Z","level":"INFO","fields":{"message":"Request Success: s3::get_range api call succeeded (request id 01M1MBC867W6E4GKPDKTJ4TEAH)."},"filename":"D:\\a\\xet-core\\xet-core\\xet_client\\src\\cas_client\\retry_wrapper.rs","line_number":237}
{"timestamp":"2026-09-03T19:19:27.079177Z","level":"INFO","fields":{"message":"Concurrency control for download: Current concurrency = 1; predicted bandwidth = 2418284; success_ratio = 1.000; reference_size = 61.0MB; observed bytes sent so far = 2038278403; completed transmissions = 57"},"filename":"D:\\a\\xet-core\\xet-core\\xet_client\\src\\cas_client\\adaptive_concurrency\\controller.rs","line_number":602}
{"timestamp":"2026-09-03T19:19:37.168056Z","level":"INFO","fields":{"message":"Concurrency control for download: Current concurrency = 1; predicted bandwidth = 1856762; success_ratio = 1.000; reference_size = 61.0MB; observed bytes sent so far = 2044045571; completed transmissions = 57"},"filename":"D:\\a\\xet-core\\xet-core\\xet_client\\src\\cas_client\\adaptive_concurrency\\controller.rs","line_number":602}
{"timestamp":"2026-09-03T19:19:47.503567Z","level":"INFO","fields":{"message":"Concurrency control for download: Current concurrency = 1; predicted bandwidth = 1642748; success_ratio = 1.000; reference_size = 61.0MB; observed bytes sent so far = 2050025731; completed transmissions = 57"},"filename":"D:\\a\\xet-core\\xet-core\\xet_client\\src\\cas_client\\adaptive_concurrency\\controller.rs","line_number":602}
{"timestamp":"2026-09-03T19:19:57.633027Z","level":"INFO","fields":{"message":"Concurrency control for download: Current concurrency = 1; predicted bandwidth = 1648307; success_ratio = 1.000; reference_size = 61.0MB; observed bytes sent so far = 2057283843; completed transmissions = 57"},"filename":"D:\\a\\xet-core\\xet-core\\xet_client\\src\\cas_client\\adaptive_concurrency\\controller.rs","line_number":602}
{"timestamp":"2026-09-03T19:20:07.683297Z","level":"INFO","fields":{"message":"Concurrency control for download: Current concurrency = 1; predicted bandwidth = 1777639; success_ratio = 1.000; reference_size = 61.0MB; observed bytes sent so far = 2065393923; completed transmissions = 57"},"filename":"D:\\a\\xet-core\\xet-core\\xet_client\\src\\cas_client\\adaptive_concurrency\\controller.rs","line_number":602}
{"timestamp":"2026-09-03T19:20:17.822987Z","level":"INFO","fields":{"message":"Concurrency control for download: Current concurrency = 1; predicted bandwidth = 1383626; success_ratio = 1.000; reference_size = 61.0MB; observed bytes sent so far = 2073127171; completed transmissions = 57"},"filename":"D:\\a\\xet-core\\xet-core\\xet_client\\src\\cas_client\\adaptive_concurrency\\controller.rs","line_number":602}
{"timestamp":"2026-09-03T19:20:25.736239Z","level":"INFO","fields":{"message":"Retry strategy","retry":"RetryWrapper { max_attempts: 5, base_delay: 3s, max_duration: 360s, no_retry_on_429: false, retry_on_403: true, expected_416: false, expected_404: false, log_errors_as_info: false, api_tag: \"s3::get_range\", has_connection_permit: true }"},"filename":"D:\\a\\xet-core\\xet-core\\xet_client\\src\\cas_client\\retry_wrapper.rs","line_number":274}
{"timestamp":"2026-09-03T19:20:25.815080Z","level":"INFO","fields":{"message":"Received CAS response","request_id":"01M1MBE6ZJN2QA91SDGMNGWYXJ","status_code":206},"filename":"D:\\a\\xet-core\\xet-core\\xet_client\\src\\common\\http_client.rs","line_number":288}
{"timestamp":"2026-09-03T19:20:25.815097Z","level":"INFO","fields":{"message":"Request Success: s3::get_range api call succeeded (request id 01M1MBE6ZJN2QA91SDGMNGWYXJ)."},"filename":"D:\\a\\xet-core\\xet-core\\xet_client\\src\\cas_client\\retry_wrapper.rs","line_number":237}
{"timestamp":"2026-09-03T19:20:27.888889Z","level":"INFO","fields":{"message":"Concurrency control for download: Current concurrency = 1; predicted bandwidth = 701893; success_ratio = 1.000; reference_size = 61.0MB; observed bytes sent so far = 2079651373; completed transmissions = 58"},"filename":"D:\\a\\xet-core\\xet-core\\xet_client\\src\\cas_client\\adaptive_concurrency\\controller.rs","line_number":602}
{"timestamp":"2026-09-03T19:20:37.963566Z","level":"INFO","fields":{"message":"Concurrency control for download: Current concurrency = 1; predicted bandwidth = 694148; success_ratio = 1.000; reference_size = 61.0MB; observed bytes sent so far = 2086794797; completed transmissions = 58"},"filename":"D:\\a\\xet-core\\xet-core\\xet_client\\src\\cas_client\\adaptive_concurrency\\controller.rs","line_number":602}
{"timestamp":"2026-09-03T19:20:48.052760Z","level":"INFO","fields":{"message":"Concurrency control for download: Current concurrency = 1; predicted bandwidth = 707290; success_ratio = 1.000; reference_size = 61.0MB; observed bytes sent so far = 2094790189; completed transmissions = 58"},"filename":"D:\\a\\xet-core\\xet-core\\xet_client\\src\\cas_client\\adaptive_concurrency\\controller.rs","line_number":602}
{"timestamp":"2026-09-03T19:20:58.275918Z","level":"INFO","fields":{"message":"Concurrency control for download: Current concurrency = 1; predicted bandwidth = 742895; success_ratio = 1.000; reference_size = 61.0MB; observed bytes sent so far = 2102343213; completed transmissions = 58"},"filename":"D:\\a\\xet-core\\xet-core\\xet_client\\src\\cas_client\\adaptive_concurrency\\controller.rs","line_number":602}
{"timestamp":"2026-09-03T19:20:58.833437Z","level":"INFO","fields":{"message":"Retry strategy","retry":"RetryWrapper { max_attempts: 5, base_delay: 3s, max_duration: 360s, no_retry_on_429: false, retry_on_403: true, expected_416: false, expected_404: false, log_errors_as_info: false, api_tag: \"s3::get_range\", has_connection_permit: true }"},"filename":"D:\\a\\xet-core\\xet-core\\xet_client\\src\\cas_client\\retry_wrapper.rs","line_number":274}
{"timestamp":"2026-09-03T19:20:58.911617Z","level":"INFO","fields":{"message":"Received CAS response","request_id":"01M1MBF7A01TSWW7MBSBK0ZR03","status_code":206},"filename":"D:\\a\\xet-core\\xet-core\\xet_client\\src\\common\\http_client.rs","line_number":288}
{"timestamp":"2026-09-03T19:20:58.911644Z","level":"INFO","fields":{"message":"Request Success: s3::get_range api call succeeded (request id 01M1MBF7A01TSWW7MBSBK0ZR03)."},"filename":"D:\\a\\xet-core\\xet-core\\xet_client\\src\\cas_client\\retry_wrapper.rs","line_number":237}
{"timestamp":"2026-09-03T19:21:08.350494Z","level":"INFO","fields":{"message":"Concurrency control for download: Current concurrency = 1; predicted bandwidth = 829151; success_ratio = 1.000; reference_size = 61.0MB; observed bytes sent so far = 2109806049; completed transmissions = 59"},"filename":"D:\\a\\xet-core\\xet-core\\xet_client\\src\\cas_client\\adaptive_concurrency\\controller.rs","line_number":602}
{"timestamp":"2026-09-03T19:21:18.391829Z","level":"INFO","fields":{"message":"Concurrency control for download: Current concurrency = 1; predicted bandwidth = 806661; success_ratio = 1.000; reference_size = 61.0MB; observed bytes sent so far = 2116179425; completed transmissions = 59"},"filename":"D:\\a\\xet-core\\xet-core\\xet_client\\src\\cas_client\\adaptive_concurrency\\controller.rs","line_number":602}
{"timestamp":"2026-09-03T19:21:28.544511Z","level":"INFO","fields":{"message":"Concurrency control for download: Current concurrency = 1; predicted bandwidth = 782868; success_ratio = 1.000; reference_size = 61.0MB; observed bytes sent so far = 2122962401; completed transmissions = 59"},"filename":"D:\\a\\xet-core\\xet-core\\xet_client\\src\\cas_client\\adaptive_concurrency\\controller.rs","line_number":602}
{"timestamp":"2026-09-03T19:21:38.569063Z","level":"INFO","fields":{"message":"Concurrency control for download: Current concurrency = 1; predicted bandwidth = 768699; success_ratio = 1.000; reference_size = 61.0MB; observed bytes sent so far = 2129696225; completed transmissions = 59"},"filename":"D:\\a\\xet-core\\xet-core\\xet_client\\src\\cas_client\\adaptive_concurrency\\controller.rs","line_number":602}
{"timestamp":"2026-09-03T19:21:48.604421Z","level":"INFO","fields":{"message":"Concurrency control for download: Current concurrency = 1; predicted bandwidth = 767809; success_ratio = 1.000; reference_size = 61.0MB; observed bytes sent so far = 2137200097; completed transmissions = 59"},"filename":"D:\\a\\xet-core\\xet-core\\xet_client\\src\\cas_client\\adaptive_concurrency\\controller.rs","line_number":602}
{"timestamp":"2026-09-03T19:21:58.734332Z","level":"INFO","fields":{"message":"Concurrency control for download: Current concurrency = 1; predicted bandwidth = 756695; success_ratio = 1.000; reference_size = 61.0MB; observed bytes sent so far = 2145588705; completed transmissions = 59"},"filename":"D:\\a\\xet-core\\xet-core\\xet_client\\src\\cas_client\\adaptive_concurrency\\controller.rs","line_number":602}
{"timestamp":"2026-09-03T19:22:00.891167Z","level":"INFO","fields":{"message":"Retry strategy","retry":"RetryWrapper { max_attempts: 5, base_delay: 3s, max_duration: 360s, no_retry_on_429: false, retry_on_403: true, expected_416: false, expected_404: false, log_errors_as_info: false, api_tag: \"s3::get_range\", has_connection_permit: true }"},"filename":"D:\\a\\xet-core\\xet-core\\xet_client\\src\\cas_client\\retry_wrapper.rs","line_number":274}
{"timestamp":"2026-09-03T19:22:00.981148Z","level":"INFO","fields":{"message":"Received CAS response","request_id":"01M1MBH3XSTFE5XW6WDDDC4GXB","status_code":206},"filename":"D:\\a\\xet-core\\xet-core\\xet_client\\src\\common\\http_client.rs","line_number":288}
{"timestamp":"2026-09-03T19:22:00.981176Z","level":"INFO","fields":{"message":"Request Success: s3::get_range api call succeeded (request id 01M1MBH3XSTFE5XW6WDDDC4GXB)."},"filename":"D:\\a\\xet-core\\xet-core\\xet_client\\src\\cas_client\\retry_wrapper.rs","line_number":237}
{"timestamp":"2026-09-03T19:22:08.865710Z","level":"INFO","fields":{"message":"Concurrency control for download: Current concurrency = 1; predicted bandwidth = 717983; success_ratio = 1.000; reference_size = 61.0MB; observed bytes sent so far = 2153581801; completed transmissions = 60"},"filename":"D:\\a\\xet-core\\xet-core\\xet_client\\src\\cas_client\\adaptive_concurrency\\controller.rs","line_number":602}
{"timestamp":"2026-09-03T19:22:18.978285Z","level":"INFO","fields":{"message":"Concurrency control for download: Current concurrency = 1; predicted bandwidth = 747353; success_ratio = 1.000; reference_size = 61.0MB; observed bytes sent so far = 2161724649; completed transmissions = 60"},"filename":"D:\\a\\xet-core\\xet-core\\xet_client\\src\\cas_client\\adaptive_concurrency\\controller.rs","line_number":602}
{"timestamp":"2026-09-03T19:22:29.024350Z","level":"INFO","fields":{"message":"Concurrency control for download: Current concurrency = 1; predicted bandwidth = 778208; success_ratio = 1.000; reference_size = 61.0MB; observed bytes sent so far = 2169736425; completed transmissions = 60"},"filename":"D:\\a\\xet-core\\xet-core\\xet_client\\src\\cas_client\\adaptive_concurrency\\controller.rs","line_number":602}
{"timestamp":"2026-09-03T19:22:39.045159Z","level":"INFO","fields":{"message":"Concurrency control for download: Current concurrency = 1; predicted bandwidth = 824117; success_ratio = 1.000; reference_size = 61.0MB; observed bytes sent so far = 2177699049; completed transmissions = 60"},"filename":"D:\\a\\xet-core\\xet-core\\xet_client\\src\\cas_client\\adaptive_concurrency\\controller.rs","line_number":602}
{"timestamp":"2026-09-03T19:22:49.255803Z","level":"INFO","fields":{"message":"Concurrency control for download: Current concurrency = 1; predicted bandwidth = 864940; success_ratio = 1.000; reference_size = 61.0MB; observed bytes sent so far = 2184908009; completed transmissions = 60"},"filename":"D:\\a\\xet-core\\xet-core\\xet_client\\src\\cas_client\\adaptive_concurrency\\controller.rs","line_number":602}
{"timestamp":"2026-09-03T19:22:59.357027Z","level":"INFO","fields":{"message":"Concurrency control for download: Current concurrency = 1; predicted bandwidth = 868384; success_ratio = 1.000; reference_size = 61.0MB; observed bytes sent so far = 2189987049; completed transmissions = 60"},"filename":"D:\\a\\xet-core\\xet-core\\xet_client\\src\\cas_client\\adaptive_concurrency\\controller.rs","line_number":602}
{"timestamp":"2026-09-03T19:23:02.180636Z","level":"INFO","fields":{"message":"Retry strategy","retry":"RetryWrapper { max_attempts: 5, base_delay: 3s, max_duration: 360s, no_retry_on_429: false, retry_on_403: true, expected_416: false, expected_404: false, log_errors_as_info: false, api_tag: \"s3::get_range\", has_connection_permit: true }"},"filename":"D:\\a\\xet-core\\xet-core\\xet_client\\src\\cas_client\\retry_wrapper.rs","line_number":274}
{"timestamp":"2026-09-03T19:23:02.279667Z","level":"INFO","fields":{"message":"Received CAS response","request_id":"01M1MBJZSFT6NVQXV9V3JE73AP","status_code":206},"filename":"D:\\a\\xet-core\\xet-core\\xet_client\\src\\common\\http_client.rs","line_number":288}
{"timestamp":"2026-09-03T19:23:02.279699Z","level":"INFO","fields":{"message":"Request Success: s3::get_range api call succeeded (request id 01M1MBJZSFT6NVQXV9V3JE73AP)."},"filename":"D:\\a\\xet-core\\xet-core\\xet_client\\src\\cas_client\\retry_wrapper.rs","line_number":237}
{"timestamp":"2026-09-03T19:23:09.506519Z","level":"INFO","fields":{"message":"Concurrency control for download: Current concurrency = 1; predicted bandwidth = 737715; success_ratio = 1.000; reference_size = 61.0MB; observed bytes sent so far = 2197136646; completed transmissions = 61"},"filename":"D:\\a\\xet-core\\xet-core\\xet_client\\src\\cas_client\\adaptive_concurrency\\controller.rs","line_number":602}
{"timestamp":"2026-09-03T19:23:18.661894Z","level":"INFO","fields":{"message":"Retry strategy","retry":"RetryWrapper { max_attempts: 5, base_delay: 3s, max_duration: 360s, no_retry_on_429: false, retry_on_403: true, expected_416: false, expected_404: false, log_errors_as_info: false, api_tag: \"s3::get_range\", has_connection_permit: true }"},"filename":"D:\\a\\xet-core\\xet-core\\xet_client\\src\\cas_client\\retry_wrapper.rs","line_number":274}
{"timestamp":"2026-09-03T19:23:18.728591Z","level":"INFO","fields":{"message":"Received CAS response","request_id":"01M1MBKFVF18YANTGNY2YB388P","status_code":206},"filename":"D:\\a\\xet-core\\xet-core\\xet_client\\src\\common\\http_client.rs","line_number":288}
{"timestamp":"2026-09-03T19:23:18.728645Z","level":"INFO","fields":{"message":"Request Success: s3::get_range api call succeeded (request id 01M1MBKFVF18YANTGNY2YB388P)."},"filename":"D:\\a\\xet-core\\xet-core\\xet_client\\src\\cas_client\\retry_wrapper.rs","line_number":237}
{"timestamp":"2026-09-03T19:23:19.517633Z","level":"INFO","fields":{"message":"Concurrency control for download: Current concurrency = 1; predicted bandwidth = 731305; success_ratio = 1.000; reference_size = 61.0MB; observed bytes sent so far = 2204287462; completed transmissions = 62"},"filename":"D:\\a\\xet-core\\xet-core\\xet_client\\src\\cas_client\\adaptive_concurrency\\controller.rs","line_number":602}
{"timestamp":"2026-09-03T19:23:29.728520Z","level":"INFO","fields":{"message":"Concurrency control for download: Current concurrency = 1; predicted bandwidth = 728867; success_ratio = 1.000; reference_size = 61.0MB; observed bytes sent so far = 2211289476; completed transmissions = 62"},"filename":"D:\\a\\xet-core\\xet-core\\xet_client\\src\\cas_client\\adaptive_concurrency\\controller.rs","line_number":602}
{"timestamp":"2026-09-03T19:23:39.811024Z","level":"INFO","fields":{"message":"Concurrency control for download: Current concurrency = 1; predicted bandwidth = 724574; success_ratio = 1.000; reference_size = 61.0MB; observed bytes sent so far = 2218760580; completed transmissions = 62"},"filename":"D:\\a\\xet-core\\xet-core\\xet_client\\src\\cas_client\\adaptive_concurrency\\controller.rs","line_number":602}
{"timestamp":"2026-09-03T19:23:49.852554Z","level":"INFO","fields":{"message":"Concurrency control for download: Current concurrency = 1; predicted bandwidth = 720248; success_ratio = 1.000; reference_size = 61.0MB; observed bytes sent so far = 2223462788; completed transmissions = 62"},"filename":"D:\\a\\xet-core\\xet-core\\xet_client\\src\\cas_client\\adaptive_concurrency\\controller.rs","line_number":602}
{"timestamp":"2026-09-03T19:24:00.029155Z","level":"INFO","fields":{"message":"Concurrency control for download: Current concurrency = 1; predicted bandwidth = 700895; success_ratio = 1.000; reference_size = 61.0MB; observed bytes sent so far = 2226592132; completed transmissions = 62"},"filename":"D:\\a\\xet-core\\xet-core\\xet_client\\src\\cas_client\\adaptive_concurrency\\controller.rs","line_number":602}
{"timestamp":"2026-09-03T19:24:10.088398Z","level":"INFO","fields":{"message":"Concurrency control for download: Current concurrency = 1; predicted bandwidth = 660215; success_ratio = 1.000; reference_size = 61.0MB; observed bytes sent so far = 2230933892; completed transmissions = 62"},"filename":"D:\\a\\xet-core\\xet-core\\xet_client\\src\\cas_client\\adaptive_concurrency\\controller.rs","line_number":602}
{"timestamp":"2026-09-03T19:24:20.221037Z","level":"INFO","fields":{"message":"Concurrency control for download: Current concurrency = 1; predicted bandwidth = 618612; success_ratio = 1.000; reference_size = 61.0MB; observed bytes sent so far = 2236094852; completed transmissions = 62"},"filename":"D:\\a\\xet-core\\xet-core\\xet_client\\src\\cas_client\\adaptive_concurrency\\controller.rs","line_number":602}
{"timestamp":"2026-09-03T19:24:20.338665Z","level":"INFO","fields":{"message":"Retry strategy","retry":"RetryWrapper { max_attempts: 5, base_delay: 3s, max_duration: 360s, no_retry_on_429: false, retry_on_403: true, expected_416: false, expected_404: false, log_errors_as_info: false, api_tag: \"s3::get_range\", has_connection_permit: true }"},"filename":"D:\\a\\xet-core\\xet-core\\xet_client\\src\\cas_client\\retry_wrapper.rs","line_number":274}
{"timestamp":"2026-09-03T19:24:20.413255Z","level":"INFO","fields":{"message":"Received CAS response","request_id":"01M1MBNC305GSDCEFHSG1FHFH8","status_code":206},"filename":"D:\\a\\xet-core\\xet-core\\xet_client\\src\\common\\http_client.rs","line_number":288}
{"timestamp":"2026-09-03T19:24:20.413284Z","level":"INFO","fields":{"message":"Request Success: s3::get_range api call succeeded (request id 01M1MBNC305GSDCEFHSG1FHFH8)."},"filename":"D:\\a\\xet-core\\xet-core\\xet_client\\src\\cas_client\\retry_wrapper.rs","line_number":237}
{"timestamp":"2026-09-03T19:24:30.224273Z","level":"INFO","fields":{"message":"Concurrency control for download: Current concurrency = 1; predicted bandwidth = 541627; success_ratio = 1.000; reference_size = 61.0MB; observed bytes sent so far = 2240915437; completed transmissions = 63"},"filename":"D:\\a\\xet-core\\xet-core\\xet_client\\src\\cas_client\\adaptive_concurrency\\controller.rs","line_number":602}
{"timestamp":"2026-09-03T19:24:40.311363Z","level":"INFO","fields":{"message":"Concurrency control for download: Current concurrency = 1; predicted bandwidth = 533356; success_ratio = 1.000; reference_size = 61.0MB; observed bytes sent so far = 2246485997; completed transmissions = 63"},"filename":"D:\\a\\xet-core\\xet-core\\xet_client\\src\\cas_client\\adaptive_concurrency\\controller.rs","line_number":602}
{"timestamp":"2026-09-03T19:24:50.506929Z","level":"INFO","fields":{"message":"Concurrency control for download: Current concurrency = 1; predicted bandwidth = 531473; success_ratio = 1.000; reference_size = 61.0MB; observed bytes sent so far = 2252482541; completed transmissions = 63"},"filename":"D:\\a\\xet-core\\xet-core\\xet_client\\src\\cas_client\\adaptive_concurrency\\controller.rs","line_number":602}
{"timestamp":"2026-09-03T19:25:00.719124Z","level":"INFO","fields":{"message":"Concurrency control for download: Current concurrency = 1; predicted bandwidth = 536823; success_ratio = 1.000; reference_size = 61.0MB; observed bytes sent so far = 2258118637; completed transmissions = 63"},"filename":"D:\\a\\xet-core\\xet-core\\xet_client\\src\\cas_client\\adaptive_concurrency\\controller.rs","line_number":602}
{"timestamp":"2026-09-03T19:25:10.733925Z","level":"INFO","fields":{"message":"Concurrency control for download: Current concurrency = 1; predicted bandwidth = 538168; success_ratio = 1.000; reference_size = 61.0MB; observed bytes sent so far = 2263345133; completed transmissions = 63"},"filename":"D:\\a\\xet-core\\xet-core\\xet_client\\src\\cas_client\\adaptive_concurrency\\controller.rs","line_number":602}
{"timestamp":"2026-09-03T19:25:20.828458Z","level":"INFO","fields":{"message":"Concurrency control for download: Current concurrency = 1; predicted bandwidth = 537161; success_ratio = 1.000; reference_size = 61.0MB; observed bytes sent so far = 2266867693; completed transmissions = 63"},"filename":"D:\\a\\xet-core\\xet-core\\xet_client\\src\\cas_client\\adaptive_concurrency\\controller.rs","line_number":602}
{"timestamp":"2026-09-03T19:25:30.849598Z","level":"INFO","fields":{"message":"Concurrency control for download: Current concurrency = 1; predicted bandwidth = 543086; success_ratio = 1.000; reference_size = 61.0MB; observed bytes sent so far = 2272634861; completed transmissions = 63"},"filename":"D:\\a\\xet-core\\xet-core\\xet_client\\src\\cas_client\\adaptive_concurrency\\controller.rs","line_number":602}
{"timestamp":"2026-09-03T19:25:40.953602Z","level":"INFO","fields":{"message":"Concurrency control for download: Current concurrency = 1; predicted bandwidth = 555159; success_ratio = 1.000; reference_size = 61.0MB; observed bytes sent so far = 2277746669; completed transmissions = 63"},"filename":"D:\\a\\xet-core\\xet-core\\xet_client\\src\\cas_client\\adaptive_concurrency\\controller.rs","line_number":602}
{"timestamp":"2026-09-03T19:25:48.433234Z","level":"INFO","fields":{"message":"Retry strategy","retry":"RetryWrapper { max_attempts: 5, base_delay: 3s, max_duration: 360s, no_retry_on_429: false, retry_on_403: true, expected_416: false, expected_404: false, log_errors_as_info: false, api_tag: \"s3::get_range\", has_connection_permit: true }"},"filename":"D:\\a\\xet-core\\xet-core\\xet_client\\src\\cas_client\\retry_wrapper.rs","line_number":274}
{"timestamp":"2026-09-03T19:25:48.494595Z","level":"INFO","fields":{"message":"Received CAS response","request_id":"01M1MBR23R6ACG6ZFHRYKBX783","status_code":206},"filename":"D:\\a\\xet-core\\xet-core\\xet_client\\src\\common\\http_client.rs","line_number":288}
{"timestamp":"2026-09-03T19:25:48.494618Z","level":"INFO","fields":{"message":"Request Success: s3::get_range api call succeeded (request id 01M1MBR23R6ACG6ZFHRYKBX783)."},"filename":"D:\\a\\xet-core\\xet-core\\xet_client\\src\\cas_client\\retry_wrapper.rs","line_number":237}
{"timestamp":"2026-09-03T19:25:51.125731Z","level":"INFO","fields":{"message":"Concurrency control for download: Current concurrency = 1; predicted bandwidth = 555537; success_ratio = 1.000; reference_size = 61.0MB; observed bytes sent so far = 2282294047; completed transmissions = 64"},"filename":"D:\\a\\xet-core\\xet-core\\xet_client\\src\\cas_client\\adaptive_concurrency\\controller.rs","line_number":602}
{"timestamp":"2026-09-03T19:26:01.252291Z","level":"INFO","fields":{"message":"Concurrency control for download: Current concurrency = 1; predicted bandwidth = 524235; success_ratio = 1.000; reference_size = 61.0MB; observed bytes sent so far = 2287962911; completed transmissions = 64"},"filename":"D:\\a\\xet-core\\xet-core\\xet_client\\src\\cas_client\\adaptive_concurrency\\controller.rs","line_number":602}
{"timestamp":"2026-09-03T19:26:11.359636Z","level":"INFO","fields":{"message":"Concurrency control for download: Current concurrency = 1; predicted bandwidth = 537371; success_ratio = 1.000; reference_size = 61.0MB; observed bytes sent so far = 2294156063; completed transmissions = 64"},"filename":"D:\\a\\xet-core\\xet-core\\xet_client\\src\\cas_client\\adaptive_concurrency\\controller.rs","line_number":602}
{"timestamp":"2026-09-03T19:26:21.423615Z","level":"INFO","fields":{"message":"Concurrency control for download: Current concurrency = 1; predicted bandwidth = 536045; success_ratio = 1.000; reference_size = 61.0MB; observed bytes sent so far = 2296728351; completed transmissions = 64"},"filename":"D:\\a\\xet-core\\xet-core\\xet_client\\src\\cas_client\\adaptive_concurrency\\controller.rs","line_number":602}
{"timestamp":"2026-09-03T19:26:31.440154Z","level":"INFO","fields":{"message":"Concurrency control for download: Current concurrency = 1; predicted bandwidth = 500092; success_ratio = 1.000; reference_size = 61.0MB; observed bytes sent so far = 2301823775; completed transmissions = 64"},"filename":"D:\\a\\xet-core\\xet-core\\xet_client\\src\\cas_client\\adaptive_concurrency\\controller.rs","line_number":602}
{"timestamp":"2026-09-03T19:26:41.565080Z","level":"INFO","fields":{"message":"Concurrency control for download: Current concurrency = 1; predicted bandwidth = 506912; success_ratio = 1.000; reference_size = 61.0MB; observed bytes sent so far = 2309294879; completed transmissions = 64"},"filename":"D:\\a\\xet-core\\xet-core\\xet_client\\src\\cas_client\\adaptive_concurrency\\controller.rs","line_number":602}
{"timestamp":"2026-09-03T19:26:51.671642Z","level":"INFO","fields":{"message":"Concurrency control for download: Current concurrency = 1; predicted bandwidth = 521488; success_ratio = 1.000; reference_size = 61.0MB; observed bytes sent so far = 2313669407; completed transmissions = 64"},"filename":"D:\\a\\xet-core\\xet-core\\xet_client\\src\\cas_client\\adaptive_concurrency\\controller.rs","line_number":602}
{"timestamp":"2026-09-03T19:27:01.820467Z","level":"INFO","fields":{"message":"Concurrency control for download: Current concurrency = 1; predicted bandwidth = 521001; success_ratio = 1.000; reference_size = 61.0MB; observed bytes sent so far = 2318732063; completed transmissions = 64"},"filename":"D:\\a\\xet-core\\xet-core\\xet_client\\src\\cas_client\\adaptive_concurrency\\controller.rs","line_number":602}
{"timestamp":"2026-09-03T19:27:11.866179Z","level":"INFO","fields":{"message":"Concurrency control for download: Current concurrency = 1; predicted bandwidth = 521765; success_ratio = 1.000; reference_size = 61.0MB; observed bytes sent so far = 2323417887; completed transmissions = 64"},"filename":"D:\\a\\xet-core\\xet-core\\xet_client\\src\\cas_client\\adaptive_concurrency\\controller.rs","line_number":602}
{"timestamp":"2026-09-03T19:27:17.570211Z","level":"INFO","fields":{"message":"Retry strategy","retry":"RetryWrapper { max_attempts: 5, base_delay: 3s, max_duration: 360s, no_retry_on_429: false, retry_on_403: true, expected_416: false, expected_404: false, log_errors_as_info: false, api_tag: \"s3::get_range\", has_connection_permit: true }"},"filename":"D:\\a\\xet-core\\xet-core\\xet_client\\src\\cas_client\\retry_wrapper.rs","line_number":274}
{"timestamp":"2026-09-03T19:27:17.636886Z","level":"INFO","fields":{"message":"Received CAS response","request_id":"01M1MBTS5FMC8W3X51Q1SQBQ32","status_code":206},"filename":"D:\\a\\xet-core\\xet-core\\xet_client\\src\\common\\http_client.rs","line_number":288}
{"timestamp":"2026-09-03T19:27:17.636908Z","level":"INFO","fields":{"message":"Request Success: s3::get_range api call succeeded (request id 01M1MBTS5FMC8W3X51Q1SQBQ32)."},"filename":"D:\\a\\xet-core\\xet-core\\xet_client\\src\\cas_client\\retry_wrapper.rs","line_number":237}
{"timestamp":"2026-09-03T19:27:22.116709Z","level":"INFO","fields":{"message":"Concurrency control for download: Current concurrency = 1; predicted bandwidth = 516920; success_ratio = 1.000; reference_size = 61.0MB; observed bytes sent so far = 2328226471; completed transmissions = 65"},"filename":"D:\\a\\xet-core\\xet-core\\xet_client\\src\\cas_client\\adaptive_concurrency\\controller.rs","line_number":602}
{"timestamp":"2026-09-03T19:27:32.135792Z","level":"INFO","fields":{"message":"Concurrency control for download: Current concurrency = 1; predicted bandwidth = 502020; success_ratio = 1.000; reference_size = 61.0MB; observed bytes sent so far = 2333813415; completed transmissions = 65"},"filename":"D:\\a\\xet-core\\xet-core\\xet_client\\src\\cas_client\\adaptive_concurrency\\controller.rs","line_number":602}
{"timestamp":"2026-09-03T19:27:42.211704Z","level":"INFO","fields":{"message":"Concurrency control for download: Current concurrency = 1; predicted bandwidth = 540571; success_ratio = 1.000; reference_size = 61.0MB; observed bytes sent so far = 2340825767; completed transmissions = 65"},"filename":"D:\\a\\xet-core\\xet-core\\xet_client\\src\\cas_client\\adaptive_concurrency\\controller.rs","line_number":602}
{"timestamp":"2026-09-03T19:27:52.271398Z","level":"INFO","fields":{"message":"Concurrency control for download: Current concurrency = 1; predicted bandwidth = 609701; success_ratio = 1.000; reference_size = 61.0MB; observed bytes sent so far = 2347936423; completed transmissions = 65"},"filename":"D:\\a\\xet-core\\xet-core\\xet_client\\src\\cas_client\\adaptive_concurrency\\controller.rs","line_number":602}
{"timestamp":"2026-09-03T19:28:02.332357Z","level":"INFO","fields":{"message":"Concurrency control for download: Current concurrency = 1; predicted bandwidth = 721364; success_ratio = 1.000; reference_size = 61.0MB; observed bytes sent so far = 2354571943; completed transmissions = 65"},"filename":"D:\\a\\xet-core\\xet-core\\xet_client\\src\\cas_client\\adaptive_concurrency\\controller.rs","line_number":602}
{"timestamp":"2026-09-03T19:28:12.453777Z","level":"INFO","fields":{"message":"Concurrency control for download: Current concurrency = 1; predicted bandwidth = 886231; success_ratio = 1.000; reference_size = 61.0MB; observed bytes sent so far = 2361125543; completed transmissions = 65"},"filename":"D:\\a\\xet-core\\xet-core\\xet_client\\src\\cas_client\\adaptive_concurrency\\controller.rs","line_number":602}
{"timestamp":"2026-09-03T19:28:22.573577Z","level":"INFO","fields":{"message":"Concurrency control for download: Current concurrency = 1; predicted bandwidth = 969436; success_ratio = 1.000; reference_size = 61.0MB; observed bytes sent so far = 2368629415; completed transmissions = 65"},"filename":"D:\\a\\xet-core\\xet-core\\xet_client\\src\\cas_client\\adaptive_concurrency\\controller.rs","line_number":602}
{"timestamp":"2026-09-03T19:28:26.467476Z","level":"INFO","fields":{"message":"Retry strategy","retry":"RetryWrapper { max_attempts: 5, base_delay: 3s, max_duration: 360s, no_retry_on_429: false, retry_on_403: true, expected_416: false, expected_404: false, log_errors_as_info: false, api_tag: \"s3::get_range\", has_connection_permit: true }"},"filename":"D:\\a\\xet-core\\xet-core\\xet_client\\src\\cas_client\\retry_wrapper.rs","line_number":274}
{"timestamp":"2026-09-03T19:28:26.546577Z","level":"INFO","fields":{"message":"Received CAS response","request_id":"01M1MBWWEG37DG3B3MJ6DS8904","status_code":206},"filename":"D:\\a\\xet-core\\xet-core\\xet_client\\src\\common\\http_client.rs","line_number":288}
{"timestamp":"2026-09-03T19:28:26.546595Z","level":"INFO","fields":{"message":"Request Success: s3::get_range api call succeeded (request id 01M1MBWWEG37DG3B3MJ6DS8904)."},"filename":"D:\\a\\xet-core\\xet-core\\xet_client\\src\\cas_client\\retry_wrapper.rs","line_number":237}
{"timestamp":"2026-09-03T19:28:32.681117Z","level":"INFO","fields":{"message":"Concurrency control for download: Current concurrency = 1; predicted bandwidth = 601211; success_ratio = 1.000; reference_size = 61.0MB; observed bytes sent so far = 2374009791; completed transmissions = 66"},"filename":"D:\\a\\xet-core\\xet-core\\xet_client\\src\\cas_client\\adaptive_concurrency\\controller.rs","line_number":602}
{"timestamp":"2026-09-03T19:28:42.869432Z","level":"INFO","fields":{"message":"Concurrency control for download: Current concurrency = 1; predicted bandwidth = 566381; success_ratio = 1.000; reference_size = 61.0MB; observed bytes sent so far = 2376549311; completed transmissions = 66"},"filename":"D:\\a\\xet-core\\xet-core\\xet_client\\src\\cas_client\\adaptive_concurrency\\controller.rs","line_number":602}
{"timestamp":"2026-09-03T19:28:53.047028Z","level":"INFO","fields":{"message":"Concurrency control for download: Current concurrency = 1; predicted bandwidth = 506132; success_ratio = 1.000; reference_size = 61.0MB; observed bytes sent so far = 2378171327; completed transmissions = 66"},"filename":"D:\\a\\xet-core\\xet-core\\xet_client\\src\\cas_client\\adaptive_concurrency\\controller.rs","line_number":602}
{"timestamp":"2026-09-03T19:29:03.158161Z","level":"INFO","fields":{"message":"Concurrency control for download: Current concurrency = 1; predicted bandwidth = 393895; success_ratio = 1.000; reference_size = 61.0MB; observed bytes sent so far = 2382365631; completed transmissions = 66"},"filename":"D:\\a\\xet-core\\xet-core\\xet_client\\src\\cas_client\\adaptive_concurrency\\controller.rs","line_number":602}
{"timestamp":"2026-09-03T19:29:13.297932Z","level":"INFO","fields":{"message":"Concurrency control for download: Current concurrency = 1; predicted bandwidth = 331771; success_ratio = 1.000; reference_size = 61.0MB; observed bytes sent so far = 2387362751; completed transmissions = 66"},"filename":"D:\\a\\xet-core\\xet-core\\xet_client\\src\\cas_client\\adaptive_concurrency\\controller.rs","line_number":602}
{"timestamp":"2026-09-03T19:29:23.363044Z","level":"INFO","fields":{"message":"Concurrency control for download: Current concurrency = 1; predicted bandwidth = 286303; success_ratio = 1.000; reference_size = 61.0MB; observed bytes sent so far = 2394637247; completed transmissions = 66"},"filename":"D:\\a\\xet-core\\xet-core\\xet_client\\src\\cas_client\\adaptive_concurrency\\controller.rs","line_number":602}
{"timestamp":"2026-09-03T19:29:33.469706Z","level":"INFO","fields":{"message":"Concurrency control for download: Current concurrency = 1; predicted bandwidth = 261742; success_ratio = 1.000; reference_size = 61.0MB; observed bytes sent so far = 2401977279; completed transmissions = 66"},"filename":"D:\\a\\xet-core\\xet-core\\xet_client\\src\\cas_client\\adaptive_concurrency\\controller.rs","line_number":602}
{"timestamp":"2026-09-03T19:29:43.754509Z","level":"INFO","fields":{"message":"Concurrency control for download: Current concurrency = 1; predicted bandwidth = 250541; success_ratio = 1.000; reference_size = 61.0MB; observed bytes sent so far = 2408432575; completed transmissions = 66"},"filename":"D:\\a\\xet-core\\xet-core\\xet_client\\src\\cas_client\\adaptive_concurrency\\controller.rs","line_number":602}
{"timestamp":"2026-09-03T19:29:53.801380Z","level":"INFO","fields":{"message":"Concurrency control for download: Current concurrency = 1; predicted bandwidth = 252308; success_ratio = 1.000; reference_size = 61.0MB; observed bytes sent so far = 2412037055; completed transmissions = 66"},"filename":"D:\\a\\xet-core\\xet-core\\xet_client\\src\\cas_client\\adaptive_concurrency\\controller.rs","line_number":602}
{"timestamp":"2026-09-03T19:29:56.481065Z","level":"INFO","fields":{"message":"Concurrency control for download: Decreased concurrency from 1 to 1; reason: success ratio below threshold (connection struggling) (success_ratio = 1.000, threshold = 0.500)"},"filename":"D:\\a\\xet-core\\xet-core\\xet_client\\src\\cas_client\\adaptive_concurrency\\controller.rs","line_number":586}
{"timestamp":"2026-09-03T19:29:57.204406Z","level":"INFO","fields":{"message":"Concurrency control for download: Decreased concurrency from 1 to 1; reason: success ratio below threshold (connection struggling) (success_ratio = 1.000, threshold = 0.500)"},"filename":"D:\\a\\xet-core\\xet-core\\xet_client\\src\\cas_client\\adaptive_concurrency\\controller.rs","line_number":586}
{"timestamp":"2026-09-03T19:29:57.934676Z","level":"INFO","fields":{"message":"Concurrency control for download: Decreased concurrency from 1 to 1; reason: success ratio below threshold (connection struggling) (success_ratio = 1.000, threshold = 0.500)"},"filename":"D:\\a\\xet-core\\xet-core\\xet_client\\src\\cas_client\\adaptive_concurrency\\controller.rs","line_number":586}
{"timestamp":"2026-09-03T19:29:58.571474Z","level":"INFO","fields":{"message":"Concurrency control for download: Decreased concurrency from 1 to 1; reason: success ratio below threshold (connection struggling) (success_ratio = 1.000, threshold = 0.500)"},"filename":"D:\\a\\xet-core\\xet-core\\xet_client\\src\\cas_client\\adaptive_concurrency\\controller.rs","line_number":586}
{"timestamp":"2026-09-03T19:29:59.214716Z","level":"INFO","fields":{"message":"Concurrency control for download: Decreased concurrency from 1 to 1; reason: success ratio below threshold (connection struggling) (success_ratio = 1.000, threshold = 0.500)"},"filename":"D:\\a\\xet-core\\xet-core\\xet_client\\src\\cas_client\\adaptive_concurrency\\controller.rs","line_number":586}
{"timestamp":"2026-09-03T19:29:59.714800Z","level":"INFO","fields":{"message":"Concurrency control for download: Decreased concurrency from 1 to 1; reason: success ratio below threshold (connection struggling) (success_ratio = 1.000, threshold = 0.500)"},"filename":"D:\\a\\xet-core\\xet-core\\xet_client\\src\\cas_client\\adaptive_concurrency\\controller.rs","line_number":586}
{"timestamp":"2026-09-03T19:30:00.424155Z","level":"INFO","fields":{"message":"Concurrency control for download: Decreased concurrency from 1 to 1; reason: success ratio below threshold (connection struggling) (success_ratio = 1.000, threshold = 0.500)"},"filename":"D:\\a\\xet-core\\xet-core\\xet_client\\src\\cas_client\\adaptive_concurrency\\controller.rs","line_number":586}
{"timestamp":"2026-09-03T19:30:01.103233Z","level":"INFO","fields":{"message":"Concurrency control for download: Decreased concurrency from 1 to 1; reason: success ratio below threshold (connection struggling) (success_ratio = 1.000, threshold = 0.500)"},"filename":"D:\\a\\xet-core\\xet-core\\xet_client\\src\\cas_client\\adaptive_concurrency\\controller.rs","line_number":586}
{"timestamp":"2026-09-03T19:30:01.777279Z","level":"INFO","fields":{"message":"Concurrency control for download: Decreased concurrency from 1 to 1; reason: success ratio below threshold (connection struggling) (success_ratio = 1.000, threshold = 0.500)"},"filename":"D:\\a\\xet-core\\xet-core\\xet_client\\src\\cas_client\\adaptive_concurrency\\controller.rs","line_number":586}
{"timestamp":"2026-09-03T19:30:02.448787Z","level":"INFO","fields":{"message":"Concurrency control for download: Decreased concurrency from 1 to 1; reason: success ratio below threshold (connection struggling) (success_ratio = 1.000, threshold = 0.500)"},"filename":"D:\\a\\xet-core\\xet-core\\xet_client\\src\\cas_client\\adaptive_concurrency\\controller.rs","line_number":586}
{"timestamp":"2026-09-03T19:30:03.217016Z","level":"INFO","fields":{"message":"Concurrency control for download: Decreased concurrency from 1 to 1; reason: success ratio below threshold (connection struggling) (success_ratio = 1.000, threshold = 0.500)"},"filename":"D:\\a\\xet-core\\xet-core\\xet_client\\src\\cas_client\\adaptive_concurrency\\controller.rs","line_number":586}
{"timestamp":"2026-09-03T19:30:03.457797Z","level":"INFO","fields":{"message":"Retry strategy","retry":"RetryWrapper { max_attempts: 5, base_delay: 3s, max_duration: 360s, no_retry_on_429: false, retry_on_403: true, expected_416: false, expected_404: false, log_errors_as_info: false, api_tag: \"s3::get_range\", has_connection_permit: true }"},"filename":"D:\\a\\xet-core\\xet-core\\xet_client\\src\\cas_client\\retry_wrapper.rs","line_number":274}
{"timestamp":"2026-09-03T19:30:03.527391Z","level":"INFO","fields":{"message":"Received CAS response","request_id":"01M1MBZV5GESQ7PPA05VZS5V7Y","status_code":206},"filename":"D:\\a\\xet-core\\xet-core\\xet_client\\src\\common\\http_client.rs","line_number":288}
{"timestamp":"2026-09-03T19:30:03.527409Z","level":"INFO","fields":{"message":"Request Success: s3::get_range api call succeeded (request id 01M1MBZV5GESQ7PPA05VZS5V7Y)."},"filename":"D:\\a\\xet-core\\xet-core\\xet_client\\src\\cas_client\\retry_wrapper.rs","line_number":237}
{"timestamp":"2026-09-03T19:30:03.854797Z","level":"INFO","fields":{"message":"Concurrency control for download: Current concurrency = 1; predicted bandwidth = 353745; success_ratio = 1.000; reference_size = 61.0MB; observed bytes sent so far = 2416378477; completed transmissions = 67"},"filename":"D:\\a\\xet-core\\xet-core\\xet_client\\src\\cas_client\\adaptive_concurrency\\controller.rs","line_number":602}
{"timestamp":"2026-09-03T19:30:13.886909Z","level":"INFO","fields":{"message":"Concurrency control for download: Current concurrency = 1; predicted bandwidth = 433882; success_ratio = 1.000; reference_size = 61.0MB; observed bytes sent so far = 2421087577; completed transmissions = 67"},"filename":"D:\\a\\xet-core\\xet-core\\xet_client\\src\\cas_client\\adaptive_concurrency\\controller.rs","line_number":602}
{"timestamp":"2026-09-03T19:30:24.069342Z","level":"INFO","fields":{"message":"Concurrency control for download: Current concurrency = 1; predicted bandwidth = 448552; success_ratio = 1.000; reference_size = 61.0MB; observed bytes sent so far = 2425707865; completed transmissions = 67"},"filename":"D:\\a\\xet-core\\xet-core\\xet_client\\src\\cas_client\\adaptive_concurrency\\controller.rs","line_number":602}
{"timestamp":"2026-09-03T19:30:34.105308Z","level":"INFO","fields":{"message":"Concurrency control for download: Current concurrency = 1; predicted bandwidth = 468285; success_ratio = 1.000; reference_size = 61.0MB; observed bytes sent so far = 2431737177; completed transmissions = 67"},"filename":"D:\\a\\xet-core\\xet-core\\xet_client\\src\\cas_client\\adaptive_concurrency\\controller.rs","line_number":602}
{"timestamp":"2026-09-03T19:30:44.192194Z","level":"INFO","fields":{"message":"Concurrency control for download: Current concurrency = 1; predicted bandwidth = 501840; success_ratio = 1.000; reference_size = 61.0MB; observed bytes sent so far = 2437487961; completed transmissions = 67"},"filename":"D:\\a\\xet-core\\xet-core\\xet_client\\src\\cas_client\\adaptive_concurrency\\controller.rs","line_number":602}
{"timestamp":"2026-09-03T19:30:54.232502Z","level":"INFO","fields":{"message":"Concurrency control for download: Current concurrency = 1; predicted bandwidth = 542365; success_ratio = 1.000; reference_size = 61.0MB; observed bytes sent so far = 2442992985; completed transmissions = 67"},"filename":"D:\\a\\xet-core\\xet-core\\xet_client\\src\\cas_client\\adaptive_concurrency\\controller.rs","line_number":602}
{"timestamp":"2026-09-03T19:31:04.412188Z","level":"INFO","fields":{"message":"Concurrency control for download: Current concurrency = 1; predicted bandwidth = 601029; success_ratio = 1.000; reference_size = 61.0MB; observed bytes sent so far = 2448661849; completed transmissions = 67"},"filename":"D:\\a\\xet-core\\xet-core\\xet_client\\src\\cas_client\\adaptive_concurrency\\controller.rs","line_number":602}
{"timestamp":"2026-09-03T19:31:14.675970Z","level":"INFO","fields":{"message":"Concurrency control for download: Current concurrency = 1; predicted bandwidth = 648428; success_ratio = 1.000; reference_size = 61.0MB; observed bytes sent so far = 2454199641; completed transmissions = 67"},"filename":"D:\\a\\xet-core\\xet-core\\xet_client\\src\\cas_client\\adaptive_concurrency\\controller.rs","line_number":602}
{"timestamp":"2026-09-03T19:31:24.802523Z","level":"INFO","fields":{"message":"Concurrency control for download: Current concurrency = 1; predicted bandwidth = 613576; success_ratio = 1.000; reference_size = 61.0MB; observed bytes sent so far = 2460327257; completed transmissions = 67"},"filename":"D:\\a\\xet-core\\xet-core\\xet_client\\src\\cas_client\\adaptive_concurrency\\controller.rs","line_number":602}
{"timestamp":"2026-09-03T19:31:26.568895Z","level":"INFO","fields":{"message":"Retry strategy","retry":"RetryWrapper { max_attempts: 5, base_delay: 3s, max_duration: 360s, no_retry_on_429: false, retry_on_403: true, expected_416: false, expected_404: false, log_errors_as_info: false, api_tag: \"s3::get_range\", has_connection_permit: true }"},"filename":"D:\\a\\xet-core\\xet-core\\xet_client\\src\\cas_client\\retry_wrapper.rs","line_number":274}
{"timestamp":"2026-09-03T19:31:26.635198Z","level":"INFO","fields":{"message":"Received CAS response","request_id":"01M1MC2CANH03J51D0E22JQKQQ","status_code":206},"filename":"D:\\a\\xet-core\\xet-core\\xet_client\\src\\common\\http_client.rs","line_number":288}
{"timestamp":"2026-09-03T19:31:26.635216Z","level":"INFO","fields":{"message":"Request Success: s3::get_range api call succeeded (request id 01M1MC2CANH03J51D0E22JQKQQ)."},"filename":"D:\\a\\xet-core\\xet-core\\xet_client\\src\\cas_client\\retry_wrapper.rs","line_number":237}
{"timestamp":"2026-09-03T19:31:34.916278Z","level":"INFO","fields":{"message":"Concurrency control for download: Current concurrency = 1; predicted bandwidth = 537790; success_ratio = 1.000; reference_size = 61.0MB; observed bytes sent so far = 2466645309; completed transmissions = 68"},"filename":"D:\\a\\xet-core\\xet-core\\xet_client\\src\\cas_client\\adaptive_concurrency\\controller.rs","line_number":602}
{"timestamp":"2026-09-03T19:31:45.100853Z","level":"INFO","fields":{"message":"Concurrency control for download: Current concurrency = 1; predicted bandwidth = 566752; success_ratio = 1.000; reference_size = 61.0MB; observed bytes sent so far = 2472887613; completed transmissions = 68"},"filename":"D:\\a\\xet-core\\xet-core\\xet_client\\src\\cas_client\\adaptive_concurrency\\controller.rs","line_number":602}
{"timestamp":"2026-09-03T19:31:55.117176Z","level":"INFO","fields":{"message":"Concurrency control for download: Current concurrency = 1; predicted bandwidth = 615264; success_ratio = 1.000; reference_size = 61.0MB; observed bytes sent so far = 2479670589; completed transmissions = 68"},"filename":"D:\\a\\xet-core\\xet-core\\xet_client\\src\\cas_client\\adaptive_concurrency\\controller.rs","line_number":602}
{"timestamp":"2026-09-03T19:32:05.174715Z","level":"INFO","fields":{"message":"Concurrency control for download: Current concurrency = 1; predicted bandwidth = 708106; success_ratio = 1.000; reference_size = 61.0MB; observed bytes sent so far = 2486814013; completed transmissions = 68"},"filename":"D:\\a\\xet-core\\xet-core\\xet_client\\src\\cas_client\\adaptive_concurrency\\controller.rs","line_number":602}
{"timestamp":"2026-09-03T19:32:15.237777Z","level":"INFO","fields":{"message":"Concurrency control for download: Current concurrency = 1; predicted bandwidth = 813736; success_ratio = 1.000; reference_size = 61.0MB; observed bytes sent so far = 2492810557; completed transmissions = 68"},"filename":"D:\\a\\xet-core\\xet-core\\xet_client\\src\\cas_client\\adaptive_concurrency\\controller.rs","line_number":602}
{"timestamp":"2026-09-03T19:32:25.247718Z","level":"INFO","fields":{"message":"Concurrency control for download: Current concurrency = 1; predicted bandwidth = 877469; success_ratio = 1.000; reference_size = 61.0MB; observed bytes sent so far = 2497103165; completed transmissions = 68"},"filename":"D:\\a\\xet-core\\xet-core\\xet_client\\src\\cas_client\\adaptive_concurrency\\controller.rs","line_number":602}
{"timestamp":"2026-09-03T19:32:35.505068Z","level":"INFO","fields":{"message":"Concurrency control for download: Current concurrency = 1; predicted bandwidth = 904642; success_ratio = 1.000; reference_size = 61.0MB; observed bytes sent so far = 2502001981; completed transmissions = 68"},"filename":"D:\\a\\xet-core\\xet-core\\xet_client\\src\\cas_client\\adaptive_concurrency\\controller.rs","line_number":602}
{"timestamp":"2026-09-03T19:32:41.568221Z","level":"INFO","fields":{"message":"Retry strategy","retry":"RetryWrapper { max_attempts: 5, base_delay: 3s, max_duration: 360s, no_retry_on_429: false, retry_on_403: true, expected_416: false, expected_404: false, log_errors_as_info: false, api_tag: \"s3::get_range\", has_connection_permit: true }"},"filename":"D:\\a\\xet-core\\xet-core\\xet_client\\src\\cas_client\\retry_wrapper.rs","line_number":274}
{"timestamp":"2026-09-03T19:32:41.643246Z","level":"INFO","fields":{"message":"Received CAS response","request_id":"01M1MC4NJJHP1Q8C9ABRYBBTZP","status_code":206},"filename":"D:\\a\\xet-core\\xet-core\\xet_client\\src\\common\\http_client.rs","line_number":288}
{"timestamp":"2026-09-03T19:32:41.643279Z","level":"INFO","fields":{"message":"Request Success: s3::get_range api call succeeded (request id 01M1MC4NJJHP1Q8C9ABRYBBTZP)."},"filename":"D:\\a\\xet-core\\xet-core\\xet_client\\src\\cas_client\\retry_wrapper.rs","line_number":237}
{"timestamp":"2026-09-03T19:32:45.640204Z","level":"INFO","fields":{"message":"Concurrency control for download: Current concurrency = 1; predicted bandwidth = 635124; success_ratio = 1.000; reference_size = 61.0MB; observed bytes sent so far = 2509248658; completed transmissions = 69"},"filename":"D:\\a\\xet-core\\xet-core\\xet_client\\src\\cas_client\\adaptive_concurrency\\controller.rs","line_number":602}
{"timestamp":"2026-09-03T19:32:55.687789Z","level":"INFO","fields":{"message":"Concurrency control for download: Current concurrency = 1; predicted bandwidth = 665009; success_ratio = 1.000; reference_size = 61.0MB; observed bytes sent so far = 2516867218; completed transmissions = 69"},"filename":"D:\\a\\xet-core\\xet-core\\xet_client\\src\\cas_client\\adaptive_concurrency\\controller.rs","line_number":602}
{"timestamp":"2026-09-03T19:33:05.881052Z","level":"INFO","fields":{"message":"Concurrency control for download: Current concurrency = 1; predicted bandwidth = 689283; success_ratio = 1.000; reference_size = 61.0MB; observed bytes sent so far = 2523093138; completed transmissions = 69"},"filename":"D:\\a\\xet-core\\xet-core\\xet_client\\src\\cas_client\\adaptive_concurrency\\controller.rs","line_number":602}
{"timestamp":"2026-09-03T19:33:16.097867Z","level":"INFO","fields":{"message":"Concurrency control for download: Current concurrency = 1; predicted bandwidth = 700906; success_ratio = 1.000; reference_size = 61.0MB; observed bytes sent so far = 2527811730; completed transmissions = 69"},"filename":"D:\\a\\xet-core\\xet-core\\xet_client\\src\\cas_client\\adaptive_concurrency\\controller.rs","line_number":602}
{"timestamp":"2026-09-03T19:33:26.215182Z","level":"INFO","fields":{"message":"Concurrency control for download: Current concurrency = 1; predicted bandwidth = 673202; success_ratio = 1.000; reference_size = 61.0MB; observed bytes sent so far = 2532776082; completed transmissions = 69"},"filename":"D:\\a\\xet-core\\xet-core\\xet_client\\src\\cas_client\\adaptive_concurrency\\controller.rs","line_number":602}
{"timestamp":"2026-09-03T19:33:36.309302Z","level":"INFO","fields":{"message":"Concurrency control for download: Current concurrency = 1; predicted bandwidth = 635845; success_ratio = 1.000; reference_size = 61.0MB; observed bytes sent so far = 2538051730; completed transmissions = 69"},"filename":"D:\\a\\xet-core\\xet-core\\xet_client\\src\\cas_client\\adaptive_concurrency\\controller.rs","line_number":602}
{"timestamp":"2026-09-03T19:49:59.094907Z","level":"INFO","fields":{"message":"Concurrency control for download: Decreased concurrency from 1 to 1; reason: transfer failed (success_ratio = 1.000, threshold = 0.500)"},"filename":"D:\\a\\xet-core\\xet-core\\xet_client\\src\\cas_client\\adaptive_concurrency\\controller.rs","line_number":586}
{"timestamp":"2026-09-03T19:49:59.094953Z","level":"INFO","fields":{"message":"Concurrency control for download: Current concurrency = 1; predicted bandwidth = 626635; success_ratio = 1.000; reference_size = 61.0MB; observed bytes sent so far = 2542049426; completed transmissions = 70"},"filename":"D:\\a\\xet-core\\xet-core\\xet_client\\src\\cas_client\\adaptive_concurrency\\controller.rs","line_number":602}
{"timestamp":"2026-09-03T19:50:02.876038Z","level":"INFO","fields":{"message":"Received CAS response","request_id":"01M1MD4EDCEWHKR2K2443ZEYAQ","status_code":206},"filename":"D:\\a\\xet-core\\xet-core\\xet_client\\src\\common\\http_client.rs","line_number":288}
{"timestamp":"2026-09-03T19:50:02.876057Z","level":"INFO","fields":{"message":"Request Success: s3::get_range api call succeeded (request id 01M1MD4EDCEWHKR2K2443ZEYAQ, retry 1)."},"filename":"D:\\a\\xet-core\\xet-core\\xet_client\\src\\cas_client\\retry_wrapper.rs","line_number":237}
{"timestamp":"2026-09-03T19:51:11.703679Z","level":"INFO","fields":{"message":"Concurrency control for download: Current concurrency = 1; predicted bandwidth = 624112; success_ratio = 1.000; reference_size = 61.0MB; observed bytes sent so far = 2542226596; completed transmissions = 70"},"filename":"D:\\a\\xet-core\\xet-core\\xet_client\\src\\cas_client\\adaptive_concurrency\\controller.rs","line_number":602}
{"timestamp":"2026-09-03T19:51:21.874346Z","level":"INFO","fields":{"message":"Concurrency control for download: Current concurrency = 1; predicted bandwidth = 591894; success_ratio = 1.000; reference_size = 61.0MB; observed bytes sent so far = 2546830500; completed transmissions = 70"},"filename":"D:\\a\\xet-core\\xet-core\\xet_client\\src\\cas_client\\adaptive_concurrency\\controller.rs","line_number":602}
{"timestamp":"2026-09-03T19:51:31.569095Z","level":"INFO","fields":{"message":"Concurrency control for download: Decreased concurrency from 1 to 1; reason: success ratio below threshold (connection struggling) (success_ratio = 1.000, threshold = 0.500)"},"filename":"D:\\a\\xet-core\\xet-core\\xet_client\\src\\cas_client\\adaptive_concurrency\\controller.rs","line_number":586}
{"timestamp":"2026-09-03T19:51:32.258106Z","level":"INFO","fields":{"message":"Concurrency control for download: Decreased concurrency from 1 to 1; reason: success ratio below threshold (connection struggling) (success_ratio = 1.000, threshold = 0.500)"},"filename":"D:\\a\\xet-core\\xet-core\\xet_client\\src\\cas_client\\adaptive_concurrency\\controller.rs","line_number":586}
{"timestamp":"2026-09-03T19:51:32.258184Z","level":"INFO","fields":{"message":"Concurrency control for download: Current concurrency = 1; predicted bandwidth = 611034; success_ratio = 1.000; reference_size = 61.0MB; observed bytes sent so far = 2549222564; completed transmissions = 70"},"filename":"D:\\a\\xet-core\\xet-core\\xet_client\\src\\cas_client\\adaptive_concurrency\\controller.rs","line_number":602}
{"timestamp":"2026-09-03T19:51:33.254905Z","level":"INFO","fields":{"message":"Concurrency control for download: Decreased concurrency from 1 to 1; reason: success ratio below threshold (connection struggling) (success_ratio = 1.000, threshold = 0.500)"},"filename":"D:\\a\\xet-core\\xet-core\\xet_client\\src\\cas_client\\adaptive_concurrency\\controller.rs","line_number":586}
{"timestamp":"2026-09-03T19:51:34.320897Z","level":"INFO","fields":{"message":"Concurrency control for download: Decreased concurrency from 1 to 1; reason: success ratio below threshold (connection struggling) (success_ratio = 1.000, threshold = 0.500)"},"filename":"D:\\a\\xet-core\\xet-core\\xet_client\\src\\cas_client\\adaptive_concurrency\\controller.rs","line_number":586}
{"timestamp":"2026-09-03T19:51:34.849988Z","level":"INFO","fields":{"message":"Concurrency control for download: Decreased concurrency from 1 to 1; reason: success ratio below threshold (connection struggling) (success_ratio = 1.000, threshold = 0.500)"},"filename":"D:\\a\\xet-core\\xet-core\\xet_client\\src\\cas_client\\adaptive_concurrency\\controller.rs","line_number":586}
{"timestamp":"2026-09-03T19:51:35.552705Z","level":"INFO","fields":{"message":"Concurrency control for download: Decreased concurrency from 1 to 1; reason: success ratio below threshold (connection struggling) (success_ratio = 1.000, threshold = 0.500)"},"filename":"D:\\a\\xet-core\\xet-core\\xet_client\\src\\cas_client\\adaptive_concurrency\\controller.rs","line_number":586}
{"timestamp":"2026-09-03T19:51:36.178636Z","level":"INFO","fields":{"message":"Concurrency control for download: Decreased concurrency from 1 to 1; reason: success ratio below threshold (connection struggling) (success_ratio = 1.000, threshold = 0.500)"},"filename":"D:\\a\\xet-core\\xet-core\\xet_client\\src\\cas_client\\adaptive_concurrency\\controller.rs","line_number":586}
{"timestamp":"2026-09-03T19:51:37.110635Z","level":"INFO","fields":{"message":"Concurrency control for download: Decreased concurrency from 1 to 1; reason: success ratio below threshold (connection struggling) (success_ratio = 1.000, threshold = 0.500)"},"filename":"D:\\a\\xet-core\\xet-core\\xet_client\\src\\cas_client\\adaptive_concurrency\\controller.rs","line_number":586}
{"timestamp":"2026-09-03T19:51:37.834920Z","level":"INFO","fields":{"message":"Concurrency control for download: Decreased concurrency from 1 to 1; reason: success ratio below threshold (connection struggling) (success_ratio = 1.000, threshold = 0.500)"},"filename":"D:\\a\\xet-core\\xet-core\\xet_client\\src\\cas_client\\adaptive_concurrency\\controller.rs","line_number":586}
{"timestamp":"2026-09-03T19:51:38.362540Z","level":"INFO","fields":{"message":"Concurrency control for download: Decreased concurrency from 1 to 1; reason: success ratio below threshold (connection struggling) (success_ratio = 1.000, threshold = 0.500)"},"filename":"D:\\a\\xet-core\\xet-core\\xet_client\\src\\cas_client\\adaptive_concurrency\\controller.rs","line_number":586}
{"timestamp":"2026-09-03T19:51:39.245948Z","level":"INFO","fields":{"message":"Concurrency control for download: Decreased concurrency from 1 to 1; reason: success ratio below threshold (connection struggling) (success_ratio = 1.000, threshold = 0.500)"},"filename":"D:\\a\\xet-core\\xet-core\\xet_client\\src\\cas_client\\adaptive_concurrency\\controller.rs","line_number":586}
{"timestamp":"2026-09-03T19:51:39.838485Z","level":"INFO","fields":{"message":"Concurrency control for download: Decreased concurrency from 1 to 1; reason: success ratio below threshold (connection struggling) (success_ratio = 1.000, threshold = 0.500)"},"filename":"D:\\a\\xet-core\\xet-core\\xet_client\\src\\cas_client\\adaptive_concurrency\\controller.rs","line_number":586}
{"timestamp":"2026-09-03T19:51:40.929747Z","level":"INFO","fields":{"message":"Concurrency control for download: Decreased concurrency from 1 to 1; reason: success ratio below threshold (connection struggling) (success_ratio = 1.000, threshold = 0.500)"},"filename":"D:\\a\\xet-core\\xet-core\\xet_client\\src\\cas_client\\adaptive_concurrency\\controller.rs","line_number":586}
{"timestamp":"2026-09-03T19:51:41.478082Z","level":"INFO","fields":{"message":"Concurrency control for download: Decreased concurrency from 1 to 1; reason: success ratio below threshold (connection struggling) (success_ratio = 1.000, threshold = 0.500)"},"filename":"D:\\a\\xet-core\\xet-core\\xet_client\\src\\cas_client\\adaptive_concurrency\\controller.rs","line_number":586}
{"timestamp":"2026-09-03T19:51:42.097744Z","level":"INFO","fields":{"message":"Concurrency control for download: Decreased concurrency from 1 to 1; reason: success ratio below threshold (connection struggling) (success_ratio = 1.000, threshold = 0.500)"},"filename":"D:\\a\\xet-core\\xet-core\\xet_client\\src\\cas_client\\adaptive_concurrency\\controller.rs","line_number":586}
{"timestamp":"2026-09-03T19:51:42.341143Z","level":"INFO","fields":{"message":"Concurrency control for download: Current concurrency = 1; predicted bandwidth = 657198; success_ratio = 1.000; reference_size = 61.0MB; observed bytes sent so far = 2550647972; completed transmissions = 70"},"filename":"D:\\a\\xet-core\\xet-core\\xet_client\\src\\cas_client\\adaptive_concurrency\\controller.rs","line_number":602}
{"timestamp":"2026-09-03T19:51:42.892120Z","level":"INFO","fields":{"message":"Concurrency control for download: Decreased concurrency from 1 to 1; reason: success ratio below threshold (connection struggling) (success_ratio = 1.000, threshold = 0.500)"},"filename":"D:\\a\\xet-core\\xet-core\\xet_client\\src\\cas_client\\adaptive_concurrency\\controller.rs","line_number":586}
{"timestamp":"2026-09-03T19:51:43.467115Z","level":"INFO","fields":{"message":"Concurrency control for download: Decreased concurrency from 1 to 1; reason: success ratio below threshold (connection struggling) (success_ratio = 1.000, threshold = 0.500)"},"filename":"D:\\a\\xet-core\\xet-core\\xet_client\\src\\cas_client\\adaptive_concurrency\\controller.rs","line_number":586}
{"timestamp":"2026-09-03T19:51:44.090030Z","level":"INFO","fields":{"message":"Concurrency control for download: Decreased concurrency from 1 to 1; reason: success ratio below threshold (connection struggling) (success_ratio = 1.000, threshold = 0.500)"},"filename":"D:\\a\\xet-core\\xet-core\\xet_client\\src\\cas_client\\adaptive_concurrency\\controller.rs","line_number":586}
{"timestamp":"2026-09-03T19:51:44.908341Z","level":"INFO","fields":{"message":"Concurrency control for download: Decreased concurrency from 1 to 1; reason: success ratio below threshold (connection struggling) (success_ratio = 1.000, threshold = 0.500)"},"filename":"D:\\a\\xet-core\\xet-core\\xet_client\\src\\cas_client\\adaptive_concurrency\\controller.rs","line_number":586}
{"timestamp":"2026-09-03T19:51:45.482908Z","level":"INFO","fields":{"message":"Concurrency control for download: Decreased concurrency from 1 to 1; reason: success ratio below threshold (connection struggling) (success_ratio = 1.000, threshold = 0.500)"},"filename":"D:\\a\\xet-core\\xet-core\\xet_client\\src\\cas_client\\adaptive_concurrency\\controller.rs","line_number":586}
{"timestamp":"2026-09-03T19:51:46.167912Z","level":"INFO","fields":{"message":"Concurrency control for download: Decreased concurrency from 1 to 1; reason: success ratio below threshold (connection struggling) (success_ratio = 1.000, threshold = 0.500)"},"filename":"D:\\a\\xet-core\\xet-core\\xet_client\\src\\cas_client\\adaptive_concurrency\\controller.rs","line_number":586}
{"timestamp":"2026-09-03T19:51:46.806913Z","level":"INFO","fields":{"message":"Concurrency control for download: Decreased concurrency from 1 to 1; reason: success ratio below threshold (connection struggling) (success_ratio = 1.000, threshold = 0.500)"},"filename":"D:\\a\\xet-core\\xet-core\\xet_client\\src\\cas_client\\adaptive_concurrency\\controller.rs","line_number":586}
{"timestamp":"2026-09-03T19:51:47.510487Z","level":"INFO","fields":{"message":"Concurrency control for download: Decreased concurrency from 1 to 1; reason: success ratio below threshold (connection struggling) (success_ratio = 1.000, threshold = 0.500)"},"filename":"D:\\a\\xet-core\\xet-core\\xet_client\\src\\cas_client\\adaptive_concurrency\\controller.rs","line_number":586}
{"timestamp":"2026-09-03T19:51:48.121667Z","level":"INFO","fields":{"message":"Concurrency control for download: Decreased concurrency from 1 to 1; reason: success ratio below threshold (connection struggling) (success_ratio = 1.000, threshold = 0.500)"},"filename":"D:\\a\\xet-core\\xet-core\\xet_client\\src\\cas_client\\adaptive_concurrency\\controller.rs","line_number":586}
{"timestamp":"2026-09-03T19:51:48.901136Z","level":"INFO","fields":{"message":"Concurrency control for download: Decreased concurrency from 1 to 1; reason: success ratio below threshold (connection struggling) (success_ratio = 1.000, threshold = 0.500)"},"filename":"D:\\a\\xet-core\\xet-core\\xet_client\\src\\cas_client\\adaptive_concurrency\\controller.rs","line_number":586}
{"timestamp":"2026-09-03T19:51:49.510116Z","level":"INFO","fields":{"message":"Concurrency control for download: Decreased concurrency from 1 to 1; reason: success ratio below threshold (connection struggling) (success_ratio = 1.000, threshold = 0.500)"},"filename":"D:\\a\\xet-core\\xet-core\\xet_client\\src\\cas_client\\adaptive_concurrency\\controller.rs","line_number":586}
{"timestamp":"2026-09-03T19:51:50.287218Z","level":"INFO","fields":{"message":"Concurrency control for download: Decreased concurrency from 1 to 1; reason: success ratio below threshold (connection struggling) (success_ratio = 1.000, threshold = 0.500)"},"filename":"D:\\a\\xet-core\\xet-core\\xet_client\\src\\cas_client\\adaptive_concurrency\\controller.rs","line_number":586}
{"timestamp":"2026-09-03T19:51:50.951450Z","level":"INFO","fields":{"message":"Concurrency control for download: Decreased concurrency from 1 to 1; reason: success ratio below threshold (connection struggling) (success_ratio = 1.000, threshold = 0.500)"},"filename":"D:\\a\\xet-core\\xet-core\\xet_client\\src\\cas_client\\adaptive_concurrency\\controller.rs","line_number":586}
{"timestamp":"2026-09-03T19:51:52.267158Z","level":"INFO","fields":{"message":"Concurrency control for download: Decreased concurrency from 1 to 1; reason: success ratio below threshold (connection struggling) (success_ratio = 1.000, threshold = 0.500)"},"filename":"D:\\a\\xet-core\\xet-core\\xet_client\\src\\cas_client\\adaptive_concurrency\\controller.rs","line_number":586}
{"timestamp":"2026-09-03T19:51:52.708559Z","level":"INFO","fields":{"message":"Concurrency control for download: Current concurrency = 1; predicted bandwidth = 722855; success_ratio = 1.000; reference_size = 61.0MB; observed bytes sent so far = 2551418020; completed transmissions = 70"},"filename":"D:\\a\\xet-core\\xet-core\\xet_client\\src\\cas_client\\adaptive_concurrency\\controller.rs","line_number":602}
{"timestamp":"2026-09-03T19:51:53.224256Z","level":"INFO","fields":{"message":"Concurrency control for download: Decreased concurrency from 1 to 1; reason: success ratio below threshold (connection struggling) (success_ratio = 1.000, threshold = 0.500)"},"filename":"D:\\a\\xet-core\\xet-core\\xet_client\\src\\cas_client\\adaptive_concurrency\\controller.rs","line_number":586}
{"timestamp":"2026-09-03T19:51:54.141374Z","level":"INFO","fields":{"message":"Concurrency control for download: Decreased concurrency from 1 to 1; reason: success ratio below threshold (connection struggling) (success_ratio = 1.000, threshold = 0.500)"},"filename":"D:\\a\\xet-core\\xet-core\\xet_client\\src\\cas_client\\adaptive_concurrency\\controller.rs","line_number":586}
{"timestamp":"2026-09-03T19:51:54.751374Z","level":"INFO","fields":{"message":"Concurrency control for download: Decreased concurrency from 1 to 1; reason: success ratio below threshold (connection struggling) (success_ratio = 1.000, threshold = 0.500)"},"filename":"D:\\a\\xet-core\\xet-core\\xet_client\\src\\cas_client\\adaptive_concurrency\\controller.rs","line_number":586}
{"timestamp":"2026-09-03T19:51:55.382077Z","level":"INFO","fields":{"message":"Concurrency control for download: Decreased concurrency from 1 to 1; reason: success ratio below threshold (connection struggling) (success_ratio = 1.000, threshold = 0.500)"},"filename":"D:\\a\\xet-core\\xet-core\\xet_client\\src\\cas_client\\adaptive_concurrency\\controller.rs","line_number":586}
{"timestamp":"2026-09-03T19:51:55.782357Z","level":"INFO","fields":{"message":"Retry strategy","retry":"RetryWrapper { max_attempts: 5, base_delay: 3s, max_duration: 360s, no_retry_on_429: false, retry_on_403: true, expected_416: false, expected_404: false, log_errors_as_info: false, api_tag: \"s3::get_range\", has_connection_permit: true }"},"filename":"D:\\a\\xet-core\\xet-core\\xet_client\\src\\cas_client\\retry_wrapper.rs","line_number":274}
{"timestamp":"2026-09-03T19:51:55.884955Z","level":"INFO","fields":{"message":"Received CAS response","request_id":"01M1MD7WR70AFWQZBKE3QD4M7Q","status_code":206},"filename":"D:\\a\\xet-core\\xet-core\\xet_client\\src\\common\\http_client.rs","line_number":288}
{"timestamp":"2026-09-03T19:51:55.884995Z","level":"INFO","fields":{"message":"Request Success: s3::get_range api call succeeded (request id 01M1MD7WR70AFWQZBKE3QD4M7Q)."},"filename":"D:\\a\\xet-core\\xet-core\\xet_client\\src\\cas_client\\retry_wrapper.rs","line_number":237}
{"timestamp":"2026-09-03T19:52:02.868653Z","level":"INFO","fields":{"message":"Concurrency control for download: Current concurrency = 1; predicted bandwidth = 1824798; success_ratio = 1.000; reference_size = 61.0MB; observed bytes sent so far = 2551930139; completed transmissions = 71"},"filename":"D:\\a\\xet-core\\xet-core\\xet_client\\src\\cas_client\\adaptive_concurrency\\controller.rs","line_number":602}
{"timestamp":"2026-09-03T19:52:12.966875Z","level":"INFO","fields":{"message":"Concurrency control for download: Current concurrency = 1; predicted bandwidth = 390039; success_ratio = 1.000; reference_size = 61.0MB; observed bytes sent so far = 2554436891; completed transmissions = 71"},"filename":"D:\\a\\xet-core\\xet-core\\xet_client\\src\\cas_client\\adaptive_concurrency\\controller.rs","line_number":602}
{"timestamp":"2026-09-03T19:52:23.247189Z","level":"INFO","fields":{"message":"Concurrency control for download: Current concurrency = 1; predicted bandwidth = 348885; success_ratio = 1.000; reference_size = 61.0MB; observed bytes sent so far = 2561809691; completed transmissions = 71"},"filename":"D:\\a\\xet-core\\xet-core\\xet_client\\src\\cas_client\\adaptive_concurrency\\controller.rs","line_number":602}
{"timestamp":"2026-09-03T19:52:33.444035Z","level":"INFO","fields":{"message":"Concurrency control for download: Current concurrency = 1; predicted bandwidth = 371772; success_ratio = 1.000; reference_size = 61.0MB; observed bytes sent so far = 2567642395; completed transmissions = 71"},"filename":"D:\\a\\xet-core\\xet-core\\xet_client\\src\\cas_client\\adaptive_concurrency\\controller.rs","line_number":602}
{"timestamp":"2026-09-03T19:52:43.709820Z","level":"INFO","fields":{"message":"Concurrency control for download: Current concurrency = 1; predicted bandwidth = 378161; success_ratio = 1.000; reference_size = 61.0MB; observed bytes sent so far = 2569755931; completed transmissions = 71"},"filename":"D:\\a\\xet-core\\xet-core\\xet_client\\src\\cas_client\\adaptive_concurrency\\controller.rs","line_number":602}
{"timestamp":"2026-09-03T19:52:53.730162Z","level":"INFO","fields":{"message":"Concurrency control for download: Current concurrency = 1; predicted bandwidth = 364171; success_ratio = 1.000; reference_size = 61.0MB; observed bytes sent so far = 2572573979; completed transmissions = 71"},"filename":"D:\\a\\xet-core\\xet-core\\xet_client\\src\\cas_client\\adaptive_concurrency\\controller.rs","line_number":602}
{"timestamp":"2026-09-03T19:53:03.730763Z","level":"INFO","fields":{"message":"Concurrency control for download: Current concurrency = 1; predicted bandwidth = 366157; success_ratio = 1.000; reference_size = 61.0MB; observed bytes sent so far = 2579815707; completed transmissions = 71"},"filename":"D:\\a\\xet-core\\xet-core\\xet_client\\src\\cas_client\\adaptive_concurrency\\controller.rs","line_number":602}
{"timestamp":"2026-09-03T19:53:13.789949Z","level":"INFO","fields":{"message":"Concurrency control for download: Current concurrency = 1; predicted bandwidth = 386765; success_ratio = 1.000; reference_size = 61.0MB; observed bytes sent so far = 2585550107; completed transmissions = 71"},"filename":"D:\\a\\xet-core\\xet-core\\xet_client\\src\\cas_client\\adaptive_concurrency\\controller.rs","line_number":602}
{"timestamp":"2026-09-03T19:53:24.054976Z","level":"INFO","fields":{"message":"Concurrency control for download: Current concurrency = 1; predicted bandwidth = 395254; success_ratio = 1.000; reference_size = 61.0MB; observed bytes sent so far = 2591300891; completed transmissions = 71"},"filename":"D:\\a\\xet-core\\xet-core\\xet_client\\src\\cas_client\\adaptive_concurrency\\controller.rs","line_number":602}
{"timestamp":"2026-09-03T19:53:25.944529Z","level":"INFO","fields":{"message":"Concurrency control for download: Decreased concurrency from 1 to 1; reason: success ratio below threshold (connection struggling) (success_ratio = 1.000, threshold = 0.500)"},"filename":"D:\\a\\xet-core\\xet-core\\xet_client\\src\\cas_client\\adaptive_concurrency\\controller.rs","line_number":586}
{"timestamp":"2026-09-03T19:53:26.464583Z","level":"INFO","fields":{"message":"Concurrency control for download: Decreased concurrency from 1 to 1; reason: success ratio below threshold (connection struggling) (success_ratio = 1.000, threshold = 0.500)"},"filename":"D:\\a\\xet-core\\xet-core\\xet_client\\src\\cas_client\\adaptive_concurrency\\controller.rs","line_number":586}
{"timestamp":"2026-09-03T19:53:27.054800Z","level":"INFO","fields":{"message":"Concurrency control for download: Decreased concurrency from 1 to 1; reason: success ratio below threshold (connection struggling) (success_ratio = 1.000, threshold = 0.500)"},"filename":"D:\\a\\xet-core\\xet-core\\xet_client\\src\\cas_client\\adaptive_concurrency\\controller.rs","line_number":586}
{"timestamp":"2026-09-03T19:53:27.739016Z","level":"INFO","fields":{"message":"Concurrency control for download: Decreased concurrency from 1 to 1; reason: success ratio below threshold (connection struggling) (success_ratio = 1.000, threshold = 0.500)"},"filename":"D:\\a\\xet-core\\xet-core\\xet_client\\src\\cas_client\\adaptive_concurrency\\controller.rs","line_number":586}
{"timestamp":"2026-09-03T19:53:28.274825Z","level":"INFO","fields":{"message":"Concurrency control for download: Decreased concurrency from 1 to 1; reason: success ratio below threshold (connection struggling) (success_ratio = 1.000, threshold = 0.500)"},"filename":"D:\\a\\xet-core\\xet-core\\xet_client\\src\\cas_client\\adaptive_concurrency\\controller.rs","line_number":586}
{"timestamp":"2026-09-03T19:53:28.933031Z","level":"INFO","fields":{"message":"Concurrency control for download: Decreased concurrency from 1 to 1; reason: success ratio below threshold (connection struggling) (success_ratio = 1.000, threshold = 0.500)"},"filename":"D:\\a\\xet-core\\xet-core\\xet_client\\src\\cas_client\\adaptive_concurrency\\controller.rs","line_number":586}
{"timestamp":"2026-09-03T19:53:29.582506Z","level":"INFO","fields":{"message":"Concurrency control for download: Decreased concurrency from 1 to 1; reason: success ratio below threshold (connection struggling) (success_ratio = 1.000, threshold = 0.500)"},"filename":"D:\\a\\xet-core\\xet-core\\xet_client\\src\\cas_client\\adaptive_concurrency\\controller.rs","line_number":586}
{"timestamp":"2026-09-03T19:53:30.256147Z","level":"INFO","fields":{"message":"Concurrency control for download: Decreased concurrency from 1 to 1; reason: success ratio below threshold (connection struggling) (success_ratio = 1.000, threshold = 0.500)"},"filename":"D:\\a\\xet-core\\xet-core\\xet_client\\src\\cas_client\\adaptive_concurrency\\controller.rs","line_number":586}
{"timestamp":"2026-09-03T19:53:30.865659Z","level":"INFO","fields":{"message":"Concurrency control for download: Decreased concurrency from 1 to 1; reason: success ratio below threshold (connection struggling) (success_ratio = 1.000, threshold = 0.500)"},"filename":"D:\\a\\xet-core\\xet-core\\xet_client\\src\\cas_client\\adaptive_concurrency\\controller.rs","line_number":586}
{"timestamp":"2026-09-03T19:53:31.381291Z","level":"INFO","fields":{"message":"Concurrency control for download: Decreased concurrency from 1 to 1; reason: success ratio below threshold (connection struggling) (success_ratio = 1.000, threshold = 0.500)"},"filename":"D:\\a\\xet-core\\xet-core\\xet_client\\src\\cas_client\\adaptive_concurrency\\controller.rs","line_number":586}
{"timestamp":"2026-09-03T19:53:32.074930Z","level":"INFO","fields":{"message":"Concurrency control for download: Decreased concurrency from 1 to 1; reason: success ratio below threshold (connection struggling) (success_ratio = 1.000, threshold = 0.500)"},"filename":"D:\\a\\xet-core\\xet-core\\xet_client\\src\\cas_client\\adaptive_concurrency\\controller.rs","line_number":586}
{"timestamp":"2026-09-03T19:53:32.779964Z","level":"INFO","fields":{"message":"Concurrency control for download: Decreased concurrency from 1 to 1; reason: success ratio below threshold (connection struggling) (success_ratio = 1.000, threshold = 0.500)"},"filename":"D:\\a\\xet-core\\xet-core\\xet_client\\src\\cas_client\\adaptive_concurrency\\controller.rs","line_number":586}
{"timestamp":"2026-09-03T19:53:33.427105Z","level":"INFO","fields":{"message":"Concurrency control for download: Decreased concurrency from 1 to 1; reason: success ratio below threshold (connection struggling) (success_ratio = 1.000, threshold = 0.500)"},"filename":"D:\\a\\xet-core\\xet-core\\xet_client\\src\\cas_client\\adaptive_concurrency\\controller.rs","line_number":586}
{"timestamp":"2026-09-03T19:53:33.973080Z","level":"INFO","fields":{"message":"Concurrency control for download: Decreased concurrency from 1 to 1; reason: success ratio below threshold (connection struggling) (success_ratio = 1.000, threshold = 0.500)"},"filename":"D:\\a\\xet-core\\xet-core\\xet_client\\src\\cas_client\\adaptive_concurrency\\controller.rs","line_number":586}
{"timestamp":"2026-09-03T19:53:34.247648Z","level":"INFO","fields":{"message":"Concurrency control for download: Current concurrency = 1; predicted bandwidth = 387309; success_ratio = 1.000; reference_size = 61.0MB; observed bytes sent so far = 2594577691; completed transmissions = 71"},"filename":"D:\\a\\xet-core\\xet-core\\xet_client\\src\\cas_client\\adaptive_concurrency\\controller.rs","line_number":602}
{"timestamp":"2026-09-03T19:53:34.508583Z","level":"INFO","fields":{"message":"Concurrency control for download: Decreased concurrency from 1 to 1; reason: success ratio below threshold (connection struggling) (success_ratio = 1.000, threshold = 0.500)"},"filename":"D:\\a\\xet-core\\xet-core\\xet_client\\src\\cas_client\\adaptive_concurrency\\controller.rs","line_number":586}
{"timestamp":"2026-09-03T19:53:35.237082Z","level":"INFO","fields":{"message":"Concurrency control for download: Decreased concurrency from 1 to 1; reason: success ratio below threshold (connection struggling) (success_ratio = 1.000, threshold = 0.500)"},"filename":"D:\\a\\xet-core\\xet-core\\xet_client\\src\\cas_client\\adaptive_concurrency\\controller.rs","line_number":586}
{"timestamp":"2026-09-03T19:53:35.864798Z","level":"INFO","fields":{"message":"Concurrency control for download: Decreased concurrency from 1 to 1; reason: success ratio below threshold (connection struggling) (success_ratio = 1.000, threshold = 0.500)"},"filename":"D:\\a\\xet-core\\xet-core\\xet_client\\src\\cas_client\\adaptive_concurrency\\controller.rs","line_number":586}
{"timestamp":"2026-09-03T19:53:36.525371Z","level":"INFO","fields":{"message":"Concurrency control for download: Decreased concurrency from 1 to 1; reason: success ratio below threshold (connection struggling) (success_ratio = 1.000, threshold = 0.500)"},"filename":"D:\\a\\xet-core\\xet-core\\xet_client\\src\\cas_client\\adaptive_concurrency\\controller.rs","line_number":586}
{"timestamp":"2026-09-03T19:53:36.846286Z","level":"INFO","fields":{"message":"Retry strategy","retry":"RetryWrapper { max_attempts: 5, base_delay: 3s, max_duration: 360s, no_retry_on_429: false, retry_on_403: true, expected_416: false, expected_404: false, log_errors_as_info: false, api_tag: \"s3::get_range\", has_connection_permit: true }"},"filename":"D:\\a\\xet-core\\xet-core\\xet_client\\src\\cas_client\\retry_wrapper.rs","line_number":274}
{"timestamp":"2026-09-03T19:53:36.920029Z","level":"INFO","fields":{"message":"Received CAS response","request_id":"01M1MDAZE1TZD3K86CMH0C97MP","status_code":206},"filename":"D:\\a\\xet-core\\xet-core\\xet_client\\src\\common\\http_client.rs","line_number":288}
{"timestamp":"2026-09-03T19:53:36.920050Z","level":"INFO","fields":{"message":"Request Success: s3::get_range api call succeeded (request id 01M1MDAZE1TZD3K86CMH0C97MP)."},"filename":"D:\\a\\xet-core\\xet-core\\xet_client\\src\\cas_client\\retry_wrapper.rs","line_number":237}
{"timestamp":"2026-09-03T19:53:44.319340Z","level":"INFO","fields":{"message":"Concurrency control for download: Current concurrency = 1; predicted bandwidth = 475323; success_ratio = 1.000; reference_size = 61.0MB; observed bytes sent so far = 2603326138; completed transmissions = 72"},"filename":"D:\\a\\xet-core\\xet-core\\xet_client\\src\\cas_client\\adaptive_concurrency\\controller.rs","line_number":602}
{"timestamp":"2026-09-03T19:53:54.632316Z","level":"INFO","fields":{"message":"Concurrency control for download: Current concurrency = 1; predicted bandwidth = 639954; success_ratio = 1.000; reference_size = 61.0MB; observed bytes sent so far = 2611894970; completed transmissions = 72"},"filename":"D:\\a\\xet-core\\xet-core\\xet_client\\src\\cas_client\\adaptive_concurrency\\controller.rs","line_number":602}
{"timestamp":"2026-09-03T19:54:04.652845Z","level":"INFO","fields":{"message":"Concurrency control for download: Current concurrency = 1; predicted bandwidth = 1070190; success_ratio = 1.000; reference_size = 61.0MB; observed bytes sent so far = 2620332730; completed transmissions = 72"},"filename":"D:\\a\\xet-core\\xet-core\\xet_client\\src\\cas_client\\adaptive_concurrency\\controller.rs","line_number":602}
{"timestamp":"2026-09-03T19:54:14.866595Z","level":"INFO","fields":{"message":"Concurrency control for download: Current concurrency = 1; predicted bandwidth = 2037043; success_ratio = 1.000; reference_size = 61.0MB; observed bytes sent so far = 2625575610; completed transmissions = 72"},"filename":"D:\\a\\xet-core\\xet-core\\xet_client\\src\\cas_client\\adaptive_concurrency\\controller.rs","line_number":602}
{"timestamp":"2026-09-03T19:54:25.379830Z","level":"INFO","fields":{"message":"Concurrency control for download: Current concurrency = 1; predicted bandwidth = 3681662; success_ratio = 1.000; reference_size = 61.0MB; observed bytes sent so far = 2628360890; completed transmissions = 72"},"filename":"D:\\a\\xet-core\\xet-core\\xet_client\\src\\cas_client\\adaptive_concurrency\\controller.rs","line_number":602}
{"timestamp":"2026-09-03T19:54:35.601112Z","level":"INFO","fields":{"message":"Concurrency control for download: Current concurrency = 1; predicted bandwidth = 4891127; success_ratio = 1.000; reference_size = 61.0MB; observed bytes sent so far = 2629573306; completed transmissions = 72"},"filename":"D:\\a\\xet-core\\xet-core\\xet_client\\src\\cas_client\\adaptive_concurrency\\controller.rs","line_number":602}
{"timestamp":"2026-09-03T19:54:45.829402Z","level":"INFO","fields":{"message":"Concurrency control for download: Current concurrency = 1; predicted bandwidth = 5048184; success_ratio = 1.000; reference_size = 61.0MB; observed bytes sent so far = 2630212282; completed transmissions = 72"},"filename":"D:\\a\\xet-core\\xet-core\\xet_client\\src\\cas_client\\adaptive_concurrency\\controller.rs","line_number":602}
{"timestamp":"2026-09-03T19:54:55.975186Z","level":"INFO","fields":{"message":"Concurrency control for download: Current concurrency = 1; predicted bandwidth = 3324277; success_ratio = 1.000; reference_size = 61.0MB; observed bytes sent so far = 2633800378; completed transmissions = 72"},"filename":"D:\\a\\xet-core\\xet-core\\xet_client\\src\\cas_client\\adaptive_concurrency\\controller.rs","line_number":602}
{"timestamp":"2026-09-03T19:55:06.031535Z","level":"INFO","fields":{"message":"Concurrency control for download: Current concurrency = 1; predicted bandwidth = 3232445; success_ratio = 1.000; reference_size = 61.0MB; observed bytes sent so far = 2638699194; completed transmissions = 72"},"filename":"D:\\a\\xet-core\\xet-core\\xet_client\\src\\cas_client\\adaptive_concurrency\\controller.rs","line_number":602}
{"timestamp":"2026-09-03T19:55:06.926068Z","level":"INFO","fields":{"message":"Concurrency control for download: Decreased concurrency from 1 to 1; reason: success ratio below threshold (connection struggling) (success_ratio = 1.000, threshold = 0.500)"},"filename":"D:\\a\\xet-core\\xet-core\\xet_client\\src\\cas_client\\adaptive_concurrency\\controller.rs","line_number":586}
{"timestamp":"2026-09-03T19:55:07.542276Z","level":"INFO","fields":{"message":"Concurrency control for download: Decreased concurrency from 1 to 1; reason: success ratio below threshold (connection struggling) (success_ratio = 1.000, threshold = 0.500)"},"filename":"D:\\a\\xet-core\\xet-core\\xet_client\\src\\cas_client\\adaptive_concurrency\\controller.rs","line_number":586}
{"timestamp":"2026-09-03T19:55:08.186789Z","level":"INFO","fields":{"message":"Concurrency control for download: Decreased concurrency from 1 to 1; reason: success ratio below threshold (connection struggling) (success_ratio = 1.000, threshold = 0.500)"},"filename":"D:\\a\\xet-core\\xet-core\\xet_client\\src\\cas_client\\adaptive_concurrency\\controller.rs","line_number":586}
{"timestamp":"2026-09-03T19:55:08.817022Z","level":"INFO","fields":{"message":"Concurrency control for download: Decreased concurrency from 1 to 1; reason: success ratio below threshold (connection struggling) (success_ratio = 1.000, threshold = 0.500)"},"filename":"D:\\a\\xet-core\\xet-core\\xet_client\\src\\cas_client\\adaptive_concurrency\\controller.rs","line_number":586}
{"timestamp":"2026-09-03T19:55:09.561849Z","level":"INFO","fields":{"message":"Concurrency control for download: Decreased concurrency from 1 to 1; reason: success ratio below threshold (connection struggling) (success_ratio = 1.000, threshold = 0.500)"},"filename":"D:\\a\\xet-core\\xet-core\\xet_client\\src\\cas_client\\adaptive_concurrency\\controller.rs","line_number":586}
{"timestamp":"2026-09-03T19:55:10.107132Z","level":"INFO","fields":{"message":"Concurrency control for download: Decreased concurrency from 1 to 1; reason: success ratio below threshold (connection struggling) (success_ratio = 1.000, threshold = 0.500)"},"filename":"D:\\a\\xet-core\\xet-core\\xet_client\\src\\cas_client\\adaptive_concurrency\\controller.rs","line_number":586}
{"timestamp":"2026-09-03T19:55:10.723625Z","level":"INFO","fields":{"message":"Concurrency control for download: Decreased concurrency from 1 to 1; reason: success ratio below threshold (connection struggling) (success_ratio = 1.000, threshold = 0.500)"},"filename":"D:\\a\\xet-core\\xet-core\\xet_client\\src\\cas_client\\adaptive_concurrency\\controller.rs","line_number":586}
{"timestamp":"2026-09-03T19:55:11.773812Z","level":"INFO","fields":{"message":"Concurrency control for download: Decreased concurrency from 1 to 1; reason: success ratio below threshold (connection struggling) (success_ratio = 1.000, threshold = 0.500)"},"filename":"D:\\a\\xet-core\\xet-core\\xet_client\\src\\cas_client\\adaptive_concurrency\\controller.rs","line_number":586}
{"timestamp":"2026-09-03T19:55:12.527766Z","level":"INFO","fields":{"message":"Concurrency control for download: Decreased concurrency from 1 to 1; reason: success ratio below threshold (connection struggling) (success_ratio = 1.000, threshold = 0.500)"},"filename":"D:\\a\\xet-core\\xet-core\\xet_client\\src\\cas_client\\adaptive_concurrency\\controller.rs","line_number":586}
{"timestamp":"2026-09-03T19:55:13.121148Z","level":"INFO","fields":{"message":"Concurrency control for download: Decreased concurrency from 1 to 1; reason: success ratio below threshold (connection struggling) (success_ratio = 1.000, threshold = 0.500)"},"filename":"D:\\a\\xet-core\\xet-core\\xet_client\\src\\cas_client\\adaptive_concurrency\\controller.rs","line_number":586}
{"timestamp":"2026-09-03T19:55:13.121438Z","level":"INFO","fields":{"message":"Retry strategy","retry":"RetryWrapper { max_attempts: 5, base_delay: 3s, max_duration: 360s, no_retry_on_429: false, retry_on_403: true, expected_416: false, expected_404: false, log_errors_as_info: false, api_tag: \"s3::get_range\", has_connection_permit: true }"},"filename":"D:\\a\\xet-core\\xet-core\\xet_client\\src\\cas_client\\retry_wrapper.rs","line_number":274}
{"timestamp":"2026-09-03T19:55:13.194460Z","level":"INFO","fields":{"message":"Received CAS response","request_id":"01M1MDDXESVR6RQM2W934FBTPM","status_code":206},"filename":"D:\\a\\xet-core\\xet-core\\xet_client\\src\\common\\http_client.rs","line_number":288}
{"timestamp":"2026-09-03T19:55:13.194478Z","level":"INFO","fields":{"message":"Request Success: s3::get_range api call succeeded (request id 01M1MDDXESVR6RQM2W934FBTPM)."},"filename":"D:\\a\\xet-core\\xet-core\\xet_client\\src\\cas_client\\retry_wrapper.rs","line_number":237}
{"timestamp":"2026-09-03T19:55:16.037181Z","level":"INFO","fields":{"message":"Concurrency control for download: Current concurrency = 1; predicted bandwidth = 630431; success_ratio = 1.000; reference_size = 61.0MB; observed bytes sent so far = 2643096789; completed transmissions = 73"},"filename":"D:\\a\\xet-core\\xet-core\\xet_client\\src\\cas_client\\adaptive_concurrency\\controller.rs","line_number":602}
{"timestamp":"2026-09-03T19:55:26.144420Z","level":"INFO","fields":{"message":"Concurrency control for download: Current concurrency = 1; predicted bandwidth = 525309; success_ratio = 1.000; reference_size = 61.0MB; observed bytes sent so far = 2649306325; completed transmissions = 73"},"filename":"D:\\a\\xet-core\\xet-core\\xet_client\\src\\cas_client\\adaptive_concurrency\\controller.rs","line_number":602}
{"timestamp":"2026-09-03T19:55:36.379250Z","level":"INFO","fields":{"message":"Concurrency control for download: Current concurrency = 1; predicted bandwidth = 571349; success_ratio = 1.000; reference_size = 61.0MB; observed bytes sent so far = 2655745237; completed transmissions = 73"},"filename":"D:\\a\\xet-core\\xet-core\\xet_client\\src\\cas_client\\adaptive_concurrency\\controller.rs","line_number":602}
{"timestamp":"2026-09-03T19:55:46.452138Z","level":"INFO","fields":{"message":"Concurrency control for download: Current concurrency = 1; predicted bandwidth = 563664; success_ratio = 1.000; reference_size = 61.0MB; observed bytes sent so far = 2657842389; completed transmissions = 73"},"filename":"D:\\a\\xet-core\\xet-core\\xet_client\\src\\cas_client\\adaptive_concurrency\\controller.rs","line_number":602}
{"timestamp":"2026-09-03T19:55:56.782536Z","level":"INFO","fields":{"message":"Concurrency control for download: Current concurrency = 1; predicted bandwidth = 584609; success_ratio = 1.000; reference_size = 61.0MB; observed bytes sent so far = 2665084117; completed transmissions = 73"},"filename":"D:\\a\\xet-core\\xet-core\\xet_client\\src\\cas_client\\adaptive_concurrency\\controller.rs","line_number":602}
{"timestamp":"2026-09-03T19:56:06.842226Z","level":"INFO","fields":{"message":"Concurrency control for download: Current concurrency = 1; predicted bandwidth = 644922; success_ratio = 1.000; reference_size = 61.0MB; observed bytes sent so far = 2671244501; completed transmissions = 73"},"filename":"D:\\a\\xet-core\\xet-core\\xet_client\\src\\cas_client\\adaptive_concurrency\\controller.rs","line_number":602}
{"timestamp":"2026-09-03T19:56:16.957352Z","level":"INFO","fields":{"message":"Concurrency control for download: Current concurrency = 1; predicted bandwidth = 781146; success_ratio = 1.000; reference_size = 61.0MB; observed bytes sent so far = 2679108821; completed transmissions = 73"},"filename":"D:\\a\\xet-core\\xet-core\\xet_client\\src\\cas_client\\adaptive_concurrency\\controller.rs","line_number":602}
{"timestamp":"2026-09-03T19:56:27.200097Z","level":"INFO","fields":{"message":"Concurrency control for download: Current concurrency = 1; predicted bandwidth = 473858; success_ratio = 1.000; reference_size = 61.0MB; observed bytes sent so far = 2686546741; completed transmissions = 74"},"filename":"D:\\a\\xet-core\\xet-core\\xet_client\\src\\cas_client\\adaptive_concurrency\\controller.rs","line_number":602}
{"timestamp":"2026-09-03T19:56:27.200291Z","level":"INFO","fields":{"message":"Retry strategy","retry":"RetryWrapper { max_attempts: 5, base_delay: 3s, max_duration: 360s, no_retry_on_429: false, retry_on_403: true, expected_416: false, expected_404: false, log_errors_as_info: false, api_tag: \"s3::get_range\", has_connection_permit: true }"},"filename":"D:\\a\\xet-core\\xet-core\\xet_client\\src\\cas_client\\retry_wrapper.rs","line_number":274}
{"timestamp":"2026-09-03T19:56:27.264810Z","level":"INFO","fields":{"message":"Received CAS response","request_id":"01M1MDG5SMF525NRFG8Q5VT0MC","status_code":206},"filename":"D:\\a\\xet-core\\xet-core\\xet_client\\src\\common\\http_client.rs","line_number":288}
{"timestamp":"2026-09-03T19:56:27.264862Z","level":"INFO","fields":{"message":"Request Success: s3::get_range api call succeeded (request id 01M1MDG5SMF525NRFG8Q5VT0MC)."},"filename":"D:\\a\\xet-core\\xet-core\\xet_client\\src\\cas_client\\retry_wrapper.rs","line_number":237}
{"timestamp":"2026-09-03T19:56:37.444070Z","level":"INFO","fields":{"message":"Concurrency control for download: Current concurrency = 1; predicted bandwidth = 537243; success_ratio = 1.000; reference_size = 61.0MB; observed bytes sent so far = 2690476301; completed transmissions = 74"},"filename":"D:\\a\\xet-core\\xet-core\\xet_client\\src\\cas_client\\adaptive_concurrency\\controller.rs","line_number":602}
{"timestamp":"2026-09-03T19:56:47.474149Z","level":"INFO","fields":{"message":"Concurrency control for download: Current concurrency = 1; predicted bandwidth = 488613; success_ratio = 1.000; reference_size = 61.0MB; observed bytes sent so far = 2693523725; completed transmissions = 74"},"filename":"D:\\a\\xet-core\\xet-core\\xet_client\\src\\cas_client\\adaptive_concurrency\\controller.rs","line_number":602}
{"timestamp":"2026-09-03T19:56:57.519348Z","level":"INFO","fields":{"message":"Concurrency control for download: Current concurrency = 1; predicted bandwidth = 443952; success_ratio = 1.000; reference_size = 61.0MB; observed bytes sent so far = 2701142285; completed transmissions = 74"},"filename":"D:\\a\\xet-core\\xet-core\\xet_client\\src\\cas_client\\adaptive_concurrency\\controller.rs","line_number":602}
{"timestamp":"2026-09-03T19:57:07.637447Z","level":"INFO","fields":{"message":"Concurrency control for download: Current concurrency = 1; predicted bandwidth = 442816; success_ratio = 1.000; reference_size = 61.0MB; observed bytes sent so far = 2706876685; completed transmissions = 74"},"filename":"D:\\a\\xet-core\\xet-core\\xet_client\\src\\cas_client\\adaptive_concurrency\\controller.rs","line_number":602}
{"timestamp":"2026-09-03T19:57:17.889168Z","level":"INFO","fields":{"message":"Concurrency control for download: Current concurrency = 1; predicted bandwidth = 428050; success_ratio = 1.000; reference_size = 61.0MB; observed bytes sent so far = 2709907725; completed transmissions = 74"},"filename":"D:\\a\\xet-core\\xet-core\\xet_client\\src\\cas_client\\adaptive_concurrency\\controller.rs","line_number":602}
{"timestamp":"2026-09-03T19:57:27.913066Z","level":"INFO","fields":{"message":"Concurrency control for download: Current concurrency = 1; predicted bandwidth = 383134; success_ratio = 1.000; reference_size = 61.0MB; observed bytes sent so far = 2714118413; completed transmissions = 74"},"filename":"D:\\a\\xet-core\\xet-core\\xet_client\\src\\cas_client\\adaptive_concurrency\\controller.rs","line_number":602}
{"timestamp":"2026-09-03T19:57:37.950555Z","level":"INFO","fields":{"message":"Concurrency control for download: Current concurrency = 1; predicted bandwidth = 343556; success_ratio = 1.000; reference_size = 61.0MB; observed bytes sent so far = 2719705357; completed transmissions = 74"},"filename":"D:\\a\\xet-core\\xet-core\\xet_client\\src\\cas_client\\adaptive_concurrency\\controller.rs","line_number":602}
{"timestamp":"2026-09-03T19:57:48.120496Z","level":"INFO","fields":{"message":"Concurrency control for download: Current concurrency = 1; predicted bandwidth = 328844; success_ratio = 1.000; reference_size = 61.0MB; observed bytes sent so far = 2726242573; completed transmissions = 74"},"filename":"D:\\a\\xet-core\\xet-core\\xet_client\\src\\cas_client\\adaptive_concurrency\\controller.rs","line_number":602}
{"timestamp":"2026-09-03T19:57:54.405778Z","level":"INFO","fields":{"message":"Retry strategy","retry":"RetryWrapper { max_attempts: 5, base_delay: 3s, max_duration: 360s, no_retry_on_429: false, retry_on_403: true, expected_416: false, expected_404: false, log_errors_as_info: false, api_tag: \"s3::get_range\", has_connection_permit: true }"},"filename":"D:\\a\\xet-core\\xet-core\\xet_client\\src\\cas_client\\retry_wrapper.rs","line_number":274}
{"timestamp":"2026-09-03T19:57:54.484864Z","level":"INFO","fields":{"message":"Received CAS response","request_id":"01M1MDJTZAX116XSNBNEQPEEG0","status_code":206},"filename":"D:\\a\\xet-core\\xet-core\\xet_client\\src\\common\\http_client.rs","line_number":288}
{"timestamp":"2026-09-03T19:57:54.484893Z","level":"INFO","fields":{"message":"Request Success: s3::get_range api call succeeded (request id 01M1MDJTZAX116XSNBNEQPEEG0)."},"filename":"D:\\a\\xet-core\\xet-core\\xet_client\\src\\cas_client\\retry_wrapper.rs","line_number":237}
{"timestamp":"2026-09-03T19:57:58.278949Z","level":"INFO","fields":{"message":"Concurrency control for download: Current concurrency = 1; predicted bandwidth = 475059; success_ratio = 1.000; reference_size = 61.0MB; observed bytes sent so far = 2734721902; completed transmissions = 75"},"filename":"D:\\a\\xet-core\\xet-core\\xet_client\\src\\cas_client\\adaptive_concurrency\\controller.rs","line_number":602}
{"timestamp":"2026-09-03T19:58:08.279765Z","level":"INFO","fields":{"message":"Concurrency control for download: Current concurrency = 1; predicted bandwidth = 611032; success_ratio = 1.000; reference_size = 61.0MB; observed bytes sent so far = 2743503726; completed transmissions = 75"},"filename":"D:\\a\\xet-core\\xet-core\\xet_client\\src\\cas_client\\adaptive_concurrency\\controller.rs","line_number":602}
{"timestamp":"2026-09-03T19:58:18.445489Z","level":"INFO","fields":{"message":"Concurrency control for download: Current concurrency = 1; predicted bandwidth = 934989; success_ratio = 1.000; reference_size = 61.0MB; observed bytes sent so far = 2753727342; completed transmissions = 75"},"filename":"D:\\a\\xet-core\\xet-core\\xet_client\\src\\cas_client\\adaptive_concurrency\\controller.rs","line_number":602}
{"timestamp":"2026-09-03T19:58:28.542673Z","level":"INFO","fields":{"message":"Concurrency control for download: Current concurrency = 1; predicted bandwidth = 1867898; success_ratio = 1.000; reference_size = 61.0MB; observed bytes sent so far = 2761886574; completed transmissions = 75"},"filename":"D:\\a\\xet-core\\xet-core\\xet_client\\src\\cas_client\\adaptive_concurrency\\controller.rs","line_number":602}
{"timestamp":"2026-09-03T19:58:38.603656Z","level":"INFO","fields":{"message":"Concurrency control for download: Current concurrency = 1; predicted bandwidth = 37616355; success_ratio = 1.000; reference_size = 61.0MB; observed bytes sent so far = 2771553134; completed transmissions = 75"},"filename":"D:\\a\\xet-core\\xet-core\\xet_client\\src\\cas_client\\adaptive_concurrency\\controller.rs","line_number":602}
{"timestamp":"2026-09-03T19:58:44.513689Z","level":"INFO","fields":{"message":"Retry strategy","retry":"RetryWrapper { max_attempts: 5, base_delay: 3s, max_duration: 360s, no_retry_on_429: false, retry_on_403: true, expected_416: false, expected_404: false, log_errors_as_info: false, api_tag: \"s3::get_range\", has_connection_permit: true }"},"filename":"D:\\a\\xet-core\\xet-core\\xet_client\\src\\cas_client\\retry_wrapper.rs","line_number":274}
{"timestamp":"2026-09-03T19:58:44.594065Z","level":"INFO","fields":{"message":"Received CAS response","request_id":"01M1MDMBX21F9K6N335G1T2TK3","status_code":206},"filename":"D:\\a\\xet-core\\xet-core\\xet_client\\src\\common\\http_client.rs","line_number":288}
{"timestamp":"2026-09-03T19:58:44.594109Z","level":"INFO","fields":{"message":"Request Success: s3::get_range api call succeeded (request id 01M1MDMBX21F9K6N335G1T2TK3)."},"filename":"D:\\a\\xet-core\\xet-core\\xet_client\\src\\cas_client\\retry_wrapper.rs","line_number":237}
{"timestamp":"2026-09-03T19:58:48.634695Z","level":"INFO","fields":{"message":"Concurrency control for download: Current concurrency = 1; predicted bandwidth = 871047; success_ratio = 1.000; reference_size = 61.0MB; observed bytes sent so far = 2780143154; completed transmissions = 76"},"filename":"D:\\a\\xet-core\\xet-core\\xet_client\\src\\cas_client\\adaptive_concurrency\\controller.rs","line_number":602}
{"timestamp":"2026-09-03T19:58:58.842627Z","level":"INFO","fields":{"message":"Concurrency control for download: Current concurrency = 1; predicted bandwidth = 873950; success_ratio = 1.000; reference_size = 61.0MB; observed bytes sent so far = 2789465650; completed transmissions = 76"},"filename":"D:\\a\\xet-core\\xet-core\\xet_client\\src\\cas_client\\adaptive_concurrency\\controller.rs","line_number":602}
{"timestamp":"2026-09-03T19:59:08.869643Z","level":"INFO","fields":{"message":"Concurrency control for download: Current concurrency = 1; predicted bandwidth = 898648; success_ratio = 1.000; reference_size = 61.0MB; observed bytes sent so far = 2798280242; completed transmissions = 76"},"filename":"D:\\a\\xet-core\\xet-core\\xet_client\\src\\cas_client\\adaptive_concurrency\\controller.rs","line_number":602}
{"timestamp":"2026-09-03T19:59:18.991626Z","level":"INFO","fields":{"message":"Concurrency control for download: Current concurrency = 1; predicted bandwidth = 950210; success_ratio = 1.000; reference_size = 61.0MB; observed bytes sent so far = 2807438898; completed transmissions = 76"},"filename":"D:\\a\\xet-core\\xet-core\\xet_client\\src\\cas_client\\adaptive_concurrency\\controller.rs","line_number":602}
{"timestamp":"2026-09-03T19:59:29.148023Z","level":"INFO","fields":{"message":"Concurrency control for download: Current concurrency = 1; predicted bandwidth = 995211; success_ratio = 1.000; reference_size = 61.0MB; observed bytes sent so far = 2816335410; completed transmissions = 76"},"filename":"D:\\a\\xet-core\\xet-core\\xet_client\\src\\cas_client\\adaptive_concurrency\\controller.rs","line_number":602}
{"timestamp":"2026-09-03T19:59:34.083627Z","level":"INFO","fields":{"message":"Retry strategy","retry":"RetryWrapper { max_attempts: 5, base_delay: 3s, max_duration: 360s, no_retry_on_429: false, retry_on_403: true, expected_416: false, expected_404: false, log_errors_as_info: false, api_tag: \"s3::get_range\", has_connection_permit: true }"},"filename":"D:\\a\\xet-core\\xet-core\\xet_client\\src\\cas_client\\retry_wrapper.rs","line_number":274}
{"timestamp":"2026-09-03T19:59:34.179916Z","level":"INFO","fields":{"message":"Received CAS response","request_id":"01M1MDNWAKJWCNM9ESFBZM45XJ","status_code":206},"filename":"D:\\a\\xet-core\\xet-core\\xet_client\\src\\common\\http_client.rs","line_number":288}
{"timestamp":"2026-09-03T19:59:34.179939Z","level":"INFO","fields":{"message":"Request Success: s3::get_range api call succeeded (request id 01M1MDNWAKJWCNM9ESFBZM45XJ)."},"filename":"D:\\a\\xet-core\\xet-core\\xet_client\\src\\cas_client\\retry_wrapper.rs","line_number":237}
{"timestamp":"2026-09-03T19:59:39.322746Z","level":"INFO","fields":{"message":"Concurrency control for download: Current concurrency = 1; predicted bandwidth = 883805; success_ratio = 1.000; reference_size = 61.0MB; observed bytes sent so far = 2824644639; completed transmissions = 77"},"filename":"D:\\a\\xet-core\\xet-core\\xet_client\\src\\cas_client\\adaptive_concurrency\\controller.rs","line_number":602}
{"timestamp":"2026-09-03T19:59:49.440519Z","level":"INFO","fields":{"message":"Concurrency control for download: Current concurrency = 1; predicted bandwidth = 781149; success_ratio = 1.000; reference_size = 61.0MB; observed bytes sent so far = 2830034975; completed transmissions = 77"},"filename":"D:\\a\\xet-core\\xet-core\\xet_client\\src\\cas_client\\adaptive_concurrency\\controller.rs","line_number":602}
{"timestamp":"2026-09-03T19:59:59.626916Z","level":"INFO","fields":{"message":"Concurrency control for download: Current concurrency = 1; predicted bandwidth = 673032; success_ratio = 1.000; reference_size = 61.0MB; observed bytes sent so far = 2836015135; completed transmissions = 77"},"filename":"D:\\a\\xet-core\\xet-core\\xet_client\\src\\cas_client\\adaptive_concurrency\\controller.rs","line_number":602}
{"timestamp":"2026-09-03T20:00:09.636751Z","level":"INFO","fields":{"message":"Concurrency control for download: Current concurrency = 1; predicted bandwidth = 585308; success_ratio = 1.000; reference_size = 61.0MB; observed bytes sent so far = 2840160287; completed transmissions = 77"},"filename":"D:\\a\\xet-core\\xet-core\\xet_client\\src\\cas_client\\adaptive_concurrency\\controller.rs","line_number":602}
{"timestamp":"2026-09-03T20:00:19.751810Z","level":"INFO","fields":{"message":"Concurrency control for download: Current concurrency = 1; predicted bandwidth = 517034; success_ratio = 1.000; reference_size = 61.0MB; observed bytes sent so far = 2842617887; completed transmissions = 77"},"filename":"D:\\a\\xet-core\\xet-core\\xet_client\\src\\cas_client\\adaptive_concurrency\\controller.rs","line_number":602}
{"timestamp":"2026-09-03T20:00:29.900724Z","level":"INFO","fields":{"message":"Concurrency control for download: Current concurrency = 1; predicted bandwidth = 421413; success_ratio = 1.000; reference_size = 61.0MB; observed bytes sent so far = 2845075487; completed transmissions = 77"},"filename":"D:\\a\\xet-core\\xet-core\\xet_client\\src\\cas_client\\adaptive_concurrency\\controller.rs","line_number":602}
{"timestamp":"2026-09-03T20:00:39.922186Z","level":"INFO","fields":{"message":"Concurrency control for download: Current concurrency = 1; predicted bandwidth = 296230; success_ratio = 1.000; reference_size = 61.0MB; observed bytes sent so far = 2850318367; completed transmissions = 77"},"filename":"D:\\a\\xet-core\\xet-core\\xet_client\\src\\cas_client\\adaptive_concurrency\\controller.rs","line_number":602}
{"timestamp":"2026-09-03T20:00:50.029814Z","level":"INFO","fields":{"message":"Concurrency control for download: Current concurrency = 1; predicted bandwidth = 256218; success_ratio = 1.000; reference_size = 61.0MB; observed bytes sent so far = 2853709855; completed transmissions = 77"},"filename":"D:\\a\\xet-core\\xet-core\\xet_client\\src\\cas_client\\adaptive_concurrency\\controller.rs","line_number":602}
{"timestamp":"2026-09-03T20:01:00.146626Z","level":"INFO","fields":{"message":"Concurrency control for download: Current concurrency = 1; predicted bandwidth = 218901; success_ratio = 1.000; reference_size = 61.0MB; observed bytes sent so far = 2860099615; completed transmissions = 77"},"filename":"D:\\a\\xet-core\\xet-core\\xet_client\\src\\cas_client\\adaptive_concurrency\\controller.rs","line_number":602}
{"timestamp":"2026-09-03T20:01:04.084175Z","level":"INFO","fields":{"message":"Concurrency control for download: Decreased concurrency from 1 to 1; reason: success ratio below threshold (connection struggling) (success_ratio = 1.000, threshold = 0.500)"},"filename":"D:\\a\\xet-core\\xet-core\\xet_client\\src\\cas_client\\adaptive_concurrency\\controller.rs","line_number":586}
{"timestamp":"2026-09-03T20:01:04.812280Z","level":"INFO","fields":{"message":"Concurrency control for download: Decreased concurrency from 1 to 1; reason: success ratio below threshold (connection struggling) (success_ratio = 1.000, threshold = 0.500)"},"filename":"D:\\a\\xet-core\\xet-core\\xet_client\\src\\cas_client\\adaptive_concurrency\\controller.rs","line_number":586}
{"timestamp":"2026-09-03T20:01:05.497226Z","level":"INFO","fields":{"message":"Concurrency control for download: Decreased concurrency from 1 to 1; reason: success ratio below threshold (connection struggling) (success_ratio = 1.000, threshold = 0.500)"},"filename":"D:\\a\\xet-core\\xet-core\\xet_client\\src\\cas_client\\adaptive_concurrency\\controller.rs","line_number":586}
{"timestamp":"2026-09-03T20:01:06.287004Z","level":"INFO","fields":{"message":"Concurrency control for download: Decreased concurrency from 1 to 1; reason: success ratio below threshold (connection struggling) (success_ratio = 1.000, threshold = 0.500)"},"filename":"D:\\a\\xet-core\\xet-core\\xet_client\\src\\cas_client\\adaptive_concurrency\\controller.rs","line_number":586}
{"timestamp":"2026-09-03T20:01:07.034494Z","level":"INFO","fields":{"message":"Concurrency control for download: Decreased concurrency from 1 to 1; reason: success ratio below threshold (connection struggling) (success_ratio = 1.000, threshold = 0.500)"},"filename":"D:\\a\\xet-core\\xet-core\\xet_client\\src\\cas_client\\adaptive_concurrency\\controller.rs","line_number":586}
{"timestamp":"2026-09-03T20:01:07.180722Z","level":"INFO","fields":{"message":"Retry strategy","retry":"RetryWrapper { max_attempts: 5, base_delay: 3s, max_duration: 360s, no_retry_on_429: false, retry_on_403: true, expected_416: false, expected_404: false, log_errors_as_info: false, api_tag: \"s3::get_range\", has_connection_permit: true }"},"filename":"D:\\a\\xet-core\\xet-core\\xet_client\\src\\cas_client\\retry_wrapper.rs","line_number":274}
{"timestamp":"2026-09-03T20:01:07.250970Z","level":"INFO","fields":{"message":"Received CAS response","request_id":"01M1MDRQ71TVGZ0DCYBV22HT60","status_code":206},"filename":"D:\\a\\xet-core\\xet-core\\xet_client\\src\\common\\http_client.rs","line_number":288}
{"timestamp":"2026-09-03T20:01:07.250995Z","level":"INFO","fields":{"message":"Request Success: s3::get_range api call succeeded (request id 01M1MDRQ71TVGZ0DCYBV22HT60)."},"filename":"D:\\a\\xet-core\\xet-core\\xet_client\\src\\cas_client\\retry_wrapper.rs","line_number":237}
{"timestamp":"2026-09-03T20:01:10.324327Z","level":"INFO","fields":{"message":"Concurrency control for download: Current concurrency = 1; predicted bandwidth = 442280; success_ratio = 1.000; reference_size = 61.0MB; observed bytes sent so far = 2868444394; completed transmissions = 78"},"filename":"D:\\a\\xet-core\\xet-core\\xet_client\\src\\cas_client\\adaptive_concurrency\\controller.rs","line_number":602}
{"timestamp":"2026-09-03T20:01:20.458797Z","level":"INFO","fields":{"message":"Concurrency control for download: Current concurrency = 1; predicted bandwidth = 529550; success_ratio = 1.000; reference_size = 61.0MB; observed bytes sent so far = 2875718890; completed transmissions = 78"},"filename":"D:\\a\\xet-core\\xet-core\\xet_client\\src\\cas_client\\adaptive_concurrency\\controller.rs","line_number":602}
{"timestamp":"2026-09-03T20:01:30.639397Z","level":"INFO","fields":{"message":"Concurrency control for download: Current concurrency = 1; predicted bandwidth = 633069; success_ratio = 1.000; reference_size = 61.0MB; observed bytes sent so far = 2882551018; completed transmissions = 78"},"filename":"D:\\a\\xet-core\\xet-core\\xet_client\\src\\cas_client\\adaptive_concurrency\\controller.rs","line_number":602}
{"timestamp":"2026-09-03T20:01:40.667339Z","level":"INFO","fields":{"message":"Concurrency control for download: Current concurrency = 1; predicted bandwidth = 673014; success_ratio = 1.000; reference_size = 61.0MB; observed bytes sent so far = 2885762282; completed transmissions = 78"},"filename":"D:\\a\\xet-core\\xet-core\\xet_client\\src\\cas_client\\adaptive_concurrency\\controller.rs","line_number":602}
{"timestamp":"2026-09-03T20:01:50.849114Z","level":"INFO","fields":{"message":"Concurrency control for download: Current concurrency = 1; predicted bandwidth = 699192; success_ratio = 1.000; reference_size = 61.0MB; observed bytes sent so far = 2889727210; completed transmissions = 78"},"filename":"D:\\a\\xet-core\\xet-core\\xet_client\\src\\cas_client\\adaptive_concurrency\\controller.rs","line_number":602}
{"timestamp":"2026-09-03T20:02:01.060957Z","level":"INFO","fields":{"message":"Concurrency control for download: Current concurrency = 1; predicted bandwidth = 721413; success_ratio = 1.000; reference_size = 61.0MB; observed bytes sent so far = 2894036202; completed transmissions = 78"},"filename":"D:\\a\\xet-core\\xet-core\\xet_client\\src\\cas_client\\adaptive_concurrency\\controller.rs","line_number":602}
{"timestamp":"2026-09-03T20:02:11.162515Z","level":"INFO","fields":{"message":"Concurrency control for download: Current concurrency = 1; predicted bandwidth = 693686; success_ratio = 1.000; reference_size = 61.0MB; observed bytes sent so far = 2898427114; completed transmissions = 78"},"filename":"D:\\a\\xet-core\\xet-core\\xet_client\\src\\cas_client\\adaptive_concurrency\\controller.rs","line_number":602}
{"timestamp":"2026-09-03T20:02:21.303089Z","level":"INFO","fields":{"message":"Concurrency control for download: Current concurrency = 1; predicted bandwidth = 716992; success_ratio = 1.000; reference_size = 61.0MB; observed bytes sent so far = 2907110634; completed transmissions = 78"},"filename":"D:\\a\\xet-core\\xet-core\\xet_client\\src\\cas_client\\adaptive_concurrency\\controller.rs","line_number":602}
{"timestamp":"2026-09-03T20:02:27.447901Z","level":"INFO","fields":{"message":"Retry strategy","retry":"RetryWrapper { max_attempts: 5, base_delay: 3s, max_duration: 360s, no_retry_on_429: false, retry_on_403: true, expected_416: false, expected_404: false, log_errors_as_info: false, api_tag: \"s3::get_range\", has_connection_permit: true }"},"filename":"D:\\a\\xet-core\\xet-core\\xet_client\\src\\cas_client\\retry_wrapper.rs","line_number":274}
{"timestamp":"2026-09-03T20:02:27.624421Z","level":"INFO","fields":{"message":"Received CAS response","request_id":"01M1MDV5KEPQN7PZD4WCPJCGV7","status_code":206},"filename":"D:\\a\\xet-core\\xet-core\\xet_client\\src\\common\\http_client.rs","line_number":288}
{"timestamp":"2026-09-03T20:02:27.624542Z","level":"INFO","fields":{"message":"Request Success: s3::get_range api call succeeded (request id 01M1MDV5KEPQN7PZD4WCPJCGV7)."},"filename":"D:\\a\\xet-core\\xet-core\\xet_client\\src\\cas_client\\retry_wrapper.rs","line_number":237}
{"timestamp":"2026-09-03T20:02:31.328398Z","level":"INFO","fields":{"message":"Concurrency control for download: Current concurrency = 1; predicted bandwidth = 525650; success_ratio = 1.000; reference_size = 61.0MB; observed bytes sent so far = 2913376876; completed transmissions = 79"},"filename":"D:\\a\\xet-core\\xet-core\\xet_client\\src\\cas_client\\adaptive_concurrency\\controller.rs","line_number":602}
{"timestamp":"2026-09-03T20:02:41.493743Z","level":"INFO","fields":{"message":"Concurrency control for download: Current concurrency = 1; predicted bandwidth = 573049; success_ratio = 1.000; reference_size = 61.0MB; observed bytes sent so far = 2920045164; completed transmissions = 79"},"filename":"D:\\a\\xet-core\\xet-core\\xet_client\\src\\cas_client\\adaptive_concurrency\\controller.rs","line_number":602}
{"timestamp":"2026-09-03T20:02:51.597286Z","level":"INFO","fields":{"message":"Concurrency control for download: Current concurrency = 1; predicted bandwidth = 651569; success_ratio = 1.000; reference_size = 61.0MB; observed bytes sent so far = 2928597612; completed transmissions = 79"},"filename":"D:\\a\\xet-core\\xet-core\\xet_client\\src\\cas_client\\adaptive_concurrency\\controller.rs","line_number":602}
{"timestamp":"2026-09-03T20:03:01.783443Z","level":"INFO","fields":{"message":"Concurrency control for download: Current concurrency = 1; predicted bandwidth = 848813; success_ratio = 1.000; reference_size = 61.0MB; observed bytes sent so far = 2937641580; completed transmissions = 79"},"filename":"D:\\a\\xet-core\\xet-core\\xet_client\\src\\cas_client\\adaptive_concurrency\\controller.rs","line_number":602}
{"timestamp":"2026-09-03T20:03:11.989488Z","level":"INFO","fields":{"message":"Concurrency control for download: Current concurrency = 1; predicted bandwidth = 1288206; success_ratio = 1.000; reference_size = 61.0MB; observed bytes sent so far = 2946669164; completed transmissions = 79"},"filename":"D:\\a\\xet-core\\xet-core\\xet_client\\src\\cas_client\\adaptive_concurrency\\controller.rs","line_number":602}
{"timestamp":"2026-09-03T20:03:22.196421Z","level":"INFO","fields":{"message":"Concurrency control for download: Current concurrency = 1; predicted bandwidth = 1399589; success_ratio = 1.000; reference_size = 61.0MB; observed bytes sent so far = 2955598444; completed transmissions = 79"},"filename":"D:\\a\\xet-core\\xet-core\\xet_client\\src\\cas_client\\adaptive_concurrency\\controller.rs","line_number":602}
{"timestamp":"2026-09-03T20:03:22.718426Z","level":"INFO","fields":{"message":"Retry strategy","retry":"RetryWrapper { max_attempts: 5, base_delay: 3s, max_duration: 360s, no_retry_on_429: false, retry_on_403: true, expected_416: false, expected_404: false, log_errors_as_info: false, api_tag: \"s3::get_range\", has_connection_permit: true }"},"filename":"D:\\a\\xet-core\\xet-core\\xet_client\\src\\cas_client\\retry_wrapper.rs","line_number":274}
{"timestamp":"2026-09-03T20:03:22.777890Z","level":"INFO","fields":{"message":"Received CAS response","request_id":"01M1MDWVJMK9H1B0JGP5Q161HV","status_code":206},"filename":"D:\\a\\xet-core\\xet-core\\xet_client\\src\\common\\http_client.rs","line_number":288}
{"timestamp":"2026-09-03T20:03:22.777926Z","level":"INFO","fields":{"message":"Request Success: s3::get_range api call succeeded (request id 01M1MDWVJMK9H1B0JGP5Q161HV)."},"filename":"D:\\a\\xet-core\\xet-core\\xet_client\\src\\cas_client\\retry_wrapper.rs","line_number":237}
{"timestamp":"2026-09-03T20:03:32.234793Z","level":"INFO","fields":{"message":"Concurrency control for download: Current concurrency = 1; predicted bandwidth = 728639; success_ratio = 1.000; reference_size = 61.0MB; observed bytes sent so far = 2962603949; completed transmissions = 80"},"filename":"D:\\a\\xet-core\\xet-core\\xet_client\\src\\cas_client\\adaptive_concurrency\\controller.rs","line_number":602}
{"timestamp":"2026-09-03T20:03:42.425779Z","level":"INFO","fields":{"message":"Concurrency control for download: Current concurrency = 1; predicted bandwidth = 735963; success_ratio = 1.000; reference_size = 61.0MB; observed bytes sent so far = 2971205549; completed transmissions = 80"},"filename":"D:\\a\\xet-core\\xet-core\\xet_client\\src\\cas_client\\adaptive_concurrency\\controller.rs","line_number":602}
{"timestamp":"2026-09-03T20:03:52.502856Z","level":"INFO","fields":{"message":"Concurrency control for download: Current concurrency = 1; predicted bandwidth = 740855; success_ratio = 1.000; reference_size = 61.0MB; observed bytes sent so far = 2977185709; completed transmissions = 80"},"filename":"D:\\a\\xet-core\\xet-core\\xet_client\\src\\cas_client\\adaptive_concurrency\\controller.rs","line_number":602}
{"timestamp":"2026-09-03T20:04:02.683110Z","level":"INFO","fields":{"message":"Concurrency control for download: Current concurrency = 1; predicted bandwidth = 686902; success_ratio = 1.000; reference_size = 61.0MB; observed bytes sent so far = 2979856301; completed transmissions = 80"},"filename":"D:\\a\\xet-core\\xet-core\\xet_client\\src\\cas_client\\adaptive_concurrency\\controller.rs","line_number":602}
{"timestamp":"2026-09-03T20:04:12.887968Z","level":"INFO","fields":{"message":"Concurrency control for download: Current concurrency = 1; predicted bandwidth = 550063; success_ratio = 1.000; reference_size = 61.0MB; observed bytes sent so far = 2985590701; completed transmissions = 80"},"filename":"D:\\a\\xet-core\\xet-core\\xet_client\\src\\cas_client\\adaptive_concurrency\\controller.rs","line_number":602}
{"timestamp":"2026-09-03T20:04:22.952590Z","level":"INFO","fields":{"message":"Concurrency control for download: Current concurrency = 1; predicted bandwidth = 470166; success_ratio = 1.000; reference_size = 61.0MB; observed bytes sent so far = 2992553901; completed transmissions = 80"},"filename":"D:\\a\\xet-core\\xet-core\\xet_client\\src\\cas_client\\adaptive_concurrency\\controller.rs","line_number":602}
{"timestamp":"2026-09-03T20:04:33.128047Z","level":"INFO","fields":{"message":"Concurrency control for download: Current concurrency = 1; predicted bandwidth = 457215; success_ratio = 1.000; reference_size = 61.0MB; observed bytes sent so far = 2997206957; completed transmissions = 80"},"filename":"D:\\a\\xet-core\\xet-core\\xet_client\\src\\cas_client\\adaptive_concurrency\\controller.rs","line_number":602}
{"timestamp":"2026-09-03T20:04:39.858792Z","level":"INFO","fields":{"message":"Retry strategy","retry":"RetryWrapper { max_attempts: 5, base_delay: 3s, max_duration: 360s, no_retry_on_429: false, retry_on_403: true, expected_416: false, expected_404: false, log_errors_as_info: false, api_tag: \"s3::get_range\", has_connection_permit: true }"},"filename":"D:\\a\\xet-core\\xet-core\\xet_client\\src\\cas_client\\retry_wrapper.rs","line_number":274}
{"timestamp":"2026-09-03T20:04:39.917684Z","level":"INFO","fields":{"message":"Received CAS response","request_id":"01M1MDZ6XFJG821AD0YCG534W7","status_code":403},"filename":"D:\\a\\xet-core\\xet-core\\xet_client\\src\\common\\http_client.rs","line_number":288}
{"timestamp":"2026-09-03T20:04:39.918416Z","level":"INFO","fields":{"message":"Refreshing expired retrieval URLs","file_hash":"668d1dbd1c38b39126b615cb826f7ff27ed48ad80734a07d82902f3ffccef4bf","byte_range":"(1024000000, 2271064456)","url_count":19},"filename":"D:\\a\\xet-core\\xet-core\\xet_data\\src\\file_reconstruction\\reconstruction_terms\\retrieval_urls.rs","line_number":91}
{"timestamp":"2026-09-03T20:04:39.918440Z","level":"INFO","fields":{"message":"Starting get_reconstruction API call","call_id":16,"file_id":"668d1dbd1c38b39126b615cb826f7ff27ed48ad80734a07d82902f3ffccef4bf","bytes_range":"Some(Range { start: 1024000000, end: 2271064456 })","api_version":"v2"},"filename":"D:\\a\\xet-core\\xet-core\\xet_client\\src\\cas_client\\remote_client.rs","line_number":214}
{"timestamp":"2026-09-03T20:04:39.918447Z","level":"INFO","fields":{"message":"Retry strategy","retry":"RetryWrapper { max_attempts: 5, base_delay: 3s, max_duration: 360s, no_retry_on_429: false, retry_on_403: false, expected_416: true, expected_404: false, log_errors_as_info: false, api_tag: \"cas::get_reconstruction_v2\", has_connection_permit: false }"},"filename":"D:\\a\\xet-core\\xet-core\\xet_client\\src\\cas_client\\retry_wrapper.rs","line_number":274}
{"timestamp":"2026-09-03T20:04:39.918898Z","level":"INFO","fields":{"message":"Retry strategy","retry":"RetryWrapper { max_attempts: 5, base_delay: 3s, max_duration: 360s, no_retry_on_429: false, retry_on_403: false, expected_416: false, expected_404: false, log_errors_as_info: false, api_tag: \"xet-token\", has_connection_permit: false }"},"filename":"D:\\a\\xet-core\\xet-core\\xet_client\\src\\cas_client\\retry_wrapper.rs","line_number":274}
{"timestamp":"2026-09-03T20:04:40.205494Z","level":"INFO","fields":{"message":"Received CAS response","request_id":"Root=1-6a99d2d8-3ec319cd5513dfb9618f8f76","status_code":200},"filename":"D:\\a\\xet-core\\xet-core\\xet_client\\src\\common\\http_client.rs","line_number":288}
{"timestamp":"2026-09-03T20:04:40.205527Z","level":"INFO","fields":{"message":"Request Success: xet-token api call succeeded (request id Root=1-6a99d2d8-3ec319cd5513dfb9618f8f76)."},"filename":"D:\\a\\xet-core\\xet-core\\xet_client\\src\\cas_client\\retry_wrapper.rs","line_number":237}
{"timestamp":"2026-09-03T20:04:40.205566Z","level":"INFO","fields":{"message":"Token refreshed","new_expiry":1788466780},"filename":"D:\\a\\xet-core\\xet-core\\xet_client\\src\\cas_client\\auth.rs","line_number":208}
{"timestamp":"2026-09-03T20:04:40.999246Z","level":"INFO","fields":{"message":"Received CAS response","request_id":"01M1MDZ7N2Q6QKXM1WD7K0845G","status_code":200},"filename":"D:\\a\\xet-core\\xet-core\\xet_client\\src\\common\\http_client.rs","line_number":288}
{"timestamp":"2026-09-03T20:04:40.999281Z","level":"INFO","fields":{"message":"Request Success: cas::get_reconstruction_v2 api call succeeded (request id 01M1MDZ7N2Q6QKXM1WD7K0845G)."},"filename":"D:\\a\\xet-core\\xet-core\\xet_client\\src\\cas_client\\retry_wrapper.rs","line_number":237}
{"timestamp":"2026-09-03T20:04:40.999976Z","level":"INFO","fields":{"message":"Completed get_reconstruction API call","call_id":16,"file_id":"668d1dbd1c38b39126b615cb826f7ff27ed48ad80734a07d82902f3ffccef4bf","bytes_range":"Some(Range { start: 1024000000, end: 2271064456 })","api_version":"v2"},"filename":"D:\\a\\xet-core\\xet-core\\xet_client\\src\\cas_client\\remote_client.rs","line_number":238}
{"timestamp":"2026-09-03T20:04:41.000064Z","level":"INFO","fields":{"message":"Retrieval URLs refreshed successfully","file_hash":"668d1dbd1c38b39126b615cb826f7ff27ed48ad80734a07d82902f3ffccef4bf","byte_range":"(1024000000, 2271064456)"},"filename":"D:\\a\\xet-core\\xet-core\\xet_data\\src\\file_reconstruction\\reconstruction_terms\\retrieval_urls.rs","line_number":128}
{"timestamp":"2026-09-03T20:04:41.000094Z","level":"INFO","fields":{"message":"Retry on 403 (Forbidden) enabled): \"s3::get_range\" api call failed (request id 01M1MDZ6XFJG821AD0YCG534W7): HTTP status client error (403 Forbidden) for url (https://us.aws.cdn.hf.co/xorbs/default/6ab9a029a2329c26e9ac7138d2b26c7fe1f2848453925200208401dfec069e66?repo_id=65b53851e602b6c2c96e78da&user_id=public&X-Xet-Session-Id=01a06885-c2ec-7523-915a-82a265a22d87&Expires=1788465819&Policy=eyJTdGF0ZW1lbnQiOlt7IlJlc291cmNlIjoiaHR0cHM6Ly91cy5hd3MuY2RuLmhmLmNvL3hvcmJzL2RlZmF1bHQvNmFiOWEwMjlhMjMyOWMyNmU5YWM3MTM4ZDJiMjZjN2ZlMWYyODQ4NDUzOTI1MjAwMjA4NDAxZGZlYzA2OWU2NlxcP3JlcG9faWQ9NjViNTM4NTFlNjAyYjZjMmM5NmU3OGRhJnVzZXJfaWQ9cHVibGljJlgtWGV0LVNlc3Npb24tSWQ9MDFhMDY4ODUtYzJlYy03NTIzLTkxNWEtODJhMjY1YTIyZDg3IiwiQ29uZGl0aW9uIjp7IkRhdGVMZXNzVGhhbiI6eyJFcG9jaFRpbWUiOjE3ODg0NjU4MTl9LCJCeXRlUmFuZ2UiOnsiRXhwZWN0ZWRIZWFkZXIiOiJieXRlcz0wLTM4OTI5MDgwIn19fV19&Signature=MEUCIQDMhDion6xmkB-WjQggE%7EdiBEqFHluoHY1wE23ZL0LIuwIgRTY5s1xnVn7l50OfzIjQ9%7EyGK0mFJKQstSNMvxqcYOs_&Key-Pair-Id=01KXEF4KZ1B6FV465MAWR4M21F)"},"filename":"D:\\a\\xet-core\\xet-core\\xet_client\\src\\cas_client\\retry_wrapper.rs","line_number":189}
{"timestamp":"2026-09-03T20:04:41.000112Z","level":"INFO","fields":{"message":"Concurrency control for download: Decreased concurrency from 1 to 1; reason: transfer failed (success_ratio = 1.000, threshold = 0.500)"},"filename":"D:\\a\\xet-core\\xet-core\\xet_client\\src\\cas_client\\adaptive_concurrency\\controller.rs","line_number":586}
{"timestamp":"2026-09-03T20:04:43.434143Z","level":"INFO","fields":{"message":"Received CAS response","request_id":"01M1MDZAAJ6ECJNJPXWK5Z9SG1","status_code":206},"filename":"D:\\a\\xet-core\\xet-core\\xet_client\\src\\common\\http_client.rs","line_number":288}
{"timestamp":"2026-09-03T20:04:43.434183Z","level":"INFO","fields":{"message":"Request Success: s3::get_range api call succeeded (request id 01M1MDZAAJ6ECJNJPXWK5Z9SG1, retry 1)."},"filename":"D:\\a\\xet-core\\xet-core\\xet_client\\src\\cas_client\\retry_wrapper.rs","line_number":237}
{"timestamp":"2026-09-03T20:04:43.521380Z","level":"INFO","fields":{"message":"Concurrency control for download: Current concurrency = 1; predicted bandwidth = 750062; success_ratio = 1.000; reference_size = 61.0MB; observed bytes sent so far = 3001185330; completed transmissions = 82"},"filename":"D:\\a\\xet-core\\xet-core\\xet_client\\src\\cas_client\\adaptive_concurrency\\controller.rs","line_number":602}
{"timestamp":"2026-09-03T20:04:53.706361Z","level":"INFO","fields":{"message":"Concurrency control for download: Current concurrency = 1; predicted bandwidth = 625981; success_ratio = 1.000; reference_size = 61.0MB; observed bytes sent so far = 3007607858; completed transmissions = 82"},"filename":"D:\\a\\xet-core\\xet-core\\xet_client\\src\\cas_client\\adaptive_concurrency\\controller.rs","line_number":602}
{"timestamp":"2026-09-03T20:05:03.774361Z","level":"INFO","fields":{"message":"Concurrency control for download: Current concurrency = 1; predicted bandwidth = 635469; success_ratio = 1.000; reference_size = 61.0MB; observed bytes sent so far = 3015013426; completed transmissions = 82"},"filename":"D:\\a\\xet-core\\xet-core\\xet_client\\src\\cas_client\\adaptive_concurrency\\controller.rs","line_number":602}
{"timestamp":"2026-09-03T20:05:13.984362Z","level":"INFO","fields":{"message":"Concurrency control for download: Current concurrency = 1; predicted bandwidth = 716715; success_ratio = 1.000; reference_size = 61.0MB; observed bytes sent so far = 3023172658; completed transmissions = 82"},"filename":"D:\\a\\xet-core\\xet-core\\xet_client\\src\\cas_client\\adaptive_concurrency\\controller.rs","line_number":602}
{"timestamp":"2026-09-03T20:05:24.206686Z","level":"INFO","fields":{"message":"Concurrency control for download: Current concurrency = 1; predicted bandwidth = 871814; success_ratio = 1.000; reference_size = 61.0MB; observed bytes sent so far = 3031282738; completed transmissions = 82"},"filename":"D:\\a\\xet-core\\xet-core\\xet_client\\src\\cas_client\\adaptive_concurrency\\controller.rs","line_number":602}
{"timestamp":"2026-09-03T20:05:34.354028Z","level":"INFO","fields":{"message":"Concurrency control for download: Current concurrency = 1; predicted bandwidth = 1015947; success_ratio = 1.000; reference_size = 61.0MB; observed bytes sent so far = 3037885490; completed transmissions = 82"},"filename":"D:\\a\\xet-core\\xet-core\\xet_client\\src\\cas_client\\adaptive_concurrency\\controller.rs","line_number":602}
{"timestamp":"2026-09-03T20:05:37.099559Z","level":"INFO","fields":{"message":"Retry strategy","retry":"RetryWrapper { max_attempts: 5, base_delay: 3s, max_duration: 360s, no_retry_on_429: false, retry_on_403: true, expected_416: false, expected_404: false, log_errors_as_info: false, api_tag: \"s3::get_range\", has_connection_permit: true }"},"filename":"D:\\a\\xet-core\\xet-core\\xet_client\\src\\cas_client\\retry_wrapper.rs","line_number":274}
{"timestamp":"2026-09-03T20:05:37.161241Z","level":"INFO","fields":{"message":"File reconstruction completed successfully","file_hash":"668d1dbd1c38b39126b615cb826f7ff27ed48ad80734a07d82902f3ffccef4bf","block_count":4,"total_terms_processed":37,"total_bytes_scheduled":2271064456},"filename":"D:\\a\\xet-core\\xet-core\\xet_data\\src\\file_reconstruction\\run_state.rs","line_number":150}
{"timestamp":"2026-09-03T20:05:37.382380Z","level":"INFO","fields":{"message":"Received CAS response","request_id":"01M1ME0Z101W47ZY9YX6H7QSPB","status_code":403},"filename":"D:\\a\\xet-core\\xet-core\\xet_client\\src\\common\\http_client.rs","line_number":288}
{"timestamp":"2026-09-03T20:05:37.382414Z","level":"INFO","fields":{"message":"Refreshing expired retrieval URLs","file_hash":"8b03b9e079abc849bdd27d0942fa6a77f9e7836db188512be97e4b3d52f415a8","byte_range":"(0, 5069051)","url_count":1},"filename":"D:\\a\\xet-core\\xet-core\\xet_data\\src\\file_reconstruction\\reconstruction_terms\\retrieval_urls.rs","line_number":91}
{"timestamp":"2026-09-03T20:05:37.382434Z","level":"INFO","fields":{"message":"Starting get_reconstruction API call","call_id":17,"file_id":"8b03b9e079abc849bdd27d0942fa6a77f9e7836db188512be97e4b3d52f415a8","bytes_range":"Some(Range { start: 0, end: 5069051 })","api_version":"v2"},"filename":"D:\\a\\xet-core\\xet-core\\xet_client\\src\\cas_client\\remote_client.rs","line_number":214}
{"timestamp":"2026-09-03T20:05:37.382443Z","level":"INFO","fields":{"message":"Retry strategy","retry":"RetryWrapper { max_attempts: 5, base_delay: 3s, max_duration: 360s, no_retry_on_429: false, retry_on_403: false, expected_416: true, expected_404: false, log_errors_as_info: false, api_tag: \"cas::get_reconstruction_v2\", has_connection_permit: false }"},"filename":"D:\\a\\xet-core\\xet-core\\xet_client\\src\\cas_client\\retry_wrapper.rs","line_number":274}
{"timestamp":"2026-09-03T20:05:37.382461Z","level":"INFO","fields":{"message":"Retry strategy","retry":"RetryWrapper { max_attempts: 5, base_delay: 3s, max_duration: 360s, no_retry_on_429: false, retry_on_403: false, expected_416: false, expected_404: false, log_errors_as_info: false, api_tag: \"xet-token\", has_connection_permit: false }"},"filename":"D:\\a\\xet-core\\xet-core\\xet_client\\src\\cas_client\\retry_wrapper.rs","line_number":274}
{"timestamp":"2026-09-03T20:05:37.651720Z","level":"INFO","fields":{"message":"Received CAS response","request_id":"Root=1-6a99d311-1ff8c0f90a5946a079490455","status_code":200},"filename":"D:\\a\\xet-core\\xet-core\\xet_client\\src\\common\\http_client.rs","line_number":288}
{"timestamp":"2026-09-03T20:05:37.651761Z","level":"INFO","fields":{"message":"Request Success: xet-token api call succeeded (request id Root=1-6a99d311-1ff8c0f90a5946a079490455)."},"filename":"D:\\a\\xet-core\\xet-core\\xet_client\\src\\cas_client\\retry_wrapper.rs","line_number":237}
{"timestamp":"2026-09-03T20:05:37.651788Z","level":"INFO","fields":{"message":"Token refreshed","new_expiry":1788466837},"filename":"D:\\a\\xet-core\\xet-core\\xet_client\\src\\cas_client\\auth.rs","line_number":208}
{"timestamp":"2026-09-03T20:05:38.381925Z","level":"INFO","fields":{"message":"Received CAS response","request_id":"01M1ME0ZSTTC8HBC5TM8589X19","status_code":200},"filename":"D:\\a\\xet-core\\xet-core\\xet_client\\src\\common\\http_client.rs","line_number":288}
{"timestamp":"2026-09-03T20:05:38.381945Z","level":"INFO","fields":{"message":"Request Success: cas::get_reconstruction_v2 api call succeeded (request id 01M1ME0ZSTTC8HBC5TM8589X19)."},"filename":"D:\\a\\xet-core\\xet-core\\xet_client\\src\\cas_client\\retry_wrapper.rs","line_number":237}
{"timestamp":"2026-09-03T20:05:38.381966Z","level":"INFO","fields":{"message":"Completed get_reconstruction API call","call_id":17,"file_id":"8b03b9e079abc849bdd27d0942fa6a77f9e7836db188512be97e4b3d52f415a8","bytes_range":"Some(Range { start: 0, end: 5069051 })","api_version":"v2"},"filename":"D:\\a\\xet-core\\xet-core\\xet_client\\src\\cas_client\\remote_client.rs","line_number":238}
{"timestamp":"2026-09-03T20:05:38.381978Z","level":"INFO","fields":{"message":"Retrieval URLs refreshed successfully","file_hash":"8b03b9e079abc849bdd27d0942fa6a77f9e7836db188512be97e4b3d52f415a8","byte_range":"(0, 5069051)"},"filename":"D:\\a\\xet-core\\xet-core\\xet_data\\src\\file_reconstruction\\reconstruction_terms\\retrieval_urls.rs","line_number":128}
{"timestamp":"2026-09-03T20:05:38.381992Z","level":"INFO","fields":{"message":"Retry on 403 (Forbidden) enabled): \"s3::get_range\" api call failed (request id 01M1ME0Z101W47ZY9YX6H7QSPB): HTTP status client error (403 Forbidden) for url (https://us.aws.cdn.hf.co/xorbs/default/3e480de860467a240f87b05c08652a997564b131db82840c46b41cb6e82eefca?repo_id=65b53851e602b6c2c96e78da&X-Xet-Session-Id=01a06885-c2ec-7523-915a-82a265a22d87&user_id=public&Expires=1788465820&Policy=eyJTdGF0ZW1lbnQiOlt7IlJlc291cmNlIjoiaHR0cHM6Ly91cy5hd3MuY2RuLmhmLmNvL3hvcmJzL2RlZmF1bHQvM2U0ODBkZTg2MDQ2N2EyNDBmODdiMDVjMDg2NTJhOTk3NTY0YjEzMWRiODI4NDBjNDZiNDFjYjZlODJlZWZjYVxcP3JlcG9faWQ9NjViNTM4NTFlNjAyYjZjMmM5NmU3OGRhJlgtWGV0LVNlc3Npb24tSWQ9MDFhMDY4ODUtYzJlYy03NTIzLTkxNWEtODJhMjY1YTIyZDg3JnVzZXJfaWQ9cHVibGljIiwiQ29uZGl0aW9uIjp7IkRhdGVMZXNzVGhhbiI6eyJFcG9jaFRpbWUiOjE3ODg0NjU4MjB9LCJCeXRlUmFuZ2UiOnsiRXhwZWN0ZWRIZWFkZXIiOiJieXRlcz0xNDA5NTk4NS0xNzcxNzE5NSJ9fX1dfQ__&Signature=MEUCIQDxjrT-rH75yh5YnZhwDn2pfPLh%7EznN6oSlCcRnOZq96AIgIiJO1O9CYwBACtfo1NYsBN3p177-zl5wzwL7l1PpTtU_&Key-Pair-Id=01KXEF4KZ1B6FV465MAWR4M21F)"},"filename":"D:\\a\\xet-core\\xet-core\\xet_client\\src\\cas_client\\retry_wrapper.rs","line_number":189}
{"timestamp":"2026-09-03T20:05:38.382002Z","level":"INFO","fields":{"message":"Concurrency control for download: Decreased concurrency from 1 to 1; reason: transfer failed (success_ratio = 1.000, threshold = 0.500)"},"filename":"D:\\a\\xet-core\\xet-core\\xet_client\\src\\cas_client\\adaptive_concurrency\\controller.rs","line_number":586}
{"timestamp":"2026-09-03T20:05:38.550612Z","level":"INFO","fields":{"message":"Received CAS response","request_id":"01M1ME104VFPQMMSPS6HVMKVP3","status_code":206},"filename":"D:\\a\\xet-core\\xet-core\\xet_client\\src\\common\\http_client.rs","line_number":288}
{"timestamp":"2026-09-03T20:05:38.550652Z","level":"INFO","fields":{"message":"Request Success: s3::get_range api call succeeded (request id 01M1ME104VFPQMMSPS6HVMKVP3, retry 1)."},"filename":"D:\\a\\xet-core\\xet-core\\xet_client\\src\\cas_client\\retry_wrapper.rs","line_number":237}
{"timestamp":"2026-09-03T20:05:42.409274Z","level":"INFO","fields":{"message":"File reconstruction completed successfully","file_hash":"8b03b9e079abc849bdd27d0942fa6a77f9e7836db188512be97e4b3d52f415a8","block_count":1,"total_terms_processed":1,"total_bytes_scheduled":5069051},"filename":"D:\\a\\xet-core\\xet-core\\xet_data\\src\\file_reconstruction\\run_state.rs","line_number":150}
{"timestamp":"2026-09-03T20:05:42.760218Z","level":"INFO","fields":{"message":"CAS auth disabled","caller":"D:\\a\\xet-core\\xet-core\\xet_client\\src\\common\\http_client.rs:166"},"filename":"D:\\a\\xet-core\\xet-core\\xet_runtime\\src\\error_printer\\mod.rs","line_number":198}
{"timestamp":"2026-09-03T20:05:42.760324Z","level":"INFO","fields":{"message":"HTTP client configured","idle_timeout":"60s","max_idle_connections":16,"custom_headers":"Some({\"user-agent\": \"unknown/None; hf_hub/1.28.0; python/3.14.4; torch/2.13.0; transformers/5.15.1; session_id/a510478dc13440e4a5ecd9ff7f8ee20d; file_type/tokenizer; from_auto_class/True\"})"},"filename":"D:\\a\\xet-core\\xet-core\\xet_client\\src\\common\\http_client.rs","line_number":187}
{"timestamp":"2026-09-03T20:05:42.760333Z","level":"INFO","fields":{"message":"Retry strategy","retry":"RetryWrapper { max_attempts: 5, base_delay: 3s, max_duration: 360s, no_retry_on_429: false, retry_on_403: false, expected_416: false, expected_404: false, log_errors_as_info: false, api_tag: \"xet-token\", has_connection_permit: false }"},"filename":"D:\\a\\xet-core\\xet-core\\xet_client\\src\\cas_client\\retry_wrapper.rs","line_number":274}
{"timestamp":"2026-09-03T20:05:43.068337Z","level":"INFO","fields":{"message":"Received CAS response","request_id":"Root=1-6a99d317-3ffab197243a9cf91ab359ec","status_code":200},"filename":"D:\\a\\xet-core\\xet-core\\xet_client\\src\\common\\http_client.rs","line_number":288}
{"timestamp":"2026-09-03T20:05:43.068376Z","level":"INFO","fields":{"message":"Request Success: xet-token api call succeeded (request id Root=1-6a99d317-3ffab197243a9cf91ab359ec)."},"filename":"D:\\a\\xet-core\\xet-core\\xet_client\\src\\cas_client\\retry_wrapper.rs","line_number":237}
{"timestamp":"2026-09-03T20:05:43.069400Z","level":"INFO","fields":{"message":"TranslatorConfig initialized","endpoint":"https://cas-server.xethub.hf.co","session_id":"Some(\"01a068e0-921c-7cc3-b140-0bd9c43599cf\")","shard_cache":"C:\\Users\\pc\\Desktop\\telnet-support-bot\\models_cache\\xet\\https___cas_serv-tGqkUaZf_CBPHQ6h\\shard-cache","shard_session":"C:\\Users\\pc\\Desktop\\telnet-support-bot\\models_cache\\xet\\https___cas_serv-tGqkUaZf_CBPHQ6h\\staging\\shard-session"},"filename":"D:\\a\\xet-core\\xet-core\\xet_data\\src\\processing\\configurations.rs","line_number":127}
{"timestamp":"2026-09-03T20:05:43.069501Z","level":"INFO","fields":{"message":"HTTP client configured","idle_timeout":"60s","max_idle_connections":16,"custom_headers":"Some({\"user-agent\": \"unknown/None; hf_hub/1.28.0; python/3.14.4; torch/2.13.0; transformers/5.15.1; session_id/a510478dc13440e4a5ecd9ff7f8ee20d; file_type/tokenizer; from_auto_class/True; hf_xet/1.6.0\"})"},"filename":"D:\\a\\xet-core\\xet-core\\xet_client\\src\\common\\http_client.rs","line_number":187}
{"timestamp":"2026-09-03T20:05:43.069511Z","level":"INFO","fields":{"message":"CAS auth disabled","caller":"D:\\a\\xet-core\\xet-core\\xet_client\\src\\common\\http_client.rs:166"},"filename":"D:\\a\\xet-core\\xet-core\\xet_runtime\\src\\error_printer\\mod.rs","line_number":198}
{"timestamp":"2026-09-03T20:05:43.069515Z","level":"INFO","fields":{"message":"HTTP client configured","idle_timeout":"60s","max_idle_connections":16,"custom_headers":"Some({\"user-agent\": \"unknown/None; hf_hub/1.28.0; python/3.14.4; torch/2.13.0; transformers/5.15.1; session_id/a510478dc13440e4a5ecd9ff7f8ee20d; file_type/tokenizer; from_auto_class/True; hf_xet/1.6.0\"})"},"filename":"D:\\a\\xet-core\\xet-core\\xet_client\\src\\common\\http_client.rs","line_number":187}
{"timestamp":"2026-09-03T20:05:43.069537Z","level":"INFO","fields":{"message":"No-read-timeout HTTP client configured (for shard uploads)","connect_timeout":"60s"},"filename":"D:\\a\\xet-core\\xet-core\\xet_client\\src\\common\\http_client.rs","line_number":136}
{"timestamp":"2026-09-03T20:05:43.069577Z","level":"INFO","fields":{"message":"New file download group, session_id=01a06885-c2ec-7523-915a-82a265a22d87, group_id=18"},"filename":"D:\\a\\xet-core\\xet-core\\xet_pkg\\src\\xet_session\\file_download_group.rs","line_number":61}
{"timestamp":"2026-09-03T20:05:43.069751Z","level":"INFO","fields":{"message":"Download file to path","group_id":"18","dest_path":"\"C:\\\\Users\\\\pc\\\\Desktop\\\\telnet-support-bot\\\\models_cache\\\\models--BAAI--bge-m3\\\\blobs\\\\21106b6d7dab2952c1d496fb21d5dc9db75c28ed361a05f5020bbba27810dd08.4c00385f.incomplete\"","hash":"cdfc491bf5688aac5406092735a63d64decbc5e6e7b9b614bedb73aad514d404"},"filename":"D:\\a\\xet-core\\xet-core\\xet_pkg\\src\\xet_session\\file_download_group.rs","line_number":287}
{"timestamp":"2026-09-03T20:05:43.069821Z","level":"INFO","fields":{"message":"Reconstructing file to disk","file_hash":"cdfc491bf5688aac5406092735a63d64decbc5e6e7b9b614bedb73aad514d404","byte_range":"None","path":"C:\\Users\\pc\\Desktop\\telnet-support-bot\\models_cache\\models--BAAI--bge-m3\\blobs\\21106b6d7dab2952c1d496fb21d5dc9db75c28ed361a05f5020bbba27810dd08.4c00385f.incomplete","write_offset":"None"},"filename":"D:\\a\\xet-core\\xet-core\\xet_data\\src\\file_reconstruction\\file_reconstructor.rs","line_number":126}
{"timestamp":"2026-09-03T20:05:43.070282Z","level":"INFO","fields":{"message":"Scheduling prefetch block","file_hash":"cdfc491bf5688aac5406092735a63d64decbc5e6e7b9b614bedb73aad514d404","prefetch_range":"(0, 256000000)","requested_block_size":256000000,"actual_block_size":256000000,"queue_depth":1},"filename":"D:\\a\\xet-core\\xet-core\\xet_data\\src\\file_reconstruction\\reconstruction_terms\\manager.rs","line_number":277}
{"timestamp":"2026-09-03T20:05:43.070296Z","level":"INFO","fields":{"message":"Scheduling prefetch block","file_hash":"cdfc491bf5688aac5406092735a63d64decbc5e6e7b9b614bedb73aad514d404","prefetch_range":"(256000000, 768000000)","requested_block_size":512000000,"actual_block_size":512000000,"queue_depth":2},"filename":"D:\\a\\xet-core\\xet-core\\xet_data\\src\\file_reconstruction\\reconstruction_terms\\manager.rs","line_number":277}
{"timestamp":"2026-09-03T20:05:43.070305Z","level":"INFO","fields":{"message":"Scheduling prefetch block","file_hash":"cdfc491bf5688aac5406092735a63d64decbc5e6e7b9b614bedb73aad514d404","prefetch_range":"(768000000, 1024000000)","requested_block_size":256000000,"actual_block_size":256000000,"queue_depth":3},"filename":"D:\\a\\xet-core\\xet-core\\xet_data\\src\\file_reconstruction\\reconstruction_terms\\manager.rs","line_number":277}
{"timestamp":"2026-09-03T20:05:43.070315Z","level":"INFO","fields":{"message":"Starting get_reconstruction API call","call_id":18,"file_id":"cdfc491bf5688aac5406092735a63d64decbc5e6e7b9b614bedb73aad514d404","bytes_range":"Some(Range { start: 768000000, end: 1024000000 })","api_version":"v2"},"filename":"D:\\a\\xet-core\\xet-core\\xet_client\\src\\cas_client\\remote_client.rs","line_number":214}
{"timestamp":"2026-09-03T20:05:43.070320Z","level":"INFO","fields":{"message":"Retry strategy","retry":"RetryWrapper { max_attempts: 5, base_delay: 3s, max_duration: 360s, no_retry_on_429: false, retry_on_403: false, expected_416: true, expected_404: false, log_errors_as_info: false, api_tag: \"cas::get_reconstruction_v2\", has_connection_permit: false }"},"filename":"D:\\a\\xet-core\\xet-core\\xet_client\\src\\cas_client\\retry_wrapper.rs","line_number":274}
{"timestamp":"2026-09-03T20:05:43.070390Z","level":"INFO","fields":{"message":"Starting get_reconstruction API call","call_id":20,"file_id":"cdfc491bf5688aac5406092735a63d64decbc5e6e7b9b614bedb73aad514d404","bytes_range":"Some(Range { start: 256000000, end: 768000000 })","api_version":"v2"},"filename":"D:\\a\\xet-core\\xet-core\\xet_client\\src\\cas_client\\remote_client.rs","line_number":214}
{"timestamp":"2026-09-03T20:05:43.070397Z","level":"INFO","fields":{"message":"Retry strategy","retry":"RetryWrapper { max_attempts: 5, base_delay: 3s, max_duration: 360s, no_retry_on_429: false, retry_on_403: false, expected_416: true, expected_404: false, log_errors_as_info: false, api_tag: \"cas::get_reconstruction_v2\", has_connection_permit: false }"},"filename":"D:\\a\\xet-core\\xet-core\\xet_client\\src\\cas_client\\retry_wrapper.rs","line_number":274}
{"timestamp":"2026-09-03T20:05:43.070384Z","level":"INFO","fields":{"message":"Starting get_reconstruction API call","call_id":19,"file_id":"cdfc491bf5688aac5406092735a63d64decbc5e6e7b9b614bedb73aad514d404","bytes_range":"Some(Range { start: 0, end: 256000000 })","api_version":"v2"},"filename":"D:\\a\\xet-core\\xet-core\\xet_client\\src\\cas_client\\remote_client.rs","line_number":214}
{"timestamp":"2026-09-03T20:05:43.070404Z","level":"INFO","fields":{"message":"Retry strategy","retry":"RetryWrapper { max_attempts: 5, base_delay: 3s, max_duration: 360s, no_retry_on_429: false, retry_on_403: false, expected_416: true, expected_404: false, log_errors_as_info: false, api_tag: \"cas::get_reconstruction_v2\", has_connection_permit: false }"},"filename":"D:\\a\\xet-core\\xet-core\\xet_client\\src\\cas_client\\retry_wrapper.rs","line_number":274}
{"timestamp":"2026-09-03T20:05:43.070635Z","level":"INFO","fields":{"message":"Download group finish","group_id":"18"},"filename":"D:\\a\\xet-core\\xet-core\\xet_pkg\\src\\xet_session\\file_download_group.rs","line_number":306}
{"timestamp":"2026-09-03T20:05:43.739508Z","level":"INFO","fields":{"message":"Received CAS response","request_id":"01M1ME156AVQF11G7ZMYP6R44D","status_code":416},"filename":"D:\\a\\xet-core\\xet-core\\xet_client\\src\\common\\http_client.rs","line_number":288}
{"timestamp":"2026-09-03T20:05:43.739558Z","level":"INFO","fields":{"message":"Reached end of reconstruction 416 (Range Not Satisfiable): \"cas::get_reconstruction_v2\" api call failed (request id 01M1ME156AVQF11G7ZMYP6R44D): HTTP status client error (416 Range Not Satisfiable) for url (https://cas-server.xethub.hf.co/v2/reconstructions/cdfc491bf5688aac5406092735a63d64decbc5e6e7b9b614bedb73aad514d404)"},"filename":"D:\\a\\xet-core\\xet-core\\xet_client\\src\\cas_client\\retry_wrapper.rs","line_number":189}
{"timestamp":"2026-09-03T20:05:43.775515Z","level":"INFO","fields":{"message":"Received CAS response","request_id":"01M1ME157KJ7Q15A5TH37MNQG0","status_code":416},"filename":"D:\\a\\xet-core\\xet-core\\xet_client\\src\\common\\http_client.rs","line_number":288}
{"timestamp":"2026-09-03T20:05:43.775558Z","level":"INFO","fields":{"message":"Reached end of reconstruction 416 (Range Not Satisfiable): \"cas::get_reconstruction_v2\" api call failed (request id 01M1ME157KJ7Q15A5TH37MNQG0): HTTP status client error (416 Range Not Satisfiable) for url (https://cas-server.xethub.hf.co/v2/reconstructions/cdfc491bf5688aac5406092735a63d64decbc5e6e7b9b614bedb73aad514d404)"},"filename":"D:\\a\\xet-core\\xet-core\\xet_client\\src\\cas_client\\retry_wrapper.rs","line_number":189}
{"timestamp":"2026-09-03T20:05:43.789446Z","level":"INFO","fields":{"message":"Received CAS response","request_id":"01M1ME156TQ13PHE4AC17R172G","status_code":200},"filename":"D:\\a\\xet-core\\xet-core\\xet_client\\src\\common\\http_client.rs","line_number":288}
{"timestamp":"2026-09-03T20:05:43.789475Z","level":"INFO","fields":{"message":"Request Success: cas::get_reconstruction_v2 api call succeeded (request id 01M1ME156TQ13PHE4AC17R172G)."},"filename":"D:\\a\\xet-core\\xet-core\\xet_client\\src\\cas_client\\retry_wrapper.rs","line_number":237}
{"timestamp":"2026-09-03T20:05:43.789511Z","level":"INFO","fields":{"message":"Completed get_reconstruction API call","call_id":19,"file_id":"cdfc491bf5688aac5406092735a63d64decbc5e6e7b9b614bedb73aad514d404","bytes_range":"Some(Range { start: 0, end: 256000000 })","api_version":"v2"},"filename":"D:\\a\\xet-core\\xet-core\\xet_client\\src\\cas_client\\remote_client.rs","line_number":238}
{"timestamp":"2026-09-03T20:05:43.789554Z","level":"INFO","fields":{"message":"Received block of file terms from prefetch queue","file_hash":"cdfc491bf5688aac5406092735a63d64decbc5e6e7b9b614bedb73aad514d404","domain":"us.aws.cdn.hf.co","block_start":0,"block_end":17098108,"block_size":1},"filename":"D:\\a\\xet-core\\xet-core\\xet_data\\src\\file_reconstruction\\reconstruction_terms\\manager.rs","line_number":156}
{"timestamp":"2026-09-03T20:05:43.789583Z","level":"INFO","fields":{"message":"Updated completion rate estimate based on previous block completion time (seconds).","file_hash":"cdfc491bf5688aac5406092735a63d64decbc5e6e7b9b614bedb73aad514d404","block_start":0,"block_end":17098108,"block_size":17098108,"completion_time":0.0000278},"filename":"D:\\a\\xet-core\\xet-core\\xet_data\\src\\file_reconstruction\\reconstruction_terms\\manager.rs","line_number":109}
{"timestamp":"2026-09-03T20:05:43.789592Z","level":"INFO","fields":{"message":"Completed prefetch queue; end of file reached.","file_hash":"cdfc491bf5688aac5406092735a63d64decbc5e6e7b9b614bedb73aad514d404","prefetched_byte_position":1024000000},"filename":"D:\\a\\xet-core\\xet-core\\xet_data\\src\\file_reconstruction\\reconstruction_terms\\manager.rs","line_number":183}
{"timestamp":"2026-09-03T20:05:43.789598Z","level":"INFO","fields":{"message":"All term blocks received and scheduled for writing","file_hash":"cdfc491bf5688aac5406092735a63d64decbc5e6e7b9b614bedb73aad514d404","block_count":1,"total_terms_processed":1,"total_bytes_scheduled":17098108},"filename":"D:\\a\\xet-core\\xet-core\\xet_data\\src\\file_reconstruction\\run_state.rs","line_number":150}
{"timestamp":"2026-09-03T20:05:43.789621Z","level":"INFO","fields":{"message":"Retry strategy","retry":"RetryWrapper { max_attempts: 5, base_delay: 3s, max_duration: 360s, no_retry_on_429: false, retry_on_403: true, expected_416: false, expected_404: false, log_errors_as_info: false, api_tag: \"s3::get_range\", has_connection_permit: true }"},"filename":"D:\\a\\xet-core\\xet-core\\xet_client\\src\\cas_client\\retry_wrapper.rs","line_number":274}
{"timestamp":"2026-09-03T20:05:44.018965Z","level":"INFO","fields":{"message":"Received CAS response","request_id":"01M1ME15G2QP41D8BBQCA713R8","status_code":206},"filename":"D:\\a\\xet-core\\xet-core\\xet_client\\src\\common\\http_client.rs","line_number":288}
{"timestamp":"2026-09-03T20:05:44.018985Z","level":"INFO","fields":{"message":"Request Success: s3::get_range api call succeeded (request id 01M1ME15G2QP41D8BBQCA713R8)."},"filename":"D:\\a\\xet-core\\xet-core\\xet_client\\src\\cas_client\\retry_wrapper.rs","line_number":237}
{"timestamp":"2026-09-03T20:05:44.463974Z","level":"INFO","fields":{"message":"Concurrency control for download: Current concurrency = 1; predicted bandwidth = 754431; success_ratio = 1.000; reference_size = 61.0MB; observed bytes sent so far = 3044208550; completed transmissions = 85"},"filename":"D:\\a\\xet-core\\xet-core\\xet_client\\src\\cas_client\\adaptive_concurrency\\controller.rs","line_number":602}
{"timestamp":"2026-09-03T20:05:50.732344Z","level":"INFO","fields":{"message":"File reconstruction completed successfully","file_hash":"cdfc491bf5688aac5406092735a63d64decbc5e6e7b9b614bedb73aad514d404","block_count":1,"total_terms_processed":1,"total_bytes_scheduled":17098108},"filename":"D:\\a\\xet-core\\xet-core\\xet_data\\src\\file_reconstruction\\run_state.rs","line_number":150}
